date,NhietDo,DoAm,ApSuat,Gio,HuongGio,BienDoNhiet,Rain_Flood_Risk
2020-01-01,Mat,BinhThuong,Cao,Manh,DongBac,Rong,0
2020-01-02,Mat,BinhThuong,Cao,Manh,DongBac,Rong,0
2020-01-03,Mat,BinhThuong,Cao,Yeu,DongBac,Rong,0
2020-01-04,Mat,BinhThuong,TB,Yeu,Khac,Rong,0
2020-01-05,Mat,BinhThuong,TB,Yeu,Khac,Rong,0
2020-01-06,Mat,BinhThuong,TB,Manh,DongBac,Rong,0
2020-01-07,Mat,BinhThuong,TB,Yeu,Khac,Rong,0
2020-01-08,Mat,BinhThuong,TB,Yeu,Khac,Rong,0
2020-01-09,Mat,BinhThuong,TB,Yeu,Khac,Rong,0
2020-01-10,Mat,BinhThuong,TB,Manh,DongBac,Rong,0
2020-01-11,Mat,BinhThuong,TB,Manh,TayNam,Rong,0
2020-01-12,Mat,BinhThuong,TB,Manh,Khac,Hep,0
2020-01-13,Mat,BinhThuong,TB,Manh,DongBac,Rong,0
2020-01-14,Mat,BinhThuong,TB,Manh,Khac,Rong,0
2020-01-15,Mat,BinhThuong,TB,Manh,Khac,Rong,0
2020-01-16,Mat,BinhThuong,TB,Manh,Khac,Rong,0
2020-01-17,Mat,BinhThuong,TB,Manh,Khac,Rong,0
2020-01-18,Mat,BinhThuong,TB,Manh,Khac,Rong,0
2020-01-19,Mat,BinhThuong,TB,Manh,Khac,Rong,0
2020-01-20,Mat,BinhThuong,TB,Manh,Khac,Rong,0
2020-01-21,Mat,BinhThuong,Cao,Manh,Khac,Rong,0
2020-01-22,Mat,BinhThuong,Cao,Manh,Khac,Rong,0
2020-01-23,Mat,BinhThuong,TB,Manh,Khac,Rong,0
2020-01-24,Mat,BinhThuong,TB,Manh,Khac,Rong,0
2020-01-25,Mat,BinhThuong,TB,Manh,Khac,Rong,0
2020-01-26,Mat,BinhThuong,TB,Manh,Khac,Rong,0
2020-01-27,Mat,BinhThuong,TB,Manh,Khac,Rong,0
2020-01-28,Mat,BinhThuong,TB,Manh,Khac,Rong,0
2020-01-29,Mat,BinhThuong,TB,Manh,Khac,Rong,0
2020-01-30,Mat,BinhThuong,TB,Manh,Khac,Rong,0
2020-01-31,Mat,BinhThuong,TB,Manh,Khac,Rong,0
2020-02-01,Mat,BinhThuong,Cao,Manh,Khac,Rong,0
2020-02-02,Mat,BinhThuong,Cao,Manh,Khac,Rong,0
2020-02-03,Mat,BinhThuong,Cao,Manh,Khac,Rong,0
2020-02-04,Mat,BinhThuong,TB,Manh,Khac,Rong,0
2020-02-05,Mat,BinhThuong,TB,Manh,Khac,Rong,0
2020-02-06,Mat,BinhThuong,Cao,Manh,Khac,Rong,0
2020-02-07,Mat,BinhThuong,Cao,Manh,Khac,Rong,0
2020-02-08,Mat,BinhThuong,Cao,Yeu,Khac,Rong,0
2020-02-09,Mat,BinhThuong,Cao,Manh,DongBac,Hep,0
2020-02-10,Mat,BinhThuong,Cao,Yeu,DongBac,Rong,0
2020-02-11,Mat,BinhThuong,Cao,Manh,Khac,Rong,0
2020-02-12,Mat,BinhThuong,Cao,Manh,Khac,Rong,0
2020-02-13,Mat,BinhThuong,TB,Manh,Khac,Rong,0
2020-02-14,Mat,BinhThuong,TB,Manh,Khac,Rong,0
2020-02-15,Mat,BinhThuong,TB,Manh,Khac,Rong,0
2020-02-16,Mat,BinhThuong,TB,Manh,Khac,Rong,0
2020-02-17,Mat,BinhThuong,Cao,Manh,Khac,Rong,0
2020-02-18,Mat,BinhThuong,Cao,Manh,Khac,Rong,0
2020-02-19,Mat,BinhThuong,Cao,Manh,Khac,Rong,0
2020-02-20,Mat,BinhThuong,Cao,Manh,Khac,Rong,0
2020-02-21,Mat,BinhThuong,Cao,Manh,DongBac,Rong,0
2020-02-22,Mat,BinhThuong,Cao,Manh,DongBac,Rong,0
2020-02-23,Mat,BinhThuong,Cao,Manh,DongBac,Rong,0
2020-02-24,Mat,BinhThuong,TB,Manh,Khac,Rong,0
2020-02-25,Mat,BinhThuong,TB,Manh,Khac,Rong,0
2020-02-26,Mat,BinhThuong,TB,Manh,Khac,Rong,0
2020-02-27,Mat,BinhThuong,TB,Manh,Khac,Rong,0
2020-02-28,Mat,BinhThuong,TB,Manh,Khac,Rong,0
2020-02-29,Mat,BinhThuong,TB,Manh,Khac,Rong,0
2020-03-01,Mat,BinhThuong,TB,Manh,Khac,Rong,0
2020-03-02,Mat,BinhThuong,TB,Manh,Khac,Rong,0
2020-03-03,Mat,BinhThuong,TB,Manh,Khac,Rong,0
2020-03-04,Mat,BinhThuong,TB,Manh,Khac,Rong,0
2020-03-05,Mat,BinhThuong,TB,Manh,Khac,Rong,0
2020-03-06,Mat,BinhThuong,TB,Manh,Khac,Rong,0
2020-03-07,Mat,BinhThuong,TB,Manh,Khac,Rong,0
2020-03-08,Mat,BinhThuong,TB,Manh,Khac,Rong,0
2020-03-09,Mat,BinhThuong,Thap,Yeu,Khac,Rong,0
2020-03-10,Mat,BinhThuong,TB,Manh,Khac,Rong,0
2020-03-11,Mat,BinhThuong,TB,Manh,Khac,Hep,0
2020-03-12,Mat,BinhThuong,TB,Manh,Khac,Rong,0
2020-03-13,Mat,BinhThuong,TB,Manh,Khac,Rong,0
2020-03-14,Mat,BinhThuong,TB,Manh,Khac,Rong,0
2020-03-15,Mat,BinhThuong,TB,Manh,Khac,Rong,0
2020-03-16,Mat,BinhThuong,TB,Manh,Khac,Rong,0
2020-03-17,Mat,BinhThuong,TB,Manh,Khac,Rong,0
2020-03-18,Mat,BinhThuong,TB,Manh,Khac,Rong,0
2020-03-19,Mat,BinhThuong,TB,Manh,Khac,Rong,0
2020-03-20,Mat,BinhThuong,TB,Manh,Khac,Rong,0
2020-03-21,Mat,BinhThuong,TB,Manh,Khac,Rong,0
2020-03-22,Mat,BinhThuong,TB,Manh,Khac,Rong,0
2020-03-23,Mat,BinhThuong,TB,Manh,Khac,Rong,0
2020-03-24,Mat,BinhThuong,TB,Manh,Khac,Rong,0
2020-03-25,Mat,BinhThuong,Thap,Manh,Khac,Rong,0
2020-03-26,Mat,BinhThuong,TB,Manh,Khac,Rong,0
2020-03-27,Mat,BinhThuong,TB,Manh,Khac,Rong,0
2020-03-28,Mat,BinhThuong,TB,Manh,Khac,Rong,0
2020-03-29,Mat,BinhThuong,TB,Manh,Khac,Rong,0
2020-03-30,Mat,BinhThuong,TB,Manh,Khac,Rong,0
2020-03-31,Mat,BinhThuong,TB,Manh,Khac,Rong,0
2020-04-01,Mat,BinhThuong,TB,Manh,Khac,Rong,0
2020-04-02,Nong,BinhThuong,TB,Manh,Khac,Rong,0
2020-04-03,Nong,BinhThuong,TB,Manh,Khac,Rong,0
2020-04-04,Nong,BinhThuong,TB,Manh,Khac,Rong,0
2020-04-05,Nong,BinhThuong,TB,Manh,Khac,Rong,0
2020-04-06,Nong,BinhThuong,TB,Manh,Khac,Rong,0
2020-04-07,Nong,BinhThuong,TB,Manh,Khac,Rong,0
2020-04-08,Mat,BinhThuong,TB,Manh,Khac,Hep,0
2020-04-09,Mat,Cao,TB,Yeu,Khac,Hep,0
2020-04-10,Mat,Cao,TB,Yeu,Khac,Hep,0
2020-04-11,Mat,Cao,TB,Manh,Khac,Hep,0
2020-04-12,Mat,Cao,TB,Manh,Khac,Hep,0
2020-04-13,Mat,Cao,TB,Manh,DongBac,Hep,0
2020-04-14,Mat,Cao,TB,Yeu,DongBac,Rong,0
2020-04-15,Mat,Cao,TB,Manh,DongBac,Hep,0
2020-04-16,Mat,BinhThuong,TB,Manh,Khac,Rong,0
2020-04-17,Mat,BinhThuong,TB,Manh,Khac,Rong,0
2020-04-18,Mat,Cao,TB,Manh,Khac,Rong,0
2020-04-19,Mat,Cao,TB,Manh,Khac,Rong,0
2020-04-20,Mat,Cao,TB,Manh,Khac,Rong,0
2020-04-21,Mat,Cao,TB,Manh,Khac,Rong,0
2020-04-22,Mat,Cao,TB,Manh,Khac,Rong,0
2020-04-23,Nong,BinhThuong,TB,Manh,Khac,Rong,0
2020-04-24,Mat,BinhThuong,TB,Manh,Khac,Rong,0
2020-04-25,Mat,BinhThuong,TB,Manh,Khac,Rong,0
2020-04-26,Mat,BinhThuong,TB,Manh,DongBac,Rong,0
2020-04-27,Mat,Cao,TB,Yeu,TayNam,Rong,0
2020-04-28,Mat,BinhThuong,TB,Manh,Khac,Rong,0
2020-04-29,Mat,BinhThuong,TB,Manh,Khac,Rong,0
2020-04-30,Nong,BinhThuong,TB,Manh,Khac,Rong,0
2020-05-01,Nong,BinhThuong,TB,Manh,Khac,Rong,0
2020-05-02,Mat,BinhThuong,Thap,Manh,Khac,Rong,0
2020-05-03,Nong,BinhThuong,Thap,Manh,Khac,Rong,0
2020-05-04,Nong,BinhThuong,TB,Manh,Khac,Rong,0
2020-05-05,Nong,BinhThuong,Thap,Manh,Khac,Rong,0
2020-05-06,Nong,BinhThuong,Thap,Manh,Khac,Rong,0
2020-05-07,Nong,BinhThuong,Thap,Manh,Khac,Rong,0
2020-05-08,Nong,BinhThuong,Thap,Manh,Khac,Rong,0
2020-05-09,Nong,BinhThuong,Thap,Manh,Khac,Rong,0
2020-05-10,Nong,BinhThuong,Thap,Manh,Khac,Rong,0
2020-05-11,Nong,BinhThuong,TB,Manh,Khac,Rong,0
2020-05-12,Nong,BinhThuong,TB,Manh,Khac,Rong,0
2020-05-13,Nong,BinhThuong,Thap,Manh,Khac,Rong,0
2020-05-14,Nong,BinhThuong,Thap,Manh,Khac,Rong,0
2020-05-15,Nong,BinhThuong,Thap,Manh,Khac,Hep,0
2020-05-16,Nong,BinhThuong,Thap,Yeu,Khac,Rong,0
2020-05-17,Mat,BinhThuong,Thap,Yeu,Khac,Hep,0
2020-05-18,Nong,BinhThuong,Thap,Yeu,Khac,Rong,0
2020-05-19,Mat,Cao,Thap,Manh,TayNam,Rong,1
2020-05-20,Mat,Cao,Thap,Yeu,Khac,Hep,1
2020-05-21,Mat,Cao,Thap,Manh,TayNam,Rong,0
2020-05-22,Mat,Cao,Thap,Yeu,TayNam,Hep,0
2020-05-23,Mat,Cao,Thap,Yeu,TayNam,Hep,0
2020-05-24,Mat,Cao,TB,Manh,Khac,Hep,0
2020-05-25,Mat,Cao,TB,Yeu,Khac,Hep,0
2020-05-26,Nong,BinhThuong,TB,Yeu,TayNam,Rong,0
2020-05-27,Mat,Cao,TB,Yeu,TayNam,Rong,1
2020-05-28,Mat,Cao,TB,Yeu,Khac,Rong,1
2020-05-29,Mat,Cao,TB,Manh,Khac,Hep,0
2020-05-30,Mat,Cao,TB,Yeu,Khac,Hep,1
2020-05-31,Mat,Cao,TB,Yeu,Khac,Hep,0
2020-06-01,Mat,Cao,TB,Yeu,Khac,Hep,0
2020-06-02,Mat,Cao,TB,Yeu,Khac,Hep,1
2020-06-03,Mat,Cao,TB,Yeu,Khac,Rong,1
2020-06-04,Mat,Cao,TB,Manh,Khac,Hep,0
2020-06-05,Mat,Cao,TB,Yeu,TayNam,Rong,1
2020-06-06,Mat,Cao,TB,Yeu,TayNam,Hep,0
2020-06-07,Mat,Cao,Thap,Yeu,TayNam,Rong,0
2020-06-08,Mat,Cao,Thap,Yeu,TayNam,Hep,0
2020-06-09,Mat,Cao,Thap,Yeu,TayNam,Hep,0
2020-06-10,Mat,Cao,TB,Yeu,Khac,Hep,1
2020-06-11,Mat,Cao,Thap,Yeu,TayNam,Hep,0
2020-06-12,Mat,Cao,Thap,Yeu,TayNam,Hep,0
2020-06-13,Mat,Cao,Thap,Manh,TayNam,Rong,1
2020-06-14,Mat,Cao,Thap,Manh,TayNam,Hep,1
2020-06-15,Mat,Cao,TB,Manh,Khac,Hep,0
2020-06-16,Mat,Cao,TB,Manh,Khac,Hep,1
2020-06-17,Mat,Cao,TB,Yeu,Khac,Rong,0
2020-06-18,Mat,Cao,TB,Yeu,Khac,Rong,0
2020-06-19,Mat,Cao,Thap,Yeu,TayNam,Hep,0
2020-06-20,Mat,Cao,Thap,Yeu,Khac,Hep,1
2020-06-21,Mat,Cao,Thap,Yeu,TayNam,Hep,0
2020-06-22,Mat,Cao,Thap,Yeu,Khac,Hep,0
2020-06-23,Mat,Cao,Thap,Yeu,TayNam,Rong,0
2020-06-24,Mat,Cao,Thap,Yeu,Khac,Rong,1
2020-06-25,Mat,Cao,Thap,Yeu,Khac,Hep,0
2020-06-26,Mat,Cao,Thap,Yeu,TayNam,Rong,1
2020-06-27,Mat,Cao,Thap,Yeu,TayNam,Hep,0
2020-06-28,Mat,Cao,TB,Manh,TayNam,Hep,0
2020-06-29,Mat,Cao,Thap,Yeu,TayNam,Hep,0
2020-06-30,Mat,Cao,Thap,Yeu,TayNam,Hep,1
2020-07-01,Mat,Cao,Thap,Manh,TayNam,Hep,0
2020-07-02,Mat,Cao,Thap,Yeu,TayNam,Hep,1
2020-07-03,Mat,Cao,TB,Manh,TayNam,Hep,0
2020-07-04,Mat,Cao,TB,Manh,TayNam,Rong,0
2020-07-05,Mat,Cao,Thap,Yeu,Khac,Rong,0
2020-07-06,Mat,Cao,Thap,Manh,Khac,Hep,1
2020-07-07,Mat,Cao,TB,Manh,Khac,Hep,0
2020-07-08,Mat,Cao,TB,Yeu,TayNam,Hep,0
2020-07-09,Mat,Cao,Thap,Yeu,TayNam,Rong,0
2020-07-10,Mat,Cao,Thap,Yeu,TayNam,Hep,1
2020-07-11,Mat,Cao,Thap,Manh,Khac,Rong,0
2020-07-12,Mat,Cao,Thap,Yeu,TayNam,Rong,0
2020-07-13,Mat,Cao,Thap,Yeu,TayNam,Hep,1
2020-07-14,Mat,Cao,Thap,Yeu,Khac,Hep,0
2020-07-15,Mat,Cao,Thap,Yeu,TayNam,Hep,0
2020-07-16,Mat,Cao,Thap,Yeu,Khac,Hep,0
2020-07-17,Mat,Cao,Thap,Yeu,Khac,Hep,0
2020-07-18,Mat,Cao,TB,Yeu,Khac,Hep,0
2020-07-19,Mat,Cao,Thap,Yeu,TayNam,Rong,0
2020-07-20,Mat,Cao,Thap,Yeu,Khac,Hep,0
2020-07-21,Mat,Cao,Thap,Yeu,Khac,Hep,0
2020-07-22,Mat,Cao,Thap,Yeu,Khac,Hep,0
2020-07-23,Mat,Cao,Thap,Yeu,TayNam,Hep,1
2020-07-24,Mat,Cao,TB,Yeu,Khac,Hep,0
2020-07-25,Mat,Cao,Thap,Yeu,Khac,Hep,0
2020-07-26,Mat,Cao,Thap,Yeu,Khac,Hep,0
2020-07-27,Mat,Cao,Thap,Yeu,TayNam,Hep,0
2020-07-28,Mat,Cao,Thap,Manh,TayNam,Hep,1
2020-07-29,Mat,Cao,Thap,Manh,TayNam,Hep,0
2020-07-30,Mat,Cao,Thap,Manh,Khac,Hep,1
2020-07-31,Mat,Cao,Thap,Manh,TayNam,Hep,0
2020-08-01,Lanh,Cao,Thap,Manh,TayNam,Hep,0
2020-08-02,Mat,Cao,Thap,Manh,TayNam,Hep,0
2020-08-03,Mat,Cao,Thap,Manh,TayNam,Hep,0
2020-08-04,Mat,Cao,Thap,Manh,TayNam,Hep,0
2020-08-05,Mat,Cao,Thap,Yeu,TayNam,Hep,1
2020-08-06,Mat,Cao,Thap,Yeu,TayNam,Hep,1
2020-08-07,Mat,Cao,Thap,Manh,TayNam,Hep,0
2020-08-08,Mat,Cao,Thap,Manh,TayNam,Hep,1
2020-08-09,Mat,Cao,Thap,Yeu,TayNam,Hep,0
2020-08-10,Mat,Cao,Thap,Manh,TayNam,Hep,0
2020-08-11,Mat,Cao,Thap,Manh,TayNam,Rong,0
2020-08-12,Mat,Cao,TB,Yeu,TayNam,Hep,0
2020-08-13,Mat,Cao,TB,Yeu,Khac,Hep,0
2020-08-14,Mat,Cao,TB,Yeu,TayNam,Hep,0
2020-08-15,Mat,Cao,Thap,Yeu,Khac,Rong,0
2020-08-16,Mat,Cao,Thap,Yeu,Khac,Rong,0
2020-08-17,Mat,Cao,Thap,Manh,TayNam,Hep,0
2020-08-18,Mat,Cao,Thap,Yeu,TayNam,Hep,1
2020-08-19,Mat,Cao,Thap,Manh,TayNam,Hep,0
2020-08-20,Mat,Cao,Thap,Yeu,TayNam,Hep,0
2020-08-21,Mat,Cao,TB,Yeu,TayNam,Hep,0
2020-08-22,Mat,Cao,TB,Yeu,TayNam,Rong,0
2020-08-23,Mat,Cao,TB,Yeu,TayNam,Rong,0
2020-08-24,Mat,Cao,TB,Yeu,TayNam,Rong,0
2020-08-25,Mat,Cao,Thap,Yeu,TayNam,Rong,0
2020-08-26,Mat,Cao,Thap,Yeu,TayNam,Rong,0
2020-08-27,Mat,Cao,Thap,Manh,TayNam,Rong,0
2020-08-28,Mat,Cao,Thap,Manh,TayNam,Rong,0
2020-08-29,Mat,Cao,Thap,Manh,TayNam,Rong,0
2020-08-30,Mat,Cao,Thap,Yeu,TayNam,Rong,0
2020-08-31,Mat,Cao,Thap,Manh,TayNam,Rong,0
2020-09-01,Mat,Cao,Thap,Yeu,TayNam,Hep,0
2020-09-02,Mat,Cao,Thap,Manh,TayNam,Hep,0
2020-09-03,Mat,Cao,Thap,Yeu,DongBac,Rong,1
2020-09-04,Mat,Cao,Thap,Manh,Khac,Hep,1
2020-09-05,Mat,Cao,Thap,Yeu,TayNam,Rong,0
2020-09-06,Mat,Cao,Thap,Yeu,TayNam,Hep,1
2020-09-07,Mat,Cao,Thap,Yeu,TayNam,Rong,0
2020-09-08,Mat,Cao,TB,Yeu,TayNam,Hep,0
2020-09-09,Mat,Cao,TB,Yeu,Khac,Hep,0
2020-09-10,Mat,Cao,Thap,Yeu,TayNam,Rong,0
2020-09-11,Mat,Cao,Thap,Yeu,TayNam,Hep,0
2020-09-12,Mat,Cao,TB,Yeu,TayNam,Rong,1
2020-09-13,Mat,Cao,TB,Yeu,TayNam,Hep,1
2020-09-14,Mat,Cao,TB,Yeu,TayNam,Hep,0
2020-09-15,Mat,Cao,TB,Yeu,TayNam,Rong,1
2020-09-16,Mat,Cao,Thap,Yeu,TayNam,Hep,0
2020-09-17,Mat,Cao,Thap,Manh,TayNam,Hep,0
2020-09-18,Lanh,Cao,Thap,Manh,TayNam,Hep,1
2020-09-19,Mat,Cao,Thap,Manh,TayNam,Hep,1
2020-09-20,Mat,Cao,TB,Yeu,TayNam,Hep,0
2020-09-21,Mat,Cao,TB,Yeu,DongBac,Rong,0
2020-09-22,Mat,Cao,TB,Yeu,Khac,Hep,0
2020-09-23,Mat,Cao,TB,Yeu,Khac,Hep,0
2020-09-24,Mat,Cao,TB,Yeu,TayNam,Rong,0
2020-09-25,Mat,Cao,TB,Manh,Khac,Hep,0
2020-09-26,Mat,Cao,Thap,Yeu,Khac,Hep,0
2020-09-27,Mat,Cao,Thap,Yeu,Khac,Hep,1
2020-09-28,Lanh,Cao,Thap,Manh,TayNam,Hep,1
2020-09-29,Mat,Cao,TB,Manh,TayNam,Hep,0
2020-09-30,Mat,Cao,Thap,Yeu,Khac,Rong,0
2020-10-01,Mat,Cao,Thap,Yeu,Khac,Hep,0
2020-10-02,Mat,Cao,Thap,Yeu,Khac,Hep,1
2020-10-03,Mat,Cao,Thap,Yeu,TayNam,Rong,0
2020-10-04,Mat,Cao,TB,Yeu,TayNam,Hep,0
2020-10-05,Lanh,Cao,Thap,Yeu,Khac,Hep,1
2020-10-06,Lanh,Cao,Thap,Yeu,Khac,Hep,1
2020-10-07,Lanh,Cao,Thap,Manh,TayNam,Hep,1
2020-10-08,Mat,Cao,Thap,Yeu,Khac,Hep,0
2020-10-09,Mat,Cao,Thap,Yeu,Khac,Hep,1
2020-10-10,Lanh,Cao,Thap,Yeu,TayNam,Hep,1
2020-10-11,Lanh,Cao,Thap,Manh,TayNam,Hep,0
2020-10-12,Lanh,Cao,Thap,Yeu,Khac,Hep,0
2020-10-13,Lanh,Cao,Thap,Yeu,TayNam,Hep,1
2020-10-14,Lanh,Cao,Thap,Manh,TayNam,Hep,0
2020-10-15,Lanh,Cao,Thap,Manh,TayNam,Hep,1
2020-10-16,Lanh,Cao,Thap,Manh,TayNam,Hep,0
2020-10-17,Lanh,Cao,Thap,Yeu,TayNam,Hep,0
2020-10-18,Lanh,Cao,Thap,Manh,TayNam,Hep,0
2020-10-19,Lanh,Cao,Thap,Yeu,TayNam,Hep,0
2020-10-20,Mat,Cao,Thap,Yeu,Khac,Hep,0
2020-10-21,Mat,Cao,Thap,Yeu,DongBac,Hep,1
2020-10-22,Mat,Cao,Thap,Yeu,Khac,Rong,0
2020-10-23,Mat,Cao,Thap,Yeu,TayNam,Hep,0
2020-10-24,Mat,Cao,TB,Manh,Khac,Hep,0
2020-10-25,Lanh,Cao,TB,Yeu,TayNam,Hep,0
2020-10-26,Mat,Cao,TB,Yeu,Khac,Hep,0
2020-10-27,Mat,Cao,Thap,Yeu,Khac,Hep,0
2020-10-28,Mat,Cao,Thap,Manh,TayNam,Hep,0
2020-10-29,Mat,Cao,TB,Manh,TayNam,Hep,0
2020-10-30,Mat,Cao,TB,Yeu,DongBac,Hep,0
2020-10-31,Mat,Cao,TB,Yeu,TayNam,Rong,0
2020-11-01,Mat,Cao,TB,Yeu,Khac,Rong,0
2020-11-02,Mat,Cao,TB,Yeu,TayNam,Hep,1
2020-11-03,Mat,Cao,TB,Yeu,Khac,Rong,0
2020-11-04,Mat,Cao,TB,Yeu,TayNam,Hep,0
2020-11-05,Mat,Cao,TB,Yeu,Khac,Rong,0
2020-11-06,Mat,Cao,TB,Yeu,TayNam,Hep,0
2020-11-07,Mat,Cao,TB,Yeu,Khac,Hep,0
2020-11-08,Mat,Cao,TB,Manh,Khac,Hep,0
2020-11-09,Lanh,Cao,TB,Manh,Khac,Rong,0
2020-11-10,Lanh,Cao,Thap,Manh,Khac,Hep,0
2020-11-11,Lanh,Cao,TB,Yeu,Khac,Hep,0
2020-11-12,Mat,Cao,TB,Yeu,Khac,Rong,0
2020-11-13,Mat,Cao,TB,Yeu,Khac,Rong,0
2020-11-14,Mat,Cao,TB,Yeu,Khac,Rong,0
2020-11-15,Mat,Cao,TB,Yeu,Khac,Rong,0
2020-11-16,Mat,Cao,TB,Yeu,DongBac,Rong,0
2020-11-17,Mat,Cao,TB,Yeu,DongBac,Rong,0
2020-11-18,Mat,Cao,Thap,Yeu,Khac,Rong,0
2020-11-19,Mat,Cao,TB,Yeu,Khac,Hep,0
2020-11-20,Mat,Cao,TB,Yeu,Khac,Rong,0
2020-11-21,Mat,Cao,TB,Manh,Khac,Hep,0
2020-11-22,Mat,Cao,TB,Yeu,DongBac,Rong,0
2020-11-23,Mat,Cao,TB,Yeu,TayNam,Rong,0
2020-11-24,Mat,Cao,TB,Yeu,DongBac,Rong,0
2020-11-25,Mat,BinhThuong,TB,Yeu,DongBac,Rong,0
2020-11-26,Mat,Cao,TB,Yeu,DongBac,Rong,0
2020-11-27,Mat,Cao,TB,Yeu,DongBac,Rong,0
2020-11-28,Mat,Cao,TB,Yeu,DongBac,Rong,1
2020-11-29,Lanh,Cao,TB,Manh,Khac,Hep,0
2020-11-30,Lanh,Cao,TB,Yeu,DongBac,Hep,0
2020-12-01,Mat,Cao,TB,Yeu,DongBac,Hep,0
2020-12-02,Mat,Cao,TB,Yeu,DongBac,Rong,0
2020-12-03,Mat,BinhThuong,TB,Yeu,DongBac,Rong,0
2020-12-04,Lanh,BinhThuong,TB,Yeu,DongBac,Rong,0
2020-12-05,Mat,BinhThuong,TB,Yeu,Khac,Rong,0
2020-12-06,Mat,BinhThuong,TB,Yeu,DongBac,Rong,0
2020-12-07,Mat,BinhThuong,TB,Yeu,DongBac,Hep,0
2020-12-08,Mat,BinhThuong,TB,Manh,DongBac,Rong,0
2020-12-09,Mat,BinhThuong,TB,Yeu,DongBac,Hep,0
2020-12-10,Mat,BinhThuong,TB,Yeu,Khac,Rong,0
2020-12-11,Mat,Cao,TB,Yeu,Khac,Rong,0
2020-12-12,Mat,Cao,TB,Yeu,TayNam,Rong,0
2020-12-13,Mat,Cao,TB,Yeu,Khac,Rong,0
2020-12-14,Mat,Cao,TB,Yeu,Khac,Hep,0
2020-12-15,Mat,Cao,TB,Yeu,Khac,Rong,1
2020-12-16,Mat,Cao,TB,Yeu,DongBac,Rong,0
2020-12-17,Mat,Cao,TB,Yeu,DongBac,Rong,0
2020-12-18,Mat,Cao,TB,Yeu,DongBac,Rong,0
2020-12-19,Mat,BinhThuong,TB,Manh,DongBac,Rong,0
2020-12-20,Mat,BinhThuong,TB,Manh,DongBac,Rong,0
2020-12-21,Mat,BinhThuong,TB,Manh,DongBac,Rong,0
2020-12-22,Lanh,BinhThuong,Thap,Manh,Khac,Rong,0
2020-12-23,Mat,BinhThuong,Thap,Yeu,DongBac,Rong,0
2020-12-24,Mat,Cao,Thap,Manh,Khac,Rong,0
2020-12-25,Mat,BinhThuong,TB,Manh,DongBac,Rong,0
2020-12-26,Mat,BinhThuong,TB,Yeu,Khac,Rong,0
2020-12-27,Mat,Cao,TB,Manh,Khac,Rong,0
2020-12-28,Mat,Cao,TB,Yeu,TayNam,Rong,0
2020-12-29,Mat,BinhThuong,TB,Manh,Khac,Rong,0
2020-12-30,Mat,BinhThuong,TB,Manh,DongBac,Rong,0
2020-12-31,Mat,BinhThuong,TB,Manh,DongBac,Rong,0
2021-01-01,Mat,BinhThuong,TB,Manh,DongBac,Rong,0
2021-01-02,Mat,BinhThuong,TB,Yeu,DongBac,Rong,0
2021-01-03,Mat,BinhThuong,TB,Manh,DongBac,Rong,0
2021-01-04,Mat,BinhThuong,TB,Manh,DongBac,Rong,0
2021-01-05,Mat,BinhThuong,TB,Yeu,DongBac,Rong,0
2021-01-06,Mat,BinhThuong,TB,Yeu,Khac,Rong,0
2021-01-07,Mat,BinhThuong,TB,Manh,Khac,Rong,0
2021-01-08,Mat,BinhThuong,TB,Manh,DongBac,Rong,0
2021-01-09,Mat,BinhThuong,TB,Manh,DongBac,Rong,0
2021-01-10,Mat,BinhThuong,TB,Manh,DongBac,Rong,0
2021-01-11,Mat,BinhThuong,TB,Manh,DongBac,Rong,0
2021-01-12,Mat,BinhThuong,TB,Manh,DongBac,Rong,0
2021-01-13,Lanh,BinhThuong,TB,Yeu,Khac,Rong,0
2021-01-14,Lanh,BinhThuong,TB,Manh,Khac,Rong,0
2021-01-15,Lanh,BinhThuong,TB,Manh,Khac,Rong,0
2021-01-16,Mat,BinhThuong,TB,Manh,Khac,Rong,0
2021-01-17,Mat,BinhThuong,TB,Manh,DongBac,Rong,0
2021-01-18,Mat,BinhThuong,TB,Manh,DongBac,Rong,0
2021-01-19,Lanh,BinhThuong,TB,Yeu,Khac,Rong,0
2021-01-20,Mat,BinhThuong,TB,Manh,Khac,Rong,0
2021-01-21,Mat,BinhThuong,TB,Manh,TayNam,Rong,0
2021-01-22,Mat,Cao,TB,Yeu,TayNam,Rong,0
2021-01-23,Lanh,Cao,TB,Yeu,Khac,Hep,0
2021-01-24,Mat,Cao,TB,Yeu,Khac,Rong,0
2021-01-25,Lanh,Cao,TB,Manh,Khac,Rong,0
2021-01-26,Mat,BinhThuong,TB,Yeu,Khac,Rong,0
2021-01-27,Mat,BinhThuong,TB,Yeu,Khac,Rong,0
2021-01-28,Mat,BinhThuong,TB,Manh,Khac,Rong,0
2021-01-29,Mat,BinhThuong,TB,Manh,DongBac,Rong,0
2021-01-30,Mat,BinhThuong,TB,Yeu,TayNam,Rong,0
2021-01-31,Mat,BinhThuong,TB,Yeu,DongBac,Rong,0
2021-02-01,Mat,BinhThuong,TB,Manh,DongBac,Rong,0
2021-02-02,Mat,BinhThuong,TB,Manh,DongBac,Rong,0
2021-02-03,Mat,BinhThuong,TB,Manh,Khac,Rong,0
2021-02-04,Mat,BinhThuong,TB,Manh,Khac,Rong,0
2021-02-05,Mat,BinhThuong,TB,Manh,DongBac,Rong,0
2021-02-06,Mat,BinhThuong,TB,Manh,Khac,Rong,0
2021-02-07,Mat,BinhThuong,TB,Yeu,TayNam,Rong,0
2021-02-08,Mat,BinhThuong,TB,Yeu,Khac,Rong,0
2021-02-09,Mat,BinhThuong,TB,Yeu,Khac,Rong,0
2021-02-10,Mat,Cao,TB,Yeu,TayNam,Rong,0
2021-02-11,Mat,Cao,TB,Yeu,Khac,Hep,0
2021-02-12,Mat,BinhThuong,TB,Manh,Khac,Rong,0
2021-02-13,Lanh,BinhThuong,TB,Manh,Khac,Rong,0
2021-02-14,Lanh,BinhThuong,Cao,Manh,Khac,Rong,0
2021-02-15,Lanh,BinhThuong,TB,Manh,Khac,Rong,0
2021-02-16,Lanh,BinhThuong,TB,Manh,Khac,Rong,0
2021-02-17,Mat,BinhThuong,TB,Manh,Khac,Rong,0
2021-02-18,Mat,BinhThuong,Cao,Yeu,DongBac,Rong,0
2021-02-19,Mat,BinhThuong,Cao,Manh,DongBac,Rong,0
2021-02-20,Mat,BinhThuong,Cao,Manh,Khac,Rong,0
2021-02-21,Lanh,BinhThuong,TB,Manh,Khac,Rong,0
2021-02-22,Lanh,BinhThuong,TB,Manh,Khac,Rong,0
2021-02-23,Mat,BinhThuong,TB,Manh,Khac,Rong,0
2021-02-24,Mat,BinhThuong,TB,Manh,Khac,Rong,0
2021-02-25,Mat,BinhThuong,Thap,Manh,Khac,Rong,0
2021-02-26,Mat,BinhThuong,Thap,Manh,Khac,Rong,0
2021-02-27,Mat,BinhThuong,Thap,Manh,Khac,Rong,0
2021-02-28,Mat,BinhThuong,TB,Manh,Khac,Rong,0
2021-03-01,Mat,BinhThuong,TB,Manh,Khac,Rong,0
2021-03-02,Mat,BinhThuong,TB,Manh,Khac,Rong,0
2021-03-03,Mat,BinhThuong,TB,Manh,Khac,Rong,0
2021-03-04,Mat,BinhThuong,TB,Manh,Khac,Rong,0
2021-03-05,Mat,BinhThuong,TB,Manh,Khac,Rong,0
2021-03-06,Mat,BinhThuong,TB,Manh,Khac,Rong,0
2021-03-07,Mat,BinhThuong,TB,Manh,Khac,Rong,0
2021-03-08,Mat,BinhThuong,TB,Manh,Khac,Rong,0
2021-03-09,Mat,BinhThuong,TB,Manh,Khac,Rong,0
2021-03-10,Mat,BinhThuong,TB,Manh,Khac,Rong,0
2021-03-11,Mat,BinhThuong,TB,Manh,Khac,Rong,0
2021-03-12,Mat,BinhThuong,TB,Manh,Khac,Rong,0
2021-03-13,Mat,BinhThuong,TB,Manh,Khac,Rong,0
2021-03-14,Mat,BinhThuong,TB,Manh,Khac,Rong,0
2021-03-15,Mat,BinhThuong,TB,Manh,Khac,Rong,0
2021-03-16,Mat,BinhThuong,TB,Manh,Khac,Rong,0
2021-03-17,Mat,BinhThuong,TB,Manh,Khac,Rong,0
2021-03-18,Mat,BinhThuong,TB,Manh,Khac,Rong,0
2021-03-19,Mat,BinhThuong,Thap,Manh,Khac,Rong,0
2021-03-20,Mat,BinhThuong,Thap,Manh,Khac,Rong,0
2021-03-21,Mat,BinhThuong,Thap,Manh,Khac,Rong,0
2021-03-22,Mat,BinhThuong,TB,Manh,Khac,Rong,0
2021-03-23,Nong,BinhThuong,TB,Yeu,DongBac,Rong,0
2021-03-24,Mat,BinhThuong,TB,Manh,Khac,Rong,0
2021-03-25,Mat,BinhThuong,TB,Manh,Khac,Hep,0
2021-03-26,Mat,BinhThuong,TB,Manh,Khac,Rong,0
2021-03-27,Mat,BinhThuong,Thap,Manh,Khac,Rong,0
2021-03-28,Mat,BinhThuong,Thap,Manh,Khac,Rong,0
2021-03-29,Mat,BinhThuong,Thap,Manh,Khac,Rong,0
2021-03-30,Mat,BinhThuong,Thap,Manh,Khac,Rong,0
2021-03-31,Mat,BinhThuong,Thap,Manh,Khac,Rong,0
2021-04-01,Mat,BinhThuong,Thap,Manh,Khac,Rong,0
2021-04-02,Mat,BinhThuong,Thap,Manh,Khac,Rong,0
2021-04-03,Mat,Cao,Thap,Manh,Khac,Rong,0
2021-04-04,Mat,Cao,Thap,Yeu,Khac,Hep,0
2021-04-05,Mat,Cao,TB,Manh,Khac,Rong,0
2021-04-06,Mat,BinhThuong,TB,Manh,Khac,Rong,0
2021-04-07,Mat,BinhThuong,TB,Manh,Khac,Rong,0
2021-04-08,Mat,BinhThuong,TB,Yeu,Khac,Rong,0
2021-04-09,Mat,BinhThuong,TB,Manh,Khac,Rong,0
2021-04-10,Mat,BinhThuong,TB,Manh,Khac,Rong,0
2021-04-11,Mat,BinhThuong,TB,Manh,Khac,Rong,0
2021-04-12,Mat,BinhThuong,TB,Yeu,Khac,Rong,0
2021-04-13,Mat,BinhThuong,TB,Manh,Khac,Rong,0
2021-04-14,Mat,BinhThuong,TB,Yeu,Khac,Rong,0
2021-04-15,Mat,Cao,TB,Yeu,Khac,Rong,1
2021-04-16,Mat,Cao,TB,Yeu,Khac,Rong,0
2021-04-17,Mat,Cao,TB,Yeu,Khac,Rong,0
2021-04-18,Mat,Cao,TB,Yeu,Khac,Hep,0
2021-04-19,Mat,Cao,TB,Yeu,TayNam,Hep,0
2021-04-20,Mat,Cao,TB,Yeu,TayNam,Rong,0
2021-04-21,Mat,Cao,TB,Yeu,Khac,Hep,0
2021-04-22,Mat,Cao,TB,Yeu,Khac,Hep,0
2021-04-23,Mat,Cao,Thap,Yeu,TayNam,Hep,1
2021-04-24,Mat,Cao,Thap,Yeu,TayNam,Rong,0
2021-04-25,Mat,Cao,TB,Yeu,TayNam,Rong,0
2021-04-26,Mat,Cao,TB,Yeu,Khac,Rong,0
2021-04-27,Mat,Cao,TB,Yeu,Khac,Hep,0
2021-04-28,Mat,Cao,TB,Yeu,Khac,Hep,0
2021-04-29,Mat,Cao,TB,Yeu,Khac,Hep,0
2021-04-30,Mat,Cao,TB,Yeu,Khac,Rong,0
2021-05-01,Mat,Cao,TB,Manh,Khac,Hep,0
2021-05-02,Mat,Cao,TB,Manh,Khac,Rong,0
2021-05-03,Mat,Cao,Thap,Manh,Khac,Rong,0
2021-05-04,Mat,BinhThuong,Thap,Manh,Khac,Rong,0
2021-05-05,Mat,BinhThuong,Thap,Yeu,Khac,Rong,0
2021-05-06,Mat,BinhThuong,TB,Manh,Khac,Rong,0
2021-05-07,Mat,Cao,TB,Manh,DongBac,Rong,0
2021-05-08,Mat,Cao,TB,Manh,Khac,Rong,0
2021-05-09,Mat,Cao,Thap,Yeu,Khac,Hep,0
2021-05-10,Mat,Cao,Thap,Yeu,Khac,Hep,0
2021-05-11,Mat,Cao,Thap,Yeu,Khac,Rong,0
2021-05-12,Mat,Cao,Thap,Yeu,Khac,Rong,0
2021-05-13,Mat,Cao,Thap,Manh,Khac,Hep,0
2021-05-14,Mat,Cao,Thap,Yeu,Khac,Hep,0
2021-05-15,Mat,Cao,Thap,Manh,Khac,Hep,0
2021-05-16,Mat,Cao,Thap,Yeu,Khac,Hep,0
2021-05-17,Mat,Cao,Thap,Manh,Khac,Hep,1
2021-05-18,Mat,Cao,Thap,Yeu,Khac,Hep,0
2021-05-19,Mat,Cao,Thap,Yeu,Khac,Rong,0
2021-05-20,Mat,Cao,Thap,Yeu,Khac,Rong,0
2021-05-21,Mat,Cao,Thap,Yeu,TayNam,Hep,1
2021-05-22,Mat,Cao,Thap,Manh,TayNam,Hep,1
2021-05-23,Mat,Cao,Thap,Manh,TayNam,Hep,1
2021-05-24,Mat,Cao,Thap,Manh,Khac,Hep,0
2021-05-25,Mat,Cao,Thap,Yeu,TayNam,Hep,1
2021-05-26,Mat,Cao,Thap,Yeu,TayNam,Hep,0
2021-05-27,Mat,Cao,Thap,Yeu,TayNam,Hep,1
2021-05-28,Mat,Cao,TB,Yeu,TayNam,Hep,0
2021-05-29,Mat,Cao,TB,Yeu,TayNam,Hep,0
2021-05-30,Mat,Cao,Thap,Yeu,TayNam,Rong,0
2021-05-31,Mat,Cao,Thap,Yeu,TayNam,Rong,0
2021-06-01,Mat,Cao,Thap,Yeu,TayNam,Hep,0
2021-06-02,Mat,Cao,Thap,Yeu,TayNam,Hep,0
2021-06-03,Mat,Cao,Thap,Yeu,TayNam,Rong,0
2021-06-04,Mat,Cao,Thap,Yeu,TayNam,Rong,0
2021-06-05,Mat,Cao,Thap,Manh,TayNam,Hep,0
2021-06-06,Mat,Cao,Thap,Manh,TayNam,Rong,0
2021-06-07,Mat,Cao,TB,Manh,TayNam,Hep,0
2021-06-08,Mat,Cao,TB,Manh,TayNam,Hep,0
2021-06-09,Mat,Cao,Thap,Yeu,TayNam,Hep,0
2021-06-10,Mat,Cao,Thap,Manh,TayNam,Hep,0
2021-06-11,Mat,Cao,Thap,Manh,TayNam,Hep,0
2021-06-12,Mat,Cao,Thap,Manh,TayNam,Hep,0
2021-06-13,Mat,Cao,Thap,Manh,TayNam,Hep,0
2021-06-14,Mat,Cao,Thap,Manh,TayNam,Rong,0
2021-06-15,Mat,Cao,Thap,Manh,TayNam,Hep,0
2021-06-16,Mat,Cao,TB,Yeu,TayNam,Hep,0
2021-06-17,Mat,Cao,TB,Yeu,TayNam,Rong,0
2021-06-18,Mat,Cao,TB,Yeu,TayNam,Rong,0
2021-06-19,Mat,Cao,TB,Yeu,TayNam,Hep,0
2021-06-20,Mat,Cao,Thap,Manh,TayNam,Rong,1
2021-06-21,Mat,Cao,Thap,Manh,TayNam,Hep,0
2021-06-22,Mat,Cao,TB,Manh,TayNam,Hep,0
2021-06-23,Mat,Cao,TB,Manh,TayNam,Hep,0
2021-06-24,Mat,Cao,Thap,Yeu,TayNam,Rong,0
2021-06-25,Mat,Cao,Thap,Yeu,TayNam,Rong,0
2021-06-26,Mat,Cao,TB,Yeu,TayNam,Hep,0
2021-06-27,Mat,Cao,TB,Yeu,TayNam,Rong,0
2021-06-28,Mat,Cao,TB,Yeu,TayNam,Rong,0
2021-06-29,Mat,Cao,Thap,Yeu,TayNam,Rong,0
2021-06-30,Mat,Cao,TB,Yeu,TayNam,Hep,0
2021-07-01,Mat,Cao,TB,Yeu,TayNam,Rong,0
2021-07-02,Mat,Cao,TB,Yeu,TayNam,Rong,0
2021-07-03,Mat,Cao,Thap,Yeu,TayNam,Rong,0
2021-07-04,Mat,Cao,Thap,Manh,TayNam,Hep,0
2021-07-05,Mat,Cao,Thap,Yeu,TayNam,Hep,1
2021-07-06,Mat,Cao,Thap,Manh,TayNam,Hep,0
2021-07-07,Mat,Cao,Thap,Manh,TayNam,Hep,0
2021-07-08,Lanh,Cao,Thap,Yeu,TayNam,Hep,0
2021-07-09,Lanh,Cao,Thap,Yeu,TayNam,Hep,1
2021-07-10,Mat,Cao,Thap,Yeu,Khac,Hep,0
2021-07-11,Mat,Cao,TB,Yeu,Khac,Hep,0
2021-07-12,Mat,Cao,TB,Yeu,Khac,Hep,0
2021-07-13,Mat,Cao,Thap,Yeu,Khac,Hep,0
2021-07-14,Mat,Cao,Thap,Yeu,TayNam,Hep,1
2021-07-15,Lanh,Cao,Thap,Yeu,TayNam,Hep,1
2021-07-16,Mat,Cao,TB,Yeu,Khac,Rong,0
2021-07-17,Mat,Cao,Thap,Manh,TayNam,Rong,0
2021-07-18,Mat,Cao,Thap,Manh,TayNam,Hep,1
2021-07-19,Mat,Cao,Thap,Manh,TayNam,Hep,0
2021-07-20,Mat,Cao,Thap,Manh,TayNam,Hep,0
2021-07-21,Mat,Cao,Thap,Manh,TayNam,Hep,0
2021-07-22,Mat,Cao,Thap,Manh,TayNam,Hep,0
2021-07-23,Mat,Cao,Thap,Manh,TayNam,Hep,0
2021-07-24,Mat,Cao,Thap,Manh,TayNam,Hep,0
2021-07-25,Mat,Cao,Thap,Manh,TayNam,Hep,0
2021-07-26,Mat,Cao,Thap,Manh,TayNam,Hep,0
2021-07-27,Mat,Cao,Thap,Manh,TayNam,Hep,0
2021-07-28,Mat,Cao,Thap,Manh,TayNam,Hep,0
2021-07-29,Mat,Cao,Thap,Manh,TayNam,Hep,1
2021-07-30,Mat,Cao,Thap,Manh,TayNam,Hep,1
2021-07-31,Mat,Cao,Thap,Manh,TayNam,Hep,0
2021-08-01,Mat,Cao,Thap,Manh,TayNam,Rong,0
2021-08-02,Mat,Cao,Thap,Manh,TayNam,Hep,0
2021-08-03,Mat,Cao,Thap,Manh,TayNam,Hep,0
2021-08-04,Mat,Cao,Thap,Manh,TayNam,Hep,0
2021-08-05,Mat,Cao,Thap,Manh,TayNam,Hep,0
2021-08-06,Mat,Cao,Thap,Manh,TayNam,Hep,0
2021-08-07,Mat,Cao,TB,Manh,TayNam,Rong,0
2021-08-08,Mat,Cao,Thap,Manh,TayNam,Hep,0
2021-08-09,Mat,Cao,Thap,Manh,TayNam,Hep,0
2021-08-10,Mat,Cao,Thap,Manh,TayNam,Hep,0
2021-08-11,Mat,Cao,TB,Yeu,TayNam,Hep,0
2021-08-12,Mat,Cao,TB,Yeu,TayNam,Hep,0
2021-08-13,Mat,Cao,TB,Manh,TayNam,Hep,0
2021-08-14,Mat,Cao,Thap,Manh,TayNam,Hep,0
2021-08-15,Mat,Cao,TB,Yeu,Khac,Hep,0
2021-08-16,Mat,Cao,TB,Yeu,Khac,Rong,0
2021-08-17,Mat,Cao,TB,Yeu,DongBac,Rong,0
2021-08-18,Mat,Cao,TB,Yeu,TayNam,Rong,0
2021-08-19,Mat,Cao,Thap,Yeu,TayNam,Rong,0
2021-08-20,Mat,Cao,TB,Yeu,Khac,Hep,0
2021-08-21,Mat,Cao,TB,Yeu,TayNam,Rong,0
2021-08-22,Mat,Cao,TB,Manh,TayNam,Hep,0
2021-08-23,Mat,Cao,Thap,Manh,TayNam,Hep,1
2021-08-24,Mat,Cao,Thap,Manh,TayNam,Hep,0
2021-08-25,Lanh,Cao,Thap,Manh,TayNam,Hep,0
2021-08-26,Lanh,Cao,Thap,Manh,TayNam,Hep,1
2021-08-27,Mat,Cao,Thap,Manh,TayNam,Rong,1
2021-08-28,Lanh,Cao,Thap,Yeu,DongBac,Hep,1
2021-08-29,Mat,Cao,Thap,Yeu,DongBac,Hep,1
2021-08-30,Mat,Cao,Thap,Yeu,Khac,Hep,1
2021-08-31,Mat,Cao,TB,Yeu,Khac,Hep,0
2021-09-01,Mat,Cao,TB,Yeu,TayNam,Rong,0
2021-09-02,Mat,Cao,Thap,Yeu,TayNam,Hep,1
2021-09-03,Mat,Cao,Thap,Manh,TayNam,Hep,0
2021-09-04,Mat,Cao,Thap,Manh,TayNam,Hep,1
2021-09-05,Mat,Cao,TB,Yeu,Khac,Hep,0
2021-09-06,Mat,Cao,TB,Yeu,TayNam,Rong,0
2021-09-07,Mat,Cao,Thap,Manh,TayNam,Hep,0
2021-09-08,Mat,Cao,Thap,Manh,TayNam,Hep,0
2021-09-09,Mat,Cao,Thap,Manh,TayNam,Hep,1
2021-09-10,Mat,Cao,Thap,Manh,TayNam,Hep,0
2021-09-11,Mat,Cao,Thap,Manh,TayNam,Hep,0
2021-09-12,Mat,Cao,Thap,Manh,TayNam,Hep,0
2021-09-13,Mat,Cao,Thap,Yeu,TayNam,Hep,1
2021-09-14,Mat,Cao,Thap,Yeu,TayNam,Hep,1
2021-09-15,Mat,Cao,TB,Yeu,Khac,Hep,1
2021-09-16,Mat,Cao,TB,Yeu,Khac,Hep,0
2021-09-17,Mat,Cao,TB,Yeu,Khac,Rong,0
2021-09-18,Mat,Cao,TB,Yeu,DongBac,Rong,0
2021-09-19,Lanh,Cao,TB,Yeu,TayNam,Hep,1
2021-09-20,Lanh,Cao,TB,Manh,TayNam,Rong,0
2021-09-21,Mat,Cao,Thap,Manh,TayNam,Hep,0
2021-09-22,Mat,Cao,Thap,Yeu,TayNam,Hep,0
2021-09-23,Mat,Cao,TB,Yeu,TayNam,Hep,0
2021-09-24,Mat,Cao,TB,Manh,TayNam,Hep,0
2021-09-25,Mat,Cao,Thap,Manh,TayNam,Hep,1
2021-09-26,Mat,Cao,Thap,Yeu,Khac,Rong,0
2021-09-27,Mat,Cao,Thap,Yeu,Khac,Hep,0
2021-09-28,Mat,Cao,Thap,Yeu,Khac,Hep,0
2021-09-29,Mat,Cao,Thap,Yeu,TayNam,Hep,0
2021-09-30,Mat,Cao,TB,Yeu,Khac,Hep,0
2021-10-01,Mat,Cao,TB,Yeu,Khac,Hep,1
2021-10-02,Mat,Cao,TB,Yeu,TayNam,Hep,1
2021-10-03,Mat,Cao,TB,Yeu,Khac,Hep,0
2021-10-04,Mat,Cao,Thap,Yeu,Khac,Hep,0
2021-10-05,Mat,Cao,Thap,Yeu,Khac,Hep,1
2021-10-06,Lanh,Cao,Thap,Yeu,TayNam,Hep,0
2021-10-07,Lanh,Cao,Thap,Yeu,TayNam,Hep,0
2021-10-08,Mat,Cao,Thap,Manh,TayNam,Hep,0
2021-10-09,Mat,Cao,Thap,Manh,TayNam,Hep,0
2021-10-10,Mat,Cao,Thap,Manh,TayNam,Rong,0
2021-10-11,Mat,Cao,Thap,Manh,TayNam,Hep,1
2021-10-12,Lanh,Cao,Thap,Manh,TayNam,Hep,1
2021-10-13,Mat,Cao,Thap,Manh,TayNam,Hep,1
2021-10-14,Mat,Cao,Thap,Manh,TayNam,Hep,0
2021-10-15,Mat,Cao,Thap,Manh,TayNam,Rong,1
2021-10-16,Lanh,Cao,Thap,Yeu,Khac,Hep,1
2021-10-17,Lanh,Cao,Thap,Yeu,Khac,Hep,0
2021-10-18,Mat,Cao,TB,Yeu,Khac,Rong,0
2021-10-19,Mat,Cao,TB,Yeu,Khac,Hep,0
2021-10-20,Lanh,Cao,Cao,Yeu,Khac,Hep,1
2021-10-21,Mat,Cao,TB,Yeu,Khac,Hep,0
2021-10-22,Mat,Cao,TB,Yeu,Khac,Hep,0
2021-10-23,Lanh,Cao,TB,Yeu,DongBac,Rong,0
2021-10-24,Mat,Cao,TB,Yeu,Khac,Rong,0
2021-10-25,Mat,Cao,TB,Yeu,Khac,Hep,0
2021-10-26,Mat,Cao,Thap,Yeu,DongBac,Rong,0
2021-10-27,Mat,Cao,TB,Yeu,Khac,Hep,0
2021-10-28,Mat,Cao,TB,Manh,Khac,Rong,0
2021-10-29,Mat,Cao,TB,Yeu,Khac,Rong,0
2021-10-30,Mat,Cao,TB,Manh,DongBac,Rong,0
2021-10-31,Mat,Cao,TB,Yeu,Khac,Hep,1
2021-11-01,Mat,Cao,TB,Yeu,DongBac,Rong,0
2021-11-02,Mat,Cao,TB,Yeu,DongBac,Rong,0
2021-11-03,Mat,Cao,TB,Yeu,DongBac,Rong,0
2021-11-04,Mat,Cao,TB,Manh,Khac,Rong,0
2021-11-05,Mat,Cao,TB,Manh,Khac,Rong,0
2021-11-06,Mat,Cao,Thap,Yeu,Khac,Hep,0
2021-11-07,Mat,Cao,Thap,Yeu,Khac,Hep,0
2021-11-08,Mat,Cao,Thap,Manh,Khac,Rong,0
2021-11-09,Mat,Cao,TB,Yeu,Khac,Hep,0
2021-11-10,Mat,Cao,TB,Yeu,DongBac,Hep,0
2021-11-11,Lanh,Cao,TB,Yeu,Khac,Hep,1
2021-11-12,Lanh,Cao,TB,Yeu,Khac,Rong,0
2021-11-13,Mat,Cao,TB,Manh,DongBac,Rong,0
2021-11-14,Lanh,Cao,TB,Yeu,Khac,Hep,0
2021-11-15,Lanh,Cao,TB,Yeu,Khac,Hep,0
2021-11-16,Lanh,Cao,TB,Yeu,DongBac,Hep,0
2021-11-17,Mat,Cao,TB,Yeu,DongBac,Hep,0
2021-11-18,Mat,Cao,Thap,Manh,Khac,Hep,0
2021-11-19,Mat,Cao,Thap,Yeu,DongBac,Rong,0
2021-11-20,Lanh,Cao,Thap,Yeu,Khac,Hep,1
2021-11-21,Mat,Cao,Thap,Yeu,DongBac,Rong,0
2021-11-22,Mat,Cao,TB,Manh,Khac,Hep,0
2021-11-23,Mat,Cao,TB,Yeu,Khac,Rong,0
2021-11-24,Mat,Cao,TB,Yeu,DongBac,Rong,0
2021-11-25,Lanh,Cao,TB,Yeu,DongBac,Hep,0
2021-11-26,Mat,Cao,TB,Yeu,DongBac,Rong,0
2021-11-27,Lanh,Cao,TB,Yeu,DongBac,Hep,0
2021-11-28,Lanh,Cao,TB,Yeu,DongBac,Hep,1
2021-11-29,Lanh,Cao,Thap,Yeu,DongBac,Hep,0
2021-11-30,Lanh,Cao,TB,Manh,Khac,Hep,0
2021-12-01,Lanh,Cao,TB,Yeu,DongBac,Rong,0
2021-12-02,Lanh,Cao,TB,Yeu,Khac,Rong,0
2021-12-03,Lanh,Cao,Cao,Yeu,DongBac,Rong,0
2021-12-04,Lanh,Cao,Cao,Yeu,DongBac,Rong,0
2021-12-05,Lanh,BinhThuong,TB,Yeu,Khac,Rong,0
2021-12-06,Lanh,Cao,TB,Yeu,DongBac,Rong,0
2021-12-07,Lanh,Cao,TB,Yeu,Khac,Rong,0
2021-12-08,Lanh,Cao,TB,Yeu,DongBac,Rong,0
2021-12-09,Lanh,Cao,TB,Yeu,DongBac,Rong,0
2021-12-10,Lanh,Cao,TB,Yeu,DongBac,Rong,0
2021-12-11,Lanh,Cao,TB,Yeu,Khac,Rong,0
2021-12-12,Mat,Cao,TB,Yeu,Khac,Rong,0
2021-12-13,Mat,BinhThuong,TB,Yeu,DongBac,Rong,0
2021-12-14,Mat,BinhThuong,TB,Yeu,DongBac,Rong,0
2021-12-15,Mat,Cao,TB,Yeu,DongBac,Rong,0
2021-12-16,Mat,Cao,TB,Yeu,Khac,Rong,0
2021-12-17,Mat,Cao,TB,Manh,DongBac,Rong,0
2021-12-18,Mat,BinhThuong,TB,Manh,DongBac,Rong,0
2021-12-19,Mat,BinhThuong,TB,Manh,DongBac,Hep,0
2021-12-20,Lanh,BinhThuong,TB,Yeu,Khac,Rong,0
2021-12-21,Mat,BinhThuong,TB,Yeu,Khac,Rong,0
2021-12-22,Mat,Cao,TB,Manh,Khac,Rong,0
2021-12-23,Mat,BinhThuong,TB,Manh,Khac,Rong,0
2021-12-24,Mat,BinhThuong,TB,Yeu,Khac,Rong,0
2021-12-25,Mat,BinhThuong,TB,Yeu,Khac,Rong,0
2021-12-26,Mat,BinhThuong,TB,Yeu,DongBac,Rong,0
2021-12-27,Mat,Cao,Cao,Yeu,DongBac,Rong,0
2021-12-28,Mat,Cao,Cao,Manh,DongBac,Rong,0
2021-12-29,Mat,Cao,TB,Yeu,DongBac,Rong,0
2021-12-30,Mat,BinhThuong,Cao,Manh,DongBac,Rong,0
2021-12-31,Mat,BinhThuong,Cao,Yeu,DongBac,Rong,0
2022-01-01,Mat,BinhThuong,Cao,Yeu,DongBac,Rong,0
2022-01-02,Mat,BinhThuong,TB,Yeu,DongBac,Rong,0
2022-01-03,Mat,BinhThuong,TB,Yeu,DongBac,Rong,0
2022-01-04,Mat,BinhThuong,TB,Manh,DongBac,Rong,0
2022-01-05,Mat,BinhThuong,TB,Yeu,Khac,Rong,0
2022-01-06,Mat,BinhThuong,TB,Yeu,DongBac,Rong,0
2022-01-07,Mat,BinhThuong,TB,Manh,Khac,Rong,0
2022-01-08,Mat,BinhThuong,TB,Manh,DongBac,Rong,0
2022-01-09,Mat,BinhThuong,TB,Manh,Khac,Rong,0
2022-01-10,Mat,BinhThuong,TB,Yeu,Khac,Rong,0
2022-01-11,Mat,BinhThuong,Cao,Manh,Khac,Rong,0
2022-01-12,Mat,BinhThuong,Cao,Manh,Khac,Rong,0
2022-01-13,Mat,BinhThuong,Cao,Manh,Khac,Rong,0
2022-01-14,Mat,BinhThuong,Cao,Manh,Khac,Rong,0
2022-01-15,Mat,BinhThuong,Cao,Manh,Khac,Rong,0
2022-01-16,Mat,BinhThuong,TB,Manh,Khac,Rong,0
2022-01-17,Mat,BinhThuong,TB,Manh,Khac,Rong,0
2022-01-18,Mat,BinhThuong,TB,Manh,Khac,Rong,0
2022-01-19,Mat,BinhThuong,TB,Manh,Khac,Rong,0
2022-01-20,Mat,BinhThuong,TB,Manh,TayNam,Rong,0
2022-01-21,Mat,BinhThuong,TB,Manh,Khac,Rong,0
2022-01-22,Mat,BinhThuong,TB,Manh,Khac,Rong,0
2022-01-23,Mat,BinhThuong,TB,Manh,Khac,Rong,0
2022-01-24,Mat,BinhThuong,TB,Manh,Khac,Rong,0
2022-01-25,Mat,BinhThuong,TB,Manh,Khac,Rong,0
2022-01-26,Mat,BinhThuong,TB,Manh,Khac,Rong,0
2022-01-27,Mat,BinhThuong,TB,Manh,Khac,Rong,0
2022-01-28,Mat,BinhThuong,TB,Yeu,TayNam,Rong,0
2022-01-29,Mat,BinhThuong,TB,Manh,Khac,Rong,0
2022-01-30,Mat,BinhThuong,TB,Manh,Khac,Rong,0
2022-01-31,Mat,BinhThuong,TB,Manh,Khac,Rong,0
2022-02-01,Mat,BinhThuong,TB,Manh,Khac,Rong,0
2022-02-02,Mat,BinhThuong,TB,Manh,Khac,Rong,0
2022-02-03,Mat,BinhThuong,TB,Manh,Khac,Rong,0
2022-02-04,Mat,BinhThuong,TB,Manh,Khac,Rong,0
2022-02-05,Mat,BinhThuong,TB,Yeu,DongBac,Rong,0
2022-02-06,Mat,BinhThuong,TB,Manh,DongBac,Rong,0
2022-02-07,Mat,BinhThuong,TB,Manh,Khac,Rong,0
2022-02-08,Mat,BinhThuong,TB,Manh,Khac,Rong,0
2022-02-09,Mat,BinhThuong,TB,Manh,Khac,Rong,0
2022-02-10,Mat,BinhThuong,TB,Manh,Khac,Rong,0
2022-02-11,Mat,BinhThuong,TB,Manh,Khac,Rong,0
2022-02-12,Mat,BinhThuong,Thap,Manh,Khac,Rong,0
2022-02-13,Mat,BinhThuong,Thap,Manh,Khac,Rong,0
2022-02-14,Mat,BinhThuong,Thap,Manh,Khac,Rong,0
2022-02-15,Mat,BinhThuong,TB,Manh,Khac,Rong,0
2022-02-16,Mat,BinhThuong,Thap,Manh,Khac,Rong,0
2022-02-17,Mat,BinhThuong,Thap,Manh,Khac,Rong,0
2022-02-18,Mat,BinhThuong,TB,Manh,Khac,Rong,0
2022-02-19,Mat,BinhThuong,TB,Manh,Khac,Rong,0
2022-02-20,Mat,Cao,TB,Manh,Khac,Rong,0
2022-02-21,Mat,BinhThuong,TB,Manh,Khac,Rong,0
2022-02-22,Mat,Cao,TB,Manh,DongBac,Rong,0
2022-02-23,Mat,BinhThuong,TB,Yeu,DongBac,Rong,0
2022-02-24,Mat,BinhThuong,Cao,Yeu,DongBac,Rong,0
2022-02-25,Mat,BinhThuong,Cao,Manh,DongBac,Rong,0
2022-02-26,Mat,BinhThuong,TB,Yeu,DongBac,Rong,0
2022-02-27,Mat,BinhThuong,TB,Manh,Khac,Rong,0
2022-02-28,Mat,BinhThuong,TB,Manh,Khac,Rong,0
2022-03-01,Mat,BinhThuong,TB,Manh,Khac,Rong,0
2022-03-02,Mat,BinhThuong,TB,Manh,Khac,Rong,0
2022-03-03,Mat,BinhThuong,TB,Manh,Khac,Rong,0
2022-03-04,Mat,BinhThuong,TB,Manh,Khac,Rong,0
2022-03-05,Mat,BinhThuong,TB,Manh,Khac,Rong,0
2022-03-06,Mat,BinhThuong,TB,Manh,Khac,Rong,0
2022-03-07,Mat,BinhThuong,TB,Manh,Khac,Rong,0
2022-03-08,Mat,BinhThuong,TB,Manh,Khac,Rong,0
2022-03-09,Mat,BinhThuong,TB,Manh,Khac,Rong,0
2022-03-10,Mat,BinhThuong,TB,Manh,Khac,Rong,0
2022-03-11,Mat,BinhThuong,Thap,Manh,Khac,Rong,0
2022-03-12,Mat,BinhThuong,Thap,Manh,Khac,Rong,0
2022-03-13,Mat,BinhThuong,Thap,Manh,Khac,Rong,0
2022-03-14,Mat,BinhThuong,Thap,Manh,Khac,Rong,0
2022-03-15,Mat,BinhThuong,Thap,Manh,Khac,Rong,0
2022-03-16,Mat,BinhThuong,Thap,Manh,Khac,Rong,0
2022-03-17,Mat,BinhThuong,Thap,Manh,Khac,Rong,0
2022-03-18,Mat,BinhThuong,Thap,Manh,Khac,Rong,0
2022-03-19,Mat,BinhThuong,Thap,Manh,Khac,Rong,0
2022-03-20,Mat,BinhThuong,Thap,Manh,Khac,Rong,0
2022-03-21,Mat,BinhThuong,TB,Manh,Khac,Rong,0
2022-03-22,Mat,Cao,TB,Manh,Khac,Hep,0
2022-03-23,Mat,Cao,TB,Manh,Khac,Rong,0
2022-03-24,Mat,Cao,TB,Manh,Khac,Rong,0
2022-03-25,Mat,BinhThuong,TB,Manh,Khac,Rong,0
2022-03-26,Mat,BinhThuong,TB,Manh,Khac,Rong,0
2022-03-27,Mat,BinhThuong,TB,Manh,Khac,Rong,0
2022-03-28,Mat,BinhThuong,TB,Manh,DongBac,Rong,0
2022-03-29,Mat,Cao,TB,Manh,DongBac,Rong,0
2022-03-30,Mat,Cao,Thap,Manh,Khac,Rong,0
2022-03-31,Mat,Cao,Thap,Yeu,Khac,Hep,0
2022-04-01,Lanh,Cao,TB,Manh,Khac,Hep,1
2022-04-02,Mat,Cao,TB,Manh,Khac,Rong,0
2022-04-03,Lanh,Cao,TB,Manh,Khac,Rong,1
2022-04-04,Lanh,Cao,TB,Yeu,Khac,Rong,0
2022-04-05,Mat,Cao,TB,Yeu,DongBac,Rong,1
2022-04-06,Mat,Cao,TB,Manh,Khac,Rong,0
2022-04-07,Mat,Cao,TB,Yeu,TayNam,Hep,0
2022-04-08,Mat,Cao,TB,Manh,TayNam,Rong,0
2022-04-09,Mat,Cao,TB,Manh,TayNam,Rong,0
2022-04-10,Mat,Cao,TB,Yeu,Khac,Rong,0
2022-04-11,Mat,Cao,TB,Yeu,Khac,Hep,0
2022-04-12,Mat,Cao,Thap,Yeu,Khac,Rong,0
2022-04-13,Mat,Cao,Thap,Yeu,Khac,Rong,0
2022-04-14,Mat,Cao,Thap,Yeu,Khac,Rong,0
2022-04-15,Mat,Cao,Thap,Yeu,Khac,Rong,1
2022-04-16,Mat,Cao,Thap,Manh,Khac,Hep,1
2022-04-17,Mat,Cao,Thap,Manh,Khac,Hep,0
2022-04-18,Mat,BinhThuong,TB,Manh,Khac,Rong,0
2022-04-19,Mat,BinhThuong,TB,Yeu,Khac,Rong,0
2022-04-20,Mat,Cao,TB,Manh,Khac,Rong,0
2022-04-21,Mat,BinhThuong,TB,Manh,Khac,Rong,0
2022-04-22,Mat,BinhThuong,TB,Yeu,Khac,Rong,0
2022-04-23,Mat,Cao,Thap,Manh,Khac,Rong,0
2022-04-24,Mat,Cao,Thap,Manh,Khac,Rong,0
2022-04-25,Mat,Cao,Thap,Manh,Khac,Rong,0
2022-04-26,Mat,Cao,Thap,Yeu,Khac,Rong,0
2022-04-27,Mat,BinhThuong,Thap,Manh,Khac,Rong,0
2022-04-28,Mat,BinhThuong,Thap,Manh,Khac,Rong,0
2022-04-29,Lanh,Cao,Thap,Manh,Khac,Hep,1
2022-04-30,Mat,Cao,Thap,Manh,Khac,Hep,1
2022-05-01,Mat,Cao,Thap,Manh,Khac,Hep,0
2022-05-02,Mat,Cao,Thap,Manh,Khac,Rong,1
2022-05-03,Mat,Cao,TB,Manh,Khac,Hep,0
2022-05-04,Mat,Cao,TB,Yeu,Khac,Rong,0
2022-05-05,Mat,Cao,Thap,Manh,Khac,Rong,0
2022-05-06,Mat,Cao,Thap,Manh,Khac,Hep,0
2022-05-07,Mat,Cao,Thap,Manh,Khac,Hep,0
2022-05-08,Mat,Cao,Thap,Manh,Khac,Hep,0
2022-05-09,Mat,Cao,Thap,Manh,Khac,Hep,0
2022-05-10,Mat,Cao,Thap,Yeu,Khac,Hep,0
2022-05-11,Mat,Cao,Thap,Yeu,Khac,Hep,0
2022-05-12,Mat,Cao,Thap,Yeu,TayNam,Rong,1
2022-05-13,Mat,Cao,Thap,Yeu,TayNam,Rong,0
2022-05-14,Mat,Cao,Thap,Yeu,Khac,Hep,0
2022-05-15,Mat,Cao,TB,Manh,Khac,Rong,0
2022-05-16,Mat,Cao,TB,Yeu,TayNam,Rong,1
2022-05-17,Mat,Cao,TB,Yeu,Khac,Hep,0
2022-05-18,Mat,Cao,TB,Manh,Khac,Hep,0
2022-05-19,Mat,Cao,TB,Yeu,TayNam,Hep,1
2022-05-20,Mat,Cao,Thap,Yeu,TayNam,Rong,1
2022-05-21,Mat,Cao,Thap,Manh,TayNam,Hep,0
2022-05-22,Mat,Cao,Thap,Manh,TayNam,Hep,1
2022-05-23,Mat,Cao,Thap,Manh,TayNam,Hep,0
2022-05-24,Mat,Cao,Thap,Yeu,TayNam,Hep,0
2022-05-25,Mat,Cao,Thap,Manh,Khac,Rong,0
2022-05-26,Mat,Cao,Thap,Yeu,Khac,Hep,0
2022-05-27,Mat,Cao,Thap,Manh,TayNam,Hep,1
2022-05-28,Lanh,Cao,Thap,Manh,TayNam,Hep,0
2022-05-29,Mat,Cao,Thap,Manh,TayNam,Hep,0
2022-05-30,Mat,Cao,Thap,Yeu,TayNam,Hep,0
2022-05-31,Mat,Cao,Thap,Yeu,TayNam,Rong,0
2022-06-01,Mat,Cao,Thap,Yeu,Khac,Hep,0
2022-06-02,Mat,Cao,Thap,Manh,TayNam,Rong,1
2022-06-03,Mat,Cao,Thap,Manh,TayNam,Rong,0
2022-06-04,Mat,Cao,TB,Yeu,TayNam,Hep,0
2022-06-05,Mat,Cao,Thap,Manh,TayNam,Rong,0
2022-06-06,Mat,Cao,Thap,Yeu,TayNam,Rong,0
2022-06-07,Mat,Cao,Thap,Yeu,Khac,Rong,1
2022-06-08,Mat,Cao,Thap,Yeu,Khac,Rong,0
2022-06-09,Mat,Cao,Thap,Yeu,Khac,Rong,0
2022-06-10,Mat,Cao,Thap,Yeu,Khac,Rong,1
2022-06-11,Mat,Cao,Thap,Yeu,TayNam,Rong,0
2022-06-12,Mat,Cao,Thap,Yeu,Khac,Rong,0
2022-06-13,Mat,Cao,Thap,Yeu,TayNam,Rong,0
2022-06-14,Mat,Cao,Thap,Yeu,TayNam,Rong,0
2022-06-15,Mat,Cao,TB,Manh,TayNam,Rong,0
2022-06-16,Mat,Cao,TB,Yeu,Khac,Rong,0
2022-06-17,Mat,Cao,TB,Manh,DongBac,Rong,0
2022-06-18,Mat,Cao,TB,Yeu,TayNam,Rong,0
2022-06-19,Mat,Cao,Thap,Manh,TayNam,Rong,0
2022-06-20,Mat,Cao,Thap,Manh,TayNam,Rong,0
2022-06-21,Mat,Cao,Thap,Manh,TayNam,Rong,1
2022-06-22,Mat,Cao,TB,Manh,Khac,Rong,1
2022-06-23,Mat,Cao,TB,Manh,Khac,Hep,0
2022-06-24,Mat,Cao,Thap,Yeu,Khac,Rong,0
2022-06-25,Mat,Cao,Thap,Yeu,Khac,Rong,0
2022-06-26,Mat,Cao,Thap,Yeu,Khac,Hep,0
2022-06-27,Mat,Cao,Thap,Yeu,TayNam,Rong,1
2022-06-28,Mat,Cao,Thap,Yeu,Khac,Hep,1
2022-06-29,Mat,Cao,Thap,Manh,TayNam,Rong,1
2022-06-30,Mat,Cao,Thap,Manh,TayNam,Hep,1
2022-07-01,Mat,Cao,Thap,Manh,TayNam,Hep,0
2022-07-02,Mat,Cao,Thap,Manh,TayNam,Hep,0
2022-07-03,Mat,Cao,Thap,Manh,TayNam,Hep,0
2022-07-04,Mat,Cao,Thap,Manh,TayNam,Rong,0
2022-07-05,Mat,Cao,Thap,Manh,TayNam,Hep,0
2022-07-06,Mat,Cao,Thap,Manh,TayNam,Hep,1
2022-07-07,Mat,Cao,Thap,Manh,TayNam,Rong,0
2022-07-08,Mat,Cao,Thap,Manh,TayNam,Hep,1
2022-07-09,Mat,Cao,Thap,Manh,TayNam,Hep,0
2022-07-10,Mat,Cao,Thap,Manh,TayNam,Hep,1
2022-07-11,Mat,Cao,Thap,Manh,TayNam,Hep,1
2022-07-12,Lanh,Cao,Thap,Manh,TayNam,Hep,1
2022-07-13,Mat,Cao,Thap,Manh,TayNam,Hep,0
2022-07-14,Mat,Cao,Thap,Manh,TayNam,Rong,0
2022-07-15,Mat,Cao,Thap,Manh,TayNam,Hep,0
2022-07-16,Mat,Cao,Thap,Manh,TayNam,Rong,0
2022-07-17,Mat,Cao,TB,Yeu,TayNam,Hep,0
2022-07-18,Mat,Cao,Thap,Manh,TayNam,Rong,0
2022-07-19,Mat,Cao,Thap,Manh,TayNam,Rong,0
2022-07-20,Mat,Cao,Thap,Manh,TayNam,Hep,1
2022-07-21,Lanh,Cao,TB,Manh,Khac,Hep,0
2022-07-22,Mat,Cao,TB,Yeu,DongBac,Rong,0
2022-07-23,Mat,Cao,TB,Manh,Khac,Rong,0
2022-07-24,Mat,Cao,Thap,Yeu,Khac,Rong,0
2022-07-25,Mat,Cao,Thap,Manh,Khac,Hep,1
2022-07-26,Mat,Cao,Thap,Yeu,Khac,Hep,0
2022-07-27,Mat,Cao,Thap,Yeu,Khac,Hep,0
2022-07-28,Mat,Cao,Thap,Yeu,TayNam,Rong,0
2022-07-29,Mat,Cao,Thap,Yeu,TayNam,Rong,0
2022-07-30,Mat,Cao,Thap,Manh,TayNam,Hep,0
2022-07-31,Mat,Cao,Thap,Yeu,TayNam,Rong,1
2022-08-01,Mat,Cao,Thap,Yeu,TayNam,Rong,1
2022-08-02,Mat,Cao,Thap,Yeu,TayNam,Hep,0
2022-08-03,Mat,Cao,Thap,Yeu,TayNam,Hep,0
2022-08-04,Mat,Cao,Thap,Yeu,Khac,Rong,0
2022-08-05,Mat,Cao,Thap,Manh,Khac,Rong,0
2022-08-06,Lanh,Cao,Thap,Manh,TayNam,Hep,1
2022-08-07,Mat,Cao,Thap,Manh,TayNam,Hep,0
2022-08-08,Lanh,Cao,Thap,Manh,TayNam,Hep,1
2022-08-09,Lanh,Cao,Thap,Manh,TayNam,Hep,0
2022-08-10,Mat,Cao,Thap,Manh,TayNam,Hep,0
2022-08-11,Mat,Cao,Thap,Manh,TayNam,Hep,0
2022-08-12,Mat,Cao,Thap,Manh,TayNam,Rong,0
2022-08-13,Mat,Cao,Thap,Yeu,TayNam,Rong,0
2022-08-14,Mat,Cao,Thap,Yeu,TayNam,Rong,0
2022-08-15,Mat,Cao,Thap,Manh,TayNam,Hep,0
2022-08-16,Mat,Cao,Thap,Manh,TayNam,Rong,0
2022-08-17,Mat,Cao,Thap,Manh,TayNam,Rong,0
2022-08-18,Mat,Cao,Thap,Manh,TayNam,Rong,0
2022-08-19,Mat,Cao,Thap,Manh,TayNam,Hep,0
2022-08-20,Mat,Cao,Thap,Manh,TayNam,Hep,0
2022-08-21,Mat,Cao,Thap,Manh,TayNam,Hep,0
2022-08-22,Mat,Cao,Thap,Yeu,TayNam,Rong,0
2022-08-23,Mat,Cao,Thap,Manh,TayNam,Hep,1
2022-08-24,Mat,Cao,Thap,Yeu,TayNam,Rong,0
2022-08-25,Mat,Cao,Thap,Manh,TayNam,Hep,0
2022-08-26,Lanh,Cao,TB,Yeu,Khac,Hep,0
2022-08-27,Mat,Cao,TB,Yeu,Khac,Rong,0
2022-08-28,Mat,Cao,Thap,Yeu,DongBac,Rong,0
2022-08-29,Mat,Cao,Thap,Manh,Khac,Rong,0
2022-08-30,Mat,Cao,Thap,Manh,Khac,Hep,0
2022-08-31,Mat,Cao,Thap,Yeu,Khac,Rong,0
2022-09-01,Mat,Cao,Thap,Yeu,DongBac,Rong,1
2022-09-02,Mat,Cao,Thap,Yeu,TayNam,Rong,0
2022-09-03,Mat,Cao,Thap,Yeu,TayNam,Rong,1
2022-09-04,Mat,Cao,Thap,Manh,TayNam,Rong,0
2022-09-05,Mat,Cao,TB,Manh,TayNam,Rong,0
2022-09-06,Mat,Cao,Thap,Manh,TayNam,Hep,1
2022-09-07,Lanh,Cao,TB,Yeu,TayNam,Hep,0
2022-09-08,Mat,Cao,TB,Manh,TayNam,Rong,0
2022-09-09,Mat,Cao,TB,Yeu,TayNam,Rong,1
2022-09-10,Mat,Cao,TB,Manh,Khac,Hep,0
2022-09-11,Lanh,Cao,TB,Manh,Khac,Hep,0
2022-09-12,Mat,Cao,Thap,Manh,Khac,Hep,0
2022-09-13,Mat,Cao,TB,Manh,TayNam,Rong,0
2022-09-14,Mat,Cao,TB,Manh,TayNam,Rong,0
2022-09-15,Mat,Cao,TB,Manh,TayNam,Rong,0
2022-09-16,Mat,Cao,Thap,Manh,TayNam,Hep,0
2022-09-17,Mat,Cao,Thap,Manh,TayNam,Hep,1
2022-09-18,Mat,Cao,TB,Manh,Khac,Rong,0
2022-09-19,Mat,Cao,TB,Manh,TayNam,Hep,0
2022-09-20,Mat,Cao,Thap,Manh,TayNam,Rong,1
2022-09-21,Lanh,Cao,Thap,Manh,TayNam,Hep,0
2022-09-22,Mat,Cao,Thap,Manh,TayNam,Hep,0
2022-09-23,Mat,Cao,Thap,Yeu,TayNam,Hep,0
2022-09-24,Mat,Cao,Thap,Manh,TayNam,Hep,1
2022-09-25,Mat,Cao,Thap,Manh,TayNam,Rong,1
2022-09-26,Lanh,Cao,Thap,Manh,Khac,Hep,1
2022-09-27,Lanh,Cao,Thap,Manh,Khac,Hep,1
2022-09-28,Lanh,Cao,Thap,Manh,TayNam,Hep,0
2022-09-29,Lanh,Cao,Thap,Manh,TayNam,Hep,0
2022-09-30,Mat,Cao,Thap,Manh,TayNam,Hep,0
2022-10-01,Mat,Cao,TB,Manh,TayNam,Hep,1
2022-10-02,Lanh,Cao,Thap,Yeu,Khac,Hep,1
2022-10-03,Mat,Cao,Thap,Manh,Khac,Hep,0
2022-10-04,Mat,Cao,TB,Yeu,DongBac,Hep,0
2022-10-05,Lanh,Cao,TB,Manh,Khac,Hep,0
2022-10-06,Lanh,Cao,TB,Yeu,Khac,Hep,0
2022-10-07,Mat,Cao,TB,Yeu,DongBac,Rong,0
2022-10-08,Lanh,Cao,TB,Yeu,TayNam,Hep,0
2022-10-09,Lanh,Cao,TB,Yeu,DongBac,Hep,0
2022-10-10,Lanh,Cao,TB,Yeu,DongBac,Hep,0
2022-10-11,Mat,Cao,TB,Yeu,Khac,Rong,0
2022-10-12,Mat,Cao,TB,Yeu,DongBac,Rong,0
2022-10-13,Mat,Cao,Thap,Manh,Khac,Rong,0
2022-10-14,Mat,Cao,Thap,Manh,Khac,Hep,0
2022-10-15,Lanh,Cao,Thap,Yeu,Khac,Rong,0
2022-10-16,Lanh,Cao,TB,Yeu,Khac,Rong,0
2022-10-17,Mat,Cao,TB,Yeu,Khac,Rong,0
2022-10-18,Lanh,Cao,TB,Manh,Khac,Rong,0
2022-10-19,Lanh,Cao,TB,Manh,Khac,Hep,1
2022-10-20,Lanh,Cao,TB,Manh,Khac,Hep,0
2022-10-21,Mat,Cao,TB,Manh,Khac,Hep,0
2022-10-22,Mat,Cao,TB,Yeu,Khac,Hep,0
2022-10-23,Mat,Cao,TB,Yeu,Khac,Hep,1
2022-10-24,Mat,Cao,TB,Yeu,TayNam,Rong,0
2022-10-25,Mat,Cao,TB,Manh,Khac,Rong,0
2022-10-26,Mat,Cao,TB,Yeu,Khac,Hep,1
2022-10-27,Lanh,Cao,TB,Yeu,Khac,Hep,0
2022-10-28,Mat,Cao,Thap,Yeu,Khac,Hep,0
2022-10-29,Mat,Cao,Thap,Yeu,DongBac,Rong,0
2022-10-30,Mat,Cao,Thap,Yeu,DongBac,Hep,0
2022-10-31,Mat,BinhThuong,Thap,Yeu,Khac,Rong,0
2022-11-01,Mat,Cao,TB,Yeu,Khac,Rong,0
2022-11-02,Lanh,Cao,TB,Yeu,Khac,Hep,0
2022-11-03,Lanh,Cao,TB,Yeu,Khac,Hep,0
2022-11-04,Lanh,Cao,TB,Yeu,Khac,Hep,0
2022-11-05,Mat,Cao,Cao,Yeu,DongBac,Rong,0
2022-11-06,Mat,Cao,TB,Yeu,DongBac,Rong,0
2022-11-07,Mat,Cao,TB,Yeu,TayNam,Rong,0
2022-11-08,Mat,Cao,TB,Yeu,DongBac,Rong,0
2022-11-09,Mat,Cao,TB,Yeu,Khac,Rong,0
2022-11-10,Mat,Cao,TB,Yeu,DongBac,Rong,0
2022-11-11,Mat,Cao,TB,Manh,Khac,Rong,0
2022-11-12,Mat,Cao,TB,Manh,Khac,Hep,0
2022-11-13,Mat,Cao,TB,Manh,Khac,Rong,0
2022-11-14,Mat,Cao,TB,Yeu,Khac,Rong,0
2022-11-15,Mat,Cao,TB,Yeu,Khac,Rong,0
2022-11-16,Mat,Cao,TB,Yeu,Khac,Rong,0
2022-11-17,Mat,Cao,Thap,Manh,Khac,Rong,0
2022-11-18,Mat,Cao,TB,Yeu,Khac,Rong,0
2022-11-19,Lanh,Cao,Thap,Yeu,Khac,Hep,0
2022-11-20,Lanh,Cao,Thap,Yeu,Khac,Hep,1
2022-11-21,Lanh,Cao,Thap,Yeu,Khac,Hep,0
2022-11-22,Lanh,Cao,Thap,Yeu,TayNam,Hep,0
2022-11-23,Lanh,Cao,Thap,Manh,Khac,Hep,0
2022-11-24,Lanh,Cao,TB,Manh,Khac,Hep,0
2022-11-25,Mat,Cao,TB,Manh,Khac,Hep,0
2022-11-26,Lanh,Cao,TB,Manh,DongBac,Hep,0
2022-11-27,Mat,Cao,TB,Manh,Khac,Hep,0
2022-11-28,Mat,Cao,TB,Yeu,Khac,Hep,0
2022-11-29,Mat,Cao,TB,Yeu,Khac,Hep,0
2022-11-30,Mat,Cao,TB,Yeu,DongBac,Rong,0
2022-12-01,Mat,Cao,TB,Yeu,DongBac,Rong,0
2022-12-02,Mat,Cao,Thap,Manh,DongBac,Hep,0
2022-12-03,Mat,Cao,Thap,Manh,DongBac,Hep,0
2022-12-04,Mat,Cao,TB,Yeu,DongBac,Rong,0
2022-12-05,Mat,Cao,TB,Yeu,DongBac,Rong,0
2022-12-06,Mat,Cao,TB,Yeu,DongBac,Rong,0
2022-12-07,Lanh,Cao,TB,Yeu,DongBac,Hep,0
2022-12-08,Mat,Cao,TB,Yeu,DongBac,Rong,0
2022-12-09,Mat,Cao,Thap,Yeu,DongBac,Rong,0
2022-12-10,Mat,Cao,TB,Manh,TayNam,Rong,0
2022-12-11,Mat,Cao,TB,Yeu,Khac,Hep,0
2022-12-12,Lanh,Cao,TB,Manh,DongBac,Rong,0
2022-12-13,Lanh,BinhThuong,TB,Yeu,Khac,Rong,0
2022-12-14,Lanh,Cao,TB,Yeu,Khac,Rong,0
2022-12-15,Lanh,BinhThuong,TB,Yeu,Khac,Rong,0
2022-12-16,Mat,Cao,Thap,Yeu,DongBac,Rong,0
2022-12-17,Mat,Cao,TB,Manh,DongBac,Rong,0
2022-12-18,Mat,BinhThuong,TB,Manh,DongBac,Rong,0
2022-12-19,Lanh,BinhThuong,TB,Manh,DongBac,Rong,0
2022-12-20,Lanh,BinhThuong,Thap,Yeu,Khac,Rong,0
2022-12-21,Mat,BinhThuong,Thap,Yeu,DongBac,Rong,0
2022-12-22,Mat,BinhThuong,Thap,Manh,Khac,Rong,0
2022-12-23,Lanh,BinhThuong,TB,Yeu,DongBac,Rong,0
2022-12-24,Lanh,BinhThuong,TB,Yeu,Khac,Rong,0
2022-12-25,Lanh,BinhThuong,Cao,Yeu,Khac,Rong,0
2022-12-26,Lanh,BinhThuong,Cao,Yeu,DongBac,Rong,0
2022-12-27,Lanh,BinhThuong,Cao,Yeu,DongBac,Rong,0
2022-12-28,Mat,BinhThuong,Cao,Yeu,DongBac,Rong,0
2022-12-29,Mat,BinhThuong,Cao,Yeu,Khac,Rong,0
2022-12-30,Mat,BinhThuong,Cao,Manh,DongBac,Hep,0
2022-12-31,Mat,BinhThuong,Cao,Yeu,DongBac,Rong,0
2023-01-01,Lanh,BinhThuong,Cao,Yeu,DongBac,Rong,0
2023-01-02,Mat,BinhThuong,Cao,Yeu,DongBac,Rong,0
2023-01-03,Mat,Cao,TB,Manh,DongBac,Rong,0
2023-01-04,Mat,BinhThuong,TB,Manh,DongBac,Rong,0
2023-01-05,Lanh,BinhThuong,TB,Manh,DongBac,Hep,0
2023-01-06,Lanh,Cao,TB,Manh,DongBac,Rong,1
2023-01-07,Lanh,Cao,TB,Manh,DongBac,Hep,1
2023-01-08,Lanh,Cao,TB,Yeu,Khac,Hep,0
2023-01-09,Lanh,Cao,TB,Yeu,DongBac,Hep,0
2023-01-10,Lanh,Cao,TB,Manh,Khac,Hep,0
2023-01-11,Lanh,Cao,TB,Manh,Khac,Hep,0
2023-01-12,Lanh,Cao,TB,Yeu,Khac,Hep,0
2023-01-13,Lanh,Cao,TB,Yeu,Khac,Rong,0
2023-01-14,Mat,Cao,TB,Yeu,TayNam,Rong,0
2023-01-15,Mat,Cao,TB,Yeu,Khac,Rong,0
2023-01-16,Mat,Cao,TB,Yeu,Khac,Rong,0
2023-01-17,Lanh,Cao,TB,Yeu,Khac,Rong,0
2023-01-18,Lanh,BinhThuong,Cao,Yeu,Khac,Rong,0
2023-01-19,Lanh,BinhThuong,TB,Yeu,DongBac,Rong,0
2023-01-20,Mat,BinhThuong,TB,Yeu,DongBac,Rong,0
2023-01-21,Mat,BinhThuong,TB,Yeu,DongBac,Rong,0
2023-01-22,Mat,Cao,TB,Yeu,DongBac,Rong,0
2023-01-23,Mat,Cao,TB,Yeu,Khac,Rong,0
2023-01-24,Mat,BinhThuong,TB,Yeu,DongBac,Rong,0
2023-01-25,Mat,BinhThuong,TB,Manh,DongBac,Rong,0
2023-01-26,Mat,BinhThuong,TB,Yeu,DongBac,Rong,0
2023-01-27,Mat,BinhThuong,TB,Manh,DongBac,Rong,0
2023-01-28,Mat,BinhThuong,TB,Manh,DongBac,Rong,0
2023-01-29,Lanh,BinhThuong,TB,Yeu,Khac,Rong,0
2023-01-30,Lanh,BinhThuong,TB,Yeu,DongBac,Rong,0
2023-01-31,Mat,BinhThuong,TB,Manh,Khac,Rong,0
2023-02-01,Mat,BinhThuong,TB,Yeu,Khac,Rong,0
2023-02-02,Mat,BinhThuong,TB,Manh,Khac,Rong,0
2023-02-03,Mat,BinhThuong,TB,Manh,Khac,Rong,0
2023-02-04,Mat,BinhThuong,TB,Manh,Khac,Rong,0
2023-02-05,Mat,BinhThuong,TB,Manh,Khac,Rong,0
2023-02-06,Mat,BinhThuong,TB,Manh,Khac,Rong,0
2023-02-07,Mat,BinhThuong,TB,Manh,Khac,Rong,0
2023-02-08,Mat,BinhThuong,TB,Manh,Khac,Rong,0
2023-02-09,Mat,BinhThuong,TB,Manh,Khac,Rong,0
2023-02-10,Mat,BinhThuong,TB,Manh,Khac,Rong,0
2023-02-11,Mat,BinhThuong,TB,Manh,Khac,Rong,0
2023-02-12,Mat,BinhThuong,TB,Manh,Khac,Rong,0
2023-02-13,Mat,BinhThuong,TB,Manh,Khac,Rong,0
2023-02-14,Mat,BinhThuong,TB,Manh,Khac,Rong,0
2023-02-15,Mat,BinhThuong,TB,Yeu,Khac,Rong,0
2023-02-16,Mat,BinhThuong,TB,Manh,DongBac,Rong,0
2023-02-17,Mat,BinhThuong,TB,Yeu,DongBac,Rong,0
2023-02-18,Mat,BinhThuong,TB,Yeu,DongBac,Rong,0
2023-02-19,Mat,BinhThuong,TB,Manh,Khac,Rong,0
2023-02-20,Mat,BinhThuong,TB,Manh,Khac,Rong,0
2023-02-21,Mat,BinhThuong,TB,Manh,Khac,Rong,0
2023-02-22,Mat,BinhThuong,TB,Manh,DongBac,Rong,0
2023-02-23,Mat,BinhThuong,TB,Manh,DongBac,Rong,0
2023-02-24,Mat,BinhThuong,TB,Manh,Khac,Rong,0
2023-02-25,Mat,BinhThuong,Cao,Manh,DongBac,Rong,0
2023-02-26,Mat,BinhThuong,Cao,Yeu,DongBac,Rong,0
2023-02-27,Mat,BinhThuong,Cao,Manh,DongBac,Rong,0
2023-02-28,Mat,BinhThuong,Cao,Manh,DongBac,Rong,0
2023-03-01,Mat,BinhThuong,Cao,Yeu,Khac,Rong,0
2023-03-02,Mat,BinhThuong,Cao,Manh,Khac,Rong,0
2023-03-03,Mat,BinhThuong,Cao,Manh,Khac,Rong,0
2023-03-04,Mat,BinhThuong,Cao,Manh,Khac,Rong,0
2023-03-05,Mat,BinhThuong,Cao,Yeu,DongBac,Rong,0
2023-03-06,Mat,BinhThuong,Cao,Manh,Khac,Rong,0
2023-03-07,Mat,BinhThuong,Cao,Manh,Khac,Rong,0
2023-03-08,Mat,BinhThuong,Cao,Manh,Khac,Rong,0
2023-03-09,Mat,BinhThuong,TB,Manh,Khac,Rong,0
2023-03-10,Mat,BinhThuong,TB,Manh,Khac,Rong,0
2023-03-11,Mat,BinhThuong,TB,Manh,Khac,Rong,0
2023-03-12,Mat,BinhThuong,TB,Manh,Khac,Rong,0
2023-03-13,Mat,BinhThuong,TB,Manh,Khac,Rong,0
2023-03-14,Mat,BinhThuong,TB,Manh,Khac,Rong,0
2023-03-15,Mat,BinhThuong,TB,Manh,Khac,Rong,0
2023-03-16,Mat,BinhThuong,TB,Manh,Khac,Rong,0
2023-03-17,Mat,BinhThuong,TB,Manh,Khac,Rong,0
2023-03-18,Mat,BinhThuong,TB,Manh,Khac,Rong,0
2023-03-19,Mat,BinhThuong,TB,Manh,Khac,Rong,0
2023-03-20,Mat,BinhThuong,TB,Manh,Khac,Rong,0
2023-03-21,Mat,BinhThuong,TB,Manh,Khac,Rong,0
2023-03-22,Mat,BinhThuong,Thap,Manh,Khac,Rong,0
2023-03-23,Mat,BinhThuong,Thap,Manh,Khac,Rong,0
2023-03-24,Mat,BinhThuong,TB,Manh,Khac,Rong,0
2023-03-25,Mat,BinhThuong,TB,Manh,Khac,Rong,0
2023-03-26,Mat,BinhThuong,TB,Manh,Khac,Rong,0
2023-03-27,Mat,BinhThuong,TB,Manh,Khac,Rong,0
2023-03-28,Mat,BinhThuong,TB,Manh,Khac,Rong,0
2023-03-29,Mat,BinhThuong,TB,Manh,Khac,Rong,0
2023-03-30,Mat,BinhThuong,TB,Manh,Khac,Rong,0
2023-03-31,Mat,BinhThuong,TB,Manh,Khac,Rong,0
2023-04-01,Mat,BinhThuong,TB,Manh,Khac,Rong,0
2023-04-02,Mat,BinhThuong,TB,Manh,Khac,Rong,0
2023-04-03,Mat,BinhThuong,TB,Manh,Khac,Rong,0
2023-04-04,Mat,BinhThuong,Thap,Manh,Khac,Rong,0
2023-04-05,Mat,BinhThuong,TB,Manh,Khac,Rong,0
2023-04-06,Mat,BinhThuong,TB,Manh,Khac,Rong,0
2023-04-07,Mat,BinhThuong,TB,Manh,Khac,Rong,0
2023-04-08,Nong,BinhThuong,TB,Manh,Khac,Rong,0
2023-04-09,Nong,BinhThuong,TB,Manh,Khac,Rong,0
2023-04-10,Mat,BinhThuong,TB,Manh,Khac,Rong,0
2023-04-11,Mat,BinhThuong,TB,Yeu,Khac,Rong,0
2023-04-12,Mat,BinhThuong,TB,Manh,Khac,Rong,0
2023-04-13,Mat,BinhThuong,TB,Manh,Khac,Rong,0
2023-04-14,Mat,BinhThuong,TB,Manh,Khac,Rong,0
2023-04-15,Mat,Cao,Thap,Manh,Khac,Rong,1
2023-04-16,Mat,Cao,Thap,Yeu,Khac,Hep,0
2023-04-17,Mat,Cao,TB,Manh,Khac,Rong,0
2023-04-18,Mat,Cao,TB,Manh,Khac,Rong,0
2023-04-19,Mat,Cao,Thap,Manh,Khac,Rong,0
2023-04-20,Nong,BinhThuong,Thap,Manh,TayNam,Rong,0
2023-04-21,Nong,BinhThuong,Thap,Yeu,TayNam,Rong,0
2023-04-22,Nong,BinhThuong,Thap,Manh,Khac,Rong,0
2023-04-23,Nong,BinhThuong,Thap,Manh,Khac,Rong,0
2023-04-24,Nong,BinhThuong,TB,Yeu,Khac,Rong,0
2023-04-25,Nong,BinhThuong,Thap,Manh,Khac,Rong,0
2023-04-26,Nong,BinhThuong,Thap,Manh,Khac,Rong,0
2023-04-27,Nong,BinhThuong,Thap,Manh,Khac,Rong,0
2023-04-28,Nong,BinhThuong,Thap,Manh,Khac,Rong,0
2023-04-29,Nong,BinhThuong,Thap,Manh,Khac,Rong,0
2023-04-30,Mat,BinhThuong,Thap,Manh,Khac,Rong,0
2023-05-01,Nong,BinhThuong,Thap,Manh,Khac,Rong,0
2023-05-02,Nong,BinhThuong,TB,Manh,Khac,Rong,0
2023-05-03,Nong,BinhThuong,TB,Manh,Khac,Rong,0
2023-05-04,Nong,BinhThuong,Thap,Manh,Khac,Rong,0
2023-05-05,Nong,BinhThuong,Thap,Yeu,TayNam,Rong,0
2023-05-06,Nong,BinhThuong,Thap,Manh,TayNam,Rong,0
2023-05-07,Nong,BinhThuong,Thap,Manh,TayNam,Rong,0
2023-05-08,Mat,Cao,Thap,Manh,TayNam,Rong,1
2023-05-09,Mat,Cao,Thap,Manh,Khac,Hep,1
2023-05-10,Mat,Cao,Thap,Manh,Khac,Hep,0
2023-05-11,Mat,Cao,TB,Yeu,Khac,Hep,0
2023-05-12,Mat,Cao,TB,Yeu,Khac,Hep,0
2023-05-13,Mat,Cao,TB,Yeu,Khac,Hep,0
2023-05-14,Mat,Cao,TB,Manh,Khac,Rong,0
2023-05-15,Mat,Cao,TB,Yeu,Khac,Rong,0
2023-05-16,Mat,Cao,TB,Manh,TayNam,Rong,0
2023-05-17,Mat,Cao,TB,Yeu,TayNam,Rong,0
2023-05-18,Mat,Cao,TB,Manh,TayNam,Rong,0
2023-05-19,Mat,Cao,Thap,Manh,TayNam,Rong,0
2023-05-20,Mat,Cao,Thap,Manh,TayNam,Hep,0
2023-05-21,Mat,Cao,TB,Manh,Khac,Hep,0
2023-05-22,Mat,Cao,TB,Yeu,TayNam,Rong,0
2023-05-23,Mat,Cao,TB,Yeu,TayNam,Rong,0
2023-05-24,Mat,Cao,TB,Manh,TayNam,Hep,0
2023-05-25,Mat,Cao,TB,Manh,TayNam,Hep,0
2023-05-26,Mat,Cao,TB,Manh,TayNam,Hep,0
2023-05-27,Mat,Cao,Thap,Manh,TayNam,Hep,1
2023-05-28,Mat,Cao,Thap,Yeu,TayNam,Hep,1
2023-05-29,Mat,Cao,Thap,Manh,TayNam,Rong,0
2023-05-30,Mat,Cao,Thap,Manh,TayNam,Hep,0
2023-05-31,Mat,Cao,Thap,Manh,TayNam,Hep,0
2023-06-01,Mat,Cao,Thap,Manh,TayNam,Hep,0
2023-06-02,Mat,Cao,Thap,Manh,TayNam,Hep,0
2023-06-03,Mat,Cao,Thap,Manh,TayNam,Rong,0
2023-06-04,Mat,Cao,Thap,Manh,Khac,Hep,0
2023-06-05,Mat,Cao,Thap,Yeu,Khac,Hep,1
2023-06-06,Mat,Cao,Thap,Manh,TayNam,Hep,1
2023-06-07,Mat,Cao,TB,Manh,TayNam,Hep,0
2023-06-08,Mat,Cao,TB,Manh,TayNam,Hep,0
2023-06-09,Mat,Cao,Thap,Manh,TayNam,Hep,0
2023-06-10,Mat,Cao,Thap,Yeu,TayNam,Hep,1
2023-06-11,Mat,Cao,Thap,Manh,TayNam,Hep,0
2023-06-12,Mat,Cao,Thap,Manh,TayNam,Hep,0
2023-06-13,Mat,Cao,Thap,Yeu,TayNam,Hep,0
2023-06-14,Mat,Cao,TB,Manh,TayNam,Hep,0
2023-06-15,Mat,Cao,TB,Manh,Khac,Rong,0
2023-06-16,Mat,Cao,Thap,Manh,TayNam,Rong,0
2023-06-17,Mat,Cao,TB,Yeu,TayNam,Hep,0
2023-06-18,Mat,Cao,TB,Manh,TayNam,Hep,0
2023-06-19,Mat,Cao,TB,Manh,TayNam,Rong,0
2023-06-20,Mat,Cao,Thap,Manh,TayNam,Rong,0
2023-06-21,Mat,Cao,TB,Yeu,TayNam,Hep,0
2023-06-22,Mat,Cao,TB,Yeu,TayNam,Hep,0
2023-06-23,Mat,Cao,Thap,Yeu,TayNam,Rong,0
2023-06-24,Mat,Cao,Thap,Yeu,TayNam,Hep,0
2023-06-25,Mat,Cao,Thap,Manh,TayNam,Hep,0
2023-06-26,Mat,Cao,Thap,Manh,TayNam,Rong,0
2023-06-27,Mat,Cao,Thap,Yeu,Khac,Rong,0
2023-06-28,Mat,Cao,TB,Yeu,TayNam,Hep,0
2023-06-29,Mat,Cao,Thap,Manh,TayNam,Hep,1
2023-06-30,Mat,Cao,Thap,Manh,TayNam,Hep,0
2023-07-01,Mat,Cao,TB,Manh,TayNam,Hep,0
2023-07-02,Mat,Cao,TB,Manh,TayNam,Hep,0
2023-07-03,Mat,Cao,TB,Manh,Khac,Rong,0
2023-07-04,Mat,Cao,TB,Yeu,Khac,Rong,0
2023-07-05,Mat,Cao,Thap,Yeu,DongBac,Hep,0
2023-07-06,Mat,Cao,TB,Yeu,DongBac,Rong,1
2023-07-07,Mat,Cao,TB,Manh,Khac,Hep,0
2023-07-08,Mat,Cao,TB,Manh,Khac,Hep,0
2023-07-09,Mat,Cao,TB,Yeu,Khac,Hep,0
2023-07-10,Mat,Cao,TB,Yeu,TayNam,Rong,0
2023-07-11,Mat,Cao,TB,Manh,TayNam,Rong,0
2023-07-12,Mat,Cao,TB,Yeu,Khac,Rong,0
2023-07-13,Mat,Cao,Thap,Yeu,TayNam,Hep,1
2023-07-14,Mat,Cao,Thap,Manh,TayNam,Hep,1
2023-07-15,Mat,Cao,Thap,Manh,TayNam,Hep,0
2023-07-16,Mat,Cao,Thap,Manh,TayNam,Hep,0
2023-07-17,Mat,Cao,Thap,Manh,TayNam,Hep,0
2023-07-18,Mat,Cao,Thap,Manh,TayNam,Hep,1
2023-07-19,Mat,Cao,Thap,Manh,TayNam,Hep,1
2023-07-20,Mat,Cao,Thap,Manh,TayNam,Hep,0
2023-07-21,Mat,Cao,Thap,Yeu,TayNam,Hep,1
2023-07-22,Lanh,Cao,TB,Manh,TayNam,Hep,0
2023-07-23,Mat,Cao,TB,Manh,TayNam,Hep,0
2023-07-24,Mat,Cao,Thap,Manh,TayNam,Hep,1
2023-07-25,Mat,Cao,Thap,Manh,TayNam,Hep,0
2023-07-26,Mat,Cao,Thap,Manh,TayNam,Hep,1
2023-07-27,Mat,Cao,Thap,Manh,TayNam,Hep,1
2023-07-28,Mat,Cao,Thap,Manh,TayNam,Hep,1
2023-07-29,Mat,Cao,Thap,Manh,TayNam,Hep,0
2023-07-30,Mat,Cao,Thap,Manh,TayNam,Hep,0
2023-07-31,Mat,Cao,Thap,Manh,TayNam,Hep,0
2023-08-01,Mat,Cao,Thap,Manh,TayNam,Hep,1
2023-08-02,Mat,Cao,TB,Manh,TayNam,Hep,0
2023-08-03,Mat,Cao,TB,Manh,TayNam,Hep,0
2023-08-04,Mat,Cao,TB,Manh,TayNam,Hep,0
2023-08-05,Mat,Cao,TB,Manh,TayNam,Hep,0
2023-08-06,Mat,Cao,TB,Manh,TayNam,Rong,0
2023-08-07,Mat,Cao,Thap,Manh,TayNam,Hep,0
2023-08-08,Mat,Cao,TB,Manh,TayNam,Hep,0
2023-08-09,Mat,Cao,TB,Manh,TayNam,Hep,0
2023-08-10,Mat,Cao,TB,Manh,TayNam,Rong,0
2023-08-11,Mat,Cao,Thap,Manh,TayNam,Hep,0
2023-08-12,Mat,Cao,Thap,Manh,TayNam,Hep,0
2023-08-13,Mat,Cao,Thap,Manh,TayNam,Hep,0
2023-08-14,Mat,Cao,Thap,Manh,TayNam,Hep,0
2023-08-15,Mat,Cao,TB,Manh,TayNam,Rong,0
2023-08-16,Mat,Cao,TB,Manh,TayNam,Rong,0
2023-08-17,Mat,Cao,Thap,Manh,TayNam,Hep,0
2023-08-18,Mat,Cao,Thap,Manh,TayNam,Hep,0
2023-08-19,Mat,Cao,Thap,Manh,TayNam,Hep,1
2023-08-20,Mat,Cao,Thap,Manh,TayNam,Hep,1
2023-08-21,Mat,Cao,Thap,Manh,TayNam,Rong,0
2023-08-22,Mat,Cao,TB,Manh,TayNam,Rong,0
2023-08-23,Mat,Cao,Thap,Manh,TayNam,Rong,0
2023-08-24,Mat,Cao,Thap,Manh,TayNam,Rong,0
2023-08-25,Mat,Cao,Thap,Yeu,TayNam,Rong,0
2023-08-26,Mat,Cao,Thap,Yeu,TayNam,Hep,1
2023-08-27,Mat,Cao,Thap,Manh,TayNam,Hep,1
2023-08-28,Mat,Cao,Thap,Manh,TayNam,Hep,1
2023-08-29,Mat,Cao,Thap,Manh,TayNam,Hep,1
2023-08-30,Mat,Cao,Thap,Manh,TayNam,Hep,0
2023-08-31,Mat,Cao,Thap,Manh,TayNam,Hep,1
2023-09-01,Mat,Cao,Thap,Manh,TayNam,Hep,1
2023-09-02,Mat,Cao,Thap,Manh,TayNam,Hep,0
2023-09-03,Mat,Cao,Thap,Manh,TayNam,Hep,0
2023-09-04,Mat,Cao,Thap,Manh,TayNam,Hep,0
2023-09-05,Mat,Cao,Thap,Manh,TayNam,Hep,1
2023-09-06,Mat,Cao,TB,Yeu,TayNam,Hep,0
2023-09-07,Mat,Cao,TB,Yeu,TayNam,Hep,0
2023-09-08,Mat,Cao,TB,Manh,TayNam,Rong,0
2023-09-09,Mat,Cao,Thap,Yeu,TayNam,Hep,0
2023-09-10,Mat,Cao,TB,Manh,TayNam,Hep,0
2023-09-11,Mat,Cao,TB,Manh,TayNam,Rong,0
2023-09-12,Mat,Cao,TB,Manh,TayNam,Hep,0
2023-09-13,Mat,Cao,TB,Manh,TayNam,Hep,0
2023-09-14,Mat,Cao,TB,Yeu,TayNam,Hep,0
2023-09-15,Mat,Cao,TB,Manh,TayNam,Hep,0
2023-09-16,Mat,Cao,TB,Manh,TayNam,Hep,0
2023-09-17,Mat,Cao,TB,Yeu,TayNam,Rong,1
2023-09-18,Mat,Cao,TB,Yeu,TayNam,Rong,0
2023-09-19,Mat,Cao,TB,Yeu,DongBac,Rong,0
2023-09-20,Mat,Cao,TB,Yeu,Khac,Rong,0
2023-09-21,Mat,Cao,TB,Manh,Khac,Hep,1
2023-09-22,Mat,Cao,TB,Yeu,Khac,Rong,1
2023-09-23,Mat,Cao,TB,Manh,TayNam,Hep,0
2023-09-24,Mat,Cao,Thap,Yeu,TayNam,Hep,1
2023-09-25,Mat,Cao,Thap,Manh,TayNam,Hep,0
2023-09-26,Lanh,Cao,Thap,Manh,TayNam,Hep,1
2023-09-27,Mat,Cao,Thap,Manh,TayNam,Hep,1
2023-09-28,Mat,Cao,TB,Yeu,TayNam,Rong,0
2023-09-29,Mat,Cao,TB,Manh,Khac,Rong,1
2023-09-30,Mat,Cao,TB,Manh,Khac,Hep,0
2023-10-01,Mat,Cao,TB,Manh,Khac,Rong,1
2023-10-02,Lanh,Cao,TB,Manh,Khac,Hep,1
2023-10-03,Mat,Cao,TB,Manh,TayNam,Rong,0
2023-10-04,Mat,Cao,TB,Manh,TayNam,Hep,0
2023-10-05,Mat,Cao,TB,Yeu,TayNam,Rong,0
2023-10-06,Mat,Cao,TB,Yeu,TayNam,Rong,0
2023-10-07,Mat,Cao,TB,Manh,TayNam,Hep,0
2023-10-08,Mat,Cao,TB,Yeu,Khac,Rong,0
2023-10-09,Mat,Cao,TB,Manh,Khac,Rong,0
2023-10-10,Mat,Cao,TB,Yeu,Khac,Hep,0
2023-10-11,Mat,Cao,TB,Manh,DongBac,Hep,0
2023-10-12,Mat,Cao,TB,Yeu,Khac,Rong,0
2023-10-13,Mat,Cao,TB,Manh,TayNam,Rong,0
2023-10-14,Mat,Cao,TB,Yeu,Khac,Hep,0
2023-10-15,Mat,Cao,Thap,Yeu,Khac,Hep,1
2023-10-16,Lanh,Cao,TB,Manh,TayNam,Hep,1
2023-10-17,Mat,Cao,TB,Yeu,TayNam,Rong,0
2023-10-18,Mat,Cao,TB,Yeu,TayNam,Hep,0
2023-10-19,Mat,Cao,TB,Yeu,Khac,Rong,0
2023-10-20,Mat,Cao,TB,Yeu,Khac,Rong,0
2023-10-21,Mat,Cao,TB,Manh,Khac,Hep,0
2023-10-22,Mat,Cao,TB,Manh,Khac,Rong,0
2023-10-23,Lanh,Cao,TB,Yeu,DongBac,Hep,0
2023-10-24,Mat,Cao,TB,Yeu,DongBac,Rong,0
2023-10-25,Mat,Cao,TB,Yeu,Khac,Hep,0
2023-10-26,Mat,Cao,TB,Yeu,Khac,Hep,0
2023-10-27,Mat,Cao,TB,Yeu,Khac,Hep,0
2023-10-28,Mat,Cao,TB,Yeu,Khac,Rong,0
2023-10-29,Mat,Cao,TB,Yeu,DongBac,Hep,0
2023-10-30,Mat,Cao,TB,Yeu,DongBac,Rong,0
2023-10-31,Mat,Cao,TB,Manh,DongBac,Rong,0
2023-11-01,Mat,Cao,TB,Yeu,DongBac,Rong,0
2023-11-02,Mat,Cao,TB,Yeu,DongBac,Rong,0
2023-11-03,Mat,Cao,TB,Yeu,DongBac,Hep,0
2023-11-04,Mat,Cao,TB,Yeu,Khac,Rong,0
2023-11-05,Mat,Cao,TB,Yeu,Khac,Hep,0
2023-11-06,Mat,Cao,TB,Manh,DongBac,Rong,0
2023-11-07,Mat,Cao,TB,Yeu,DongBac,Hep,0
2023-11-08,Mat,Cao,TB,Manh,Khac,Rong,0
2023-11-09,Mat,Cao,TB,Yeu,Khac,Rong,0
2023-11-10,Mat,Cao,TB,Yeu,Khac,Hep,0
2023-11-11,Mat,Cao,TB,Manh,DongBac,Rong,0
2023-11-12,Mat,Cao,TB,Yeu,DongBac,Rong,0
2023-11-13,Mat,Cao,TB,Yeu,DongBac,Rong,0
2023-11-14,Mat,Cao,TB,Yeu,DongBac,Rong,0
2023-11-15,Mat,Cao,TB,Yeu,DongBac,Hep,1
2023-11-16,Mat,Cao,Cao,Yeu,DongBac,Hep,0
2023-11-17,Mat,Cao,Cao,Yeu,DongBac,Rong,0
2023-11-18,Mat,BinhThuong,TB,Manh,DongBac,Rong,0
2023-11-19,Lanh,Cao,TB,Yeu,DongBac,Rong,0
2023-11-20,Mat,Cao,TB,Yeu,Khac,Rong,0
2023-11-21,Mat,Cao,TB,Yeu,Khac,Rong,0
2023-11-22,Mat,Cao,TB,Yeu,TayNam,Rong,0
2023-11-23,Mat,Cao,TB,Yeu,TayNam,Hep,0
2023-11-24,Lanh,Cao,TB,Yeu,DongBac,Hep,0
2023-11-25,Mat,Cao,TB,Yeu,Khac,Rong,0
2023-11-26,Mat,Cao,TB,Yeu,DongBac,Rong,0
2023-11-27,Mat,Cao,TB,Yeu,DongBac,Rong,0
2023-11-28,Mat,BinhThuong,TB,Yeu,DongBac,Rong,0
2023-11-29,Mat,Cao,TB,Yeu,DongBac,Rong,0
2023-11-30,Mat,Cao,TB,Yeu,DongBac,Rong,0
2023-12-01,Mat,Cao,TB,Yeu,DongBac,Rong,0
2023-12-02,Mat,Cao,TB,Yeu,DongBac,Hep,0
2023-12-03,Mat,Cao,TB,Yeu,DongBac,Hep,0
2023-12-04,Mat,Cao,TB,Manh,Khac,Rong,0
2023-12-05,Mat,Cao,TB,Yeu,Khac,Rong,0
2023-12-06,Mat,Cao,TB,Yeu,Khac,Rong,0
2023-12-07,Mat,Cao,TB,Yeu,TayNam,Rong,0
2023-12-08,Mat,Cao,TB,Yeu,Khac,Rong,0
2023-12-09,Mat,Cao,TB,Yeu,Khac,Rong,0
2023-12-10,Mat,BinhThuong,TB,Yeu,Khac,Rong,0
2023-12-11,Mat,BinhThuong,TB,Manh,Khac,Rong,0
2023-12-12,Mat,BinhThuong,TB,Yeu,DongBac,Rong,0
2023-12-13,Mat,BinhThuong,TB,Yeu,DongBac,Rong,0
2023-12-14,Mat,BinhThuong,TB,Manh,Khac,Rong,0
2023-12-15,Mat,BinhThuong,TB,Yeu,Khac,Rong,0
2023-12-16,Mat,BinhThuong,TB,Yeu,Khac,Rong,0
2023-12-17,Mat,BinhThuong,TB,Yeu,DongBac,Rong,0
2023-12-18,Mat,BinhThuong,TB,Yeu,DongBac,Rong,0
2023-12-19,Mat,BinhThuong,TB,Yeu,DongBac,Rong,0
2023-12-20,Mat,BinhThuong,TB,Manh,DongBac,Rong,0
2023-12-21,Mat,BinhThuong,TB,Manh,DongBac,Rong,0
2023-12-22,Mat,BinhThuong,TB,Manh,DongBac,Rong,0
2023-12-23,Mat,BinhThuong,Cao,Manh,DongBac,Rong,0
2023-12-24,Mat,BinhThuong,Cao,Manh,DongBac,Rong,0
2023-12-25,Mat,BinhThuong,Cao,Manh,DongBac,Rong,0
2023-12-26,Mat,BinhThuong,Cao,Yeu,DongBac,Rong,0
2023-12-27,Mat,BinhThuong,Cao,Yeu,DongBac,Rong,0
2023-12-28,Mat,BinhThuong,Cao,Yeu,DongBac,Rong,0
2023-12-29,Mat,Cao,TB,Yeu,DongBac,Rong,0
2023-12-30,Mat,BinhThuong,TB,Yeu,Khac,Rong,0
2023-12-31,Mat,BinhThuong,TB,Manh,Khac,Rong,0
2024-01-01,Mat,BinhThuong,TB,Yeu,Khac,Rong,0
2024-01-02,Mat,BinhThuong,TB,Manh,Khac,Rong,0
2024-01-03,Mat,BinhThuong,TB,Manh,Khac,Rong,0
2024-01-04,Mat,BinhThuong,TB,Manh,Khac,Rong,0
2024-01-05,Mat,BinhThuong,TB,Yeu,Khac,Rong,0
2024-01-06,Mat,BinhThuong,TB,Yeu,Khac,Rong,0
2024-01-07,Mat,BinhThuong,TB,Manh,Khac,Rong,0
2024-01-08,Mat,BinhThuong,TB,Yeu,Khac,Rong,0
2024-01-09,Mat,BinhThuong,TB,Yeu,Khac,Rong,0
2024-01-10,Mat,BinhThuong,TB,Manh,Khac,Rong,0
2024-01-11,Mat,BinhThuong,TB,Manh,Khac,Rong,0
2024-01-12,Mat,BinhThuong,TB,Manh,Khac,Rong,0
2024-01-13,Mat,BinhThuong,TB,Yeu,Khac,Rong,0
2024-01-14,Mat,BinhThuong,TB,Yeu,DongBac,Rong,0
2024-01-15,Mat,BinhThuong,TB,Yeu,DongBac,Rong,0
2024-01-16,Mat,BinhThuong,TB,Yeu,DongBac,Rong,0
2024-01-17,Mat,BinhThuong,TB,Yeu,Khac,Rong,0
2024-01-18,Mat,BinhThuong,TB,Manh,Khac,Rong,0
2024-01-19,Mat,BinhThuong,TB,Yeu,Khac,Rong,0
2024-01-20,Mat,BinhThuong,TB,Manh,Khac,Rong,0
2024-01-21,Mat,BinhThuong,TB,Manh,Khac,Rong,0
2024-01-22,Mat,BinhThuong,TB,Yeu,Khac,Rong,0
2024-01-23,Mat,BinhThuong,Cao,Manh,Khac,Rong,0
2024-01-24,Mat,BinhThuong,Cao,Yeu,Khac,Rong,0
2024-01-25,Mat,BinhThuong,Cao,Yeu,Khac,Rong,0
2024-01-26,Mat,BinhThuong,Cao,Manh,DongBac,Rong,0
2024-01-27,Mat,BinhThuong,Cao,Manh,Khac,Rong,0
2024-01-28,Mat,BinhThuong,Cao,Yeu,Khac,Rong,0
2024-01-29,Mat,BinhThuong,Cao,Yeu,DongBac,Rong,0
2024-01-30,Mat,BinhThuong,Cao,Manh,Khac,Rong,0
2024-01-31,Mat,BinhThuong,Cao,Manh,Khac,Rong,0
2024-02-01,Mat,BinhThuong,Cao,Manh,Khac,Rong,0
2024-02-02,Mat,BinhThuong,Cao,Manh,Khac,Rong,0
2024-02-03,Mat,BinhThuong,Cao,Manh,Khac,Rong,0
2024-02-04,Mat,BinhThuong,Cao,Manh,Khac,Rong,0
2024-02-05,Mat,BinhThuong,Cao,Manh,Khac,Rong,0
2024-02-06,Mat,BinhThuong,Cao,Manh,Khac,Rong,0
2024-02-07,Mat,BinhThuong,Cao,Manh,Khac,Rong,0
2024-02-08,Mat,BinhThuong,TB,Manh,Khac,Rong,0
2024-02-09,Mat,BinhThuong,Cao,Manh,Khac,Rong,0
2024-02-10,Mat,BinhThuong,Cao,Manh,Khac,Rong,0
2024-02-11,Mat,BinhThuong,Cao,Yeu,DongBac,Rong,0
2024-02-12,Mat,BinhThuong,Cao,Manh,DongBac,Rong,0
2024-02-13,Mat,BinhThuong,Cao,Manh,Khac,Rong,0
2024-02-14,Mat,BinhThuong,Cao,Manh,Khac,Rong,0
2024-02-15,Mat,BinhThuong,Cao,Manh,Khac,Rong,0
2024-02-16,Mat,BinhThuong,TB,Manh,Khac,Rong,0
2024-02-17,Mat,BinhThuong,TB,Manh,Khac,Rong,0
2024-02-18,Mat,BinhThuong,TB,Manh,Khac,Rong,0
2024-02-19,Mat,BinhThuong,TB,Manh,Khac,Rong,0
2024-02-20,Mat,BinhThuong,TB,Manh,Khac,Rong,0
2024-02-21,Mat,BinhThuong,TB,Manh,Khac,Rong,0
2024-02-22,Mat,BinhThuong,TB,Manh,Khac,Rong,0
2024-02-23,Mat,BinhThuong,Cao,Manh,Khac,Rong,0
2024-02-24,Mat,BinhThuong,TB,Manh,Khac,Rong,0
2024-02-25,Mat,BinhThuong,TB,Manh,Khac,Rong,0
2024-02-26,Mat,BinhThuong,TB,Manh,Khac,Rong,0
2024-02-27,Mat,BinhThuong,TB,Manh,Khac,Rong,0
2024-02-28,Mat,BinhThuong,TB,Manh,Khac,Rong,0
2024-02-29,Mat,BinhThuong,TB,Manh,Khac,Rong,0
2024-03-01,Mat,BinhThuong,TB,Manh,Khac,Rong,0
2024-03-02,Mat,BinhThuong,TB,Manh,Khac,Rong,0
2024-03-03,Mat,BinhThuong,TB,Manh,Khac,Rong,0
2024-03-04,Mat,BinhThuong,TB,Manh,Khac,Rong,0
2024-03-05,Mat,BinhThuong,TB,Manh,Khac,Rong,0
2024-03-06,Mat,BinhThuong,TB,Manh,Khac,Rong,0
2024-03-07,Mat,BinhThuong,TB,Manh,Khac,Rong,0
2024-03-08,Mat,BinhThuong,TB,Manh,Khac,Rong,0
2024-03-09,Mat,BinhThuong,TB,Manh,Khac,Rong,0
2024-03-10,Mat,BinhThuong,TB,Manh,Khac,Rong,0
2024-03-11,Mat,BinhThuong,TB,Manh,Khac,Rong,0
2024-03-12,Mat,BinhThuong,TB,Manh,Khac,Rong,0
2024-03-13,Mat,BinhThuong,TB,Manh,Khac,Rong,0
2024-03-14,Mat,BinhThuong,TB,Manh,Khac,Rong,0
2024-03-15,Mat,BinhThuong,TB,Manh,Khac,Rong,0
2024-03-16,Mat,BinhThuong,TB,Manh,Khac,Rong,0
2024-03-17,Mat,BinhThuong,TB,Manh,Khac,Rong,0
2024-03-18,Mat,BinhThuong,TB,Manh,Khac,Rong,0
2024-03-19,Mat,BinhThuong,TB,Manh,Khac,Rong,0
2024-03-20,Mat,BinhThuong,TB,Manh,Khac,Rong,0
2024-03-21,Mat,BinhThuong,TB,Manh,Khac,Rong,0
2024-03-22,Mat,BinhThuong,TB,Manh,Khac,Rong,0
2024-03-23,Mat,BinhThuong,TB,Manh,Khac,Rong,0
2024-03-24,Mat,BinhThuong,TB,Manh,Khac,Rong,0
2024-03-25,Mat,BinhThuong,TB,Manh,Khac,Rong,0
2024-03-26,Nong,BinhThuong,TB,Manh,Khac,Rong,0
2024-03-27,Nong,BinhThuong,Cao,Manh,Khac,Rong,0
2024-03-28,Nong,BinhThuong,TB,Manh,Khac,Rong,0
2024-03-29,Nong,BinhThuong,TB,Manh,Khac,Rong,0
2024-03-30,Nong,BinhThuong,TB,Manh,Khac,Rong,0
2024-03-31,Nong,BinhThuong,TB,Manh,Khac,Rong,0
2024-04-01,Nong,BinhThuong,TB,Manh,Khac,Rong,0
2024-04-02,Nong,BinhThuong,TB,Manh,Khac,Rong,0
2024-04-03,Nong,BinhThuong,TB,Manh,Khac,Rong,0
2024-04-04,Nong,BinhThuong,TB,Manh,Khac,Rong,0
2024-04-05,Nong,BinhThuong,Thap,Manh,Khac,Rong,0
2024-04-06,Nong,BinhThuong,TB,Manh,Khac,Rong,0
2024-04-07,Nong,BinhThuong,Thap,Manh,Khac,Rong,0
2024-04-08,Nong,BinhThuong,TB,Manh,Khac,Rong,0
2024-04-09,Nong,BinhThuong,TB,Manh,Khac,Rong,0
2024-04-10,Nong,BinhThuong,TB,Manh,Khac,Rong,0
2024-04-11,Nong,BinhThuong,TB,Manh,Khac,Rong,0
2024-04-12,Nong,BinhThuong,TB,Manh,Khac,Rong,0
2024-04-13,Nong,BinhThuong,TB,Manh,Khac,Rong,0
2024-04-14,Nong,BinhThuong,TB,Manh,Khac,Rong,0
2024-04-15,Nong,BinhThuong,TB,Manh,Khac,Rong,0
2024-04-16,Nong,BinhThuong,TB,Manh,Khac,Rong,0
2024-04-17,Nong,BinhThuong,TB,Manh,Khac,Rong,0
2024-04-18,Nong,BinhThuong,Thap,Manh,Khac,Rong,0
2024-04-19,Nong,BinhThuong,Thap,Manh,Khac,Rong,0
2024-04-20,Nong,BinhThuong,Thap,Manh,Khac,Rong,0
2024-04-21,Nong,BinhThuong,Thap,Manh,Khac,Rong,0
2024-04-22,Nong,BinhThuong,Thap,Manh,Khac,Rong,0
2024-04-23,Nong,BinhThuong,Thap,Manh,Khac,Rong,0
2024-04-24,Nong,BinhThuong,Thap,Manh,Khac,Rong,0
2024-04-25,Nong,BinhThuong,Thap,Manh,Khac,Rong,0
2024-04-26,Nong,BinhThuong,Thap,Manh,Khac,Rong,0
2024-04-27,Nong,BinhThuong,Thap,Manh,Khac,Rong,0
2024-04-28,Nong,BinhThuong,Thap,Manh,Khac,Rong,0
2024-04-29,Nong,BinhThuong,Thap,Manh,Khac,Rong,0
2024-04-30,Nong,BinhThuong,Thap,Manh,Khac,Rong,0
2024-05-01,Nong,BinhThuong,Thap,Manh,Khac,Rong,0
2024-05-02,Nong,BinhThuong,Thap,Manh,Khac,Rong,0
2024-05-03,Nong,BinhThuong,Thap,Manh,Khac,Rong,0
2024-05-04,Nong,BinhThuong,Thap,Yeu,Khac,Rong,0
2024-05-05,Mat,Cao,Thap,Manh,Khac,Rong,0
2024-05-06,Mat,Cao,TB,Manh,Khac,Hep,0
2024-05-07,Mat,Cao,TB,Manh,Khac,Hep,0
2024-05-08,Nong,BinhThuong,TB,Yeu,Khac,Rong,0
2024-05-09,Nong,BinhThuong,Thap,Manh,Khac,Rong,0
2024-05-10,Nong,BinhThuong,TB,Manh,Khac,Rong,0
2024-05-11,Nong,BinhThuong,TB,Manh,Khac,Rong,0
2024-05-12,Nong,BinhThuong,TB,Manh,Khac,Rong,0
2024-05-13,Nong,BinhThuong,Thap,Manh,Khac,Rong,0
2024-05-14,Nong,BinhThuong,TB,Manh,Khac,Rong,0
2024-05-15,Nong,BinhThuong,TB,Manh,Khac,Rong,0
2024-05-16,Mat,Cao,TB,Yeu,Khac,Hep,0
2024-05-17,Mat,Cao,TB,Manh,Khac,Hep,0
2024-05-18,Mat,Cao,Thap,Manh,Khac,Rong,0
2024-05-19,Mat,Cao,Thap,Yeu,TayNam,Rong,0
2024-05-20,Mat,Cao,Thap,Yeu,Khac,Hep,1
2024-05-21,Mat,Cao,Thap,Yeu,TayNam,Hep,1
2024-05-22,Mat,Cao,Thap,Yeu,TayNam,Rong,0
2024-05-23,Mat,Cao,Thap,Manh,Khac,Hep,0
2024-05-24,Mat,Cao,Thap,Manh,Khac,Rong,0
2024-05-25,Nong,Cao,Thap,Yeu,Khac,Hep,0
2024-05-26,Mat,Cao,TB,Yeu,Khac,Rong,0
2024-05-27,Nong,Cao,Thap,Yeu,TayNam,Rong,0
2024-05-28,Mat,Cao,Thap,Yeu,TayNam,Rong,1
2024-05-29,Mat,Cao,Thap,Manh,TayNam,Rong,1
2024-05-30,Mat,Cao,Thap,Manh,TayNam,Hep,0
2024-05-31,Mat,Cao,Thap,Manh,TayNam,Hep,1
2024-06-01,Mat,Cao,TB,Manh,TayNam,Rong,0
2024-06-02,Mat,Cao,TB,Yeu,Khac,Rong,0
2024-06-03,Mat,Cao,TB,Manh,Khac,Rong,0
2024-06-04,Nong,Cao,Thap,Yeu,TayNam,Rong,0
2024-06-05,Mat,Cao,TB,Yeu,TayNam,Hep,0
2024-06-06,Mat,Cao,TB,Yeu,Khac,Rong,0
2024-06-07,Mat,Cao,Thap,Yeu,TayNam,Hep,0
2024-06-08,Mat,Cao,Thap,Yeu,TayNam,Rong,0
2024-06-09,Mat,Cao,Thap,Manh,TayNam,Hep,0
2024-06-10,Mat,Cao,TB,Manh,TayNam,Hep,0
2024-06-11,Mat,Cao,TB,Manh,TayNam,Rong,0
2024-06-12,Mat,Cao,TB,Manh,TayNam,Rong,0
2024-06-13,Mat,Cao,Thap,Manh,Khac,Rong,0
2024-06-14,Mat,Cao,Thap,Manh,TayNam,Rong,0
2024-06-15,Mat,Cao,Thap,Manh,TayNam,Rong,0
2024-06-16,Mat,Cao,Thap,Manh,TayNam,Rong,0
2024-06-17,Mat,Cao,Thap,Manh,TayNam,Rong,0
2024-06-18,Mat,Cao,Thap,Manh,TayNam,Rong,0
2024-06-19,Mat,Cao,Thap,Manh,TayNam,Rong,0
2024-06-20,Mat,Cao,Thap,Manh,TayNam,Hep,1
2024-06-21,Mat,Cao,Thap,Yeu,TayNam,Hep,1
2024-06-22,Mat,Cao,Thap,Manh,TayNam,Hep,1
2024-06-23,Mat,Cao,Thap,Manh,TayNam,Hep,1
2024-06-24,Mat,Cao,Thap,Manh,TayNam,Hep,1
2024-06-25,Mat,Cao,Thap,Yeu,TayNam,Hep,0
2024-06-26,Mat,Cao,Thap,Yeu,Khac,Rong,0
2024-06-27,Mat,Cao,TB,Yeu,Khac,Hep,0
2024-06-28,Mat,Cao,TB,Manh,Khac,Hep,0
2024-06-29,Mat,Cao,TB,Manh,Khac,Hep,0
2024-06-30,Mat,Cao,TB,Yeu,TayNam,Rong,0
2024-07-01,Mat,Cao,TB,Manh,TayNam,Hep,0
2024-07-02,Mat,Cao,Thap,Yeu,Khac,Rong,1
2024-07-03,Mat,Cao,TB,Manh,TayNam,Hep,0
2024-07-04,Mat,Cao,TB,Yeu,TayNam,Hep,0
2024-07-05,Mat,Cao,Thap,Manh,TayNam,Rong,0
2024-07-06,Mat,Cao,Thap,Manh,TayNam,Rong,0
2024-07-07,Mat,Cao,Thap,Manh,Khac,Hep,0
2024-07-08,Mat,Cao,Thap,Manh,TayNam,Hep,0
2024-07-09,Mat,Cao,TB,Yeu,TayNam,Hep,0
2024-07-10,Mat,Cao,TB,Manh,TayNam,Hep,0
2024-07-11,Mat,Cao,TB,Manh,TayNam,Hep,0
2024-07-12,Mat,Cao,Thap,Manh,TayNam,Hep,0
2024-07-13,Mat,Cao,Thap,Manh,TayNam,Hep,1
2024-07-14,Mat,Cao,Thap,Manh,TayNam,Hep,1
2024-07-15,Mat,Cao,Thap,Manh,TayNam,Hep,1
2024-07-16,Mat,Cao,Thap,Manh,TayNam,Hep,1
2024-07-17,Lanh,Cao,Thap,Manh,TayNam,Hep,1
2024-07-18,Mat,Cao,Thap,Manh,TayNam,Hep,1
2024-07-19,Mat,Cao,Thap,Manh,TayNam,Hep,1
2024-07-20,Lanh,Cao,Thap,Manh,TayNam,Hep,1
2024-07-21,Mat,Cao,Thap,Manh,TayNam,Hep,1
2024-07-22,Mat,Cao,Thap,Manh,TayNam,Hep,1
2024-07-23,Mat,Cao,Thap,Manh,TayNam,Hep,0
2024-07-24,Mat,Cao,Thap,Manh,TayNam,Hep,0
2024-07-25,Mat,Cao,Thap,Manh,TayNam,Hep,1
2024-07-26,Mat,Cao,Thap,Manh,TayNam,Hep,0
2024-07-27,Mat,Cao,Thap,Manh,TayNam,Hep,1
2024-07-28,Mat,Cao,Thap,Yeu,TayNam,Hep,0
2024-07-29,Mat,Cao,Thap,Manh,TayNam,Hep,0
2024-07-30,Mat,Cao,TB,Yeu,TayNam,Rong,0
2024-07-31,Mat,Cao,TB,Manh,TayNam,Rong,0
2024-08-01,Mat,Cao,TB,Manh,TayNam,Hep,1
2024-08-02,Mat,Cao,TB,Manh,TayNam,Hep,1
2024-08-03,Mat,Cao,TB,Yeu,TayNam,Hep,0
2024-08-04,Mat,Cao,TB,Yeu,Khac,Hep,0
2024-08-05,Mat,Cao,TB,Manh,TayNam,Rong,1
2024-08-06,Mat,Cao,Thap,Yeu,TayNam,Rong,1
2024-08-07,Mat,Cao,TB,Manh,TayNam,Hep,0
2024-08-08,Mat,Cao,TB,Yeu,TayNam,Rong,0
2024-08-09,Mat,Cao,TB,Yeu,TayNam,Hep,0
2024-08-10,Mat,Cao,Thap,Yeu,TayNam,Rong,0
2024-08-11,Mat,Cao,Thap,Manh,TayNam,Rong,0
2024-08-12,Mat,Cao,Thap,Manh,TayNam,Hep,0
2024-08-13,Mat,Cao,Thap,Manh,TayNam,Rong,0
2024-08-14,Mat,Cao,Thap,Yeu,TayNam,Rong,0
2024-08-15,Mat,Cao,Thap,Yeu,TayNam,Rong,0
2024-08-16,Mat,Cao,Thap,Yeu,TayNam,Rong,0
2024-08-17,Mat,Cao,TB,Yeu,TayNam,Rong,0
2024-08-18,Mat,Cao,TB,Yeu,TayNam,Rong,0
2024-08-19,Mat,Cao,Thap,Yeu,TayNam,Rong,0
2024-08-20,Mat,Cao,TB,Yeu,TayNam,Rong,0
2024-08-21,Mat,Cao,TB,Yeu,TayNam,Rong,0
2024-08-22,Mat,Cao,TB,Yeu,Khac,Rong,0
2024-08-23,Mat,Cao,TB,Manh,TayNam,Hep,0
2024-08-24,Mat,Cao,TB,Yeu,Khac,Rong,0
2024-08-25,Mat,Cao,TB,Yeu,TayNam,Rong,0
2024-08-26,Mat,Cao,Thap,Manh,TayNam,Rong,1
2024-08-27,Mat,Cao,TB,Manh,TayNam,Hep,0
2024-08-28,Mat,Cao,Thap,Manh,TayNam,Hep,0
2024-08-29,Mat,Cao,TB,Manh,TayNam,Hep,0
2024-08-30,Mat,Cao,Thap,Manh,TayNam,Hep,1
2024-08-31,Mat,Cao,Thap,Manh,Khac,Hep,1
2024-09-01,Mat,Cao,Thap,Yeu,TayNam,Hep,1
2024-09-02,Mat,Cao,Thap,Manh,TayNam,Hep,1
2024-09-03,Mat,Cao,TB,Manh,TayNam,Hep,0
2024-09-04,Mat,Cao,Thap,Manh,TayNam,Hep,0
2024-09-05,Mat,Cao,Thap,Manh,TayNam,Hep,0
2024-09-06,Mat,Cao,Thap,Manh,TayNam,Hep,0
2024-09-07,Mat,Cao,Thap,Manh,TayNam,Hep,1
2024-09-08,Mat,Cao,TB,Manh,TayNam,Hep,0
2024-09-09,Mat,Cao,Thap,Manh,Khac,Hep,0
2024-09-10,Mat,Cao,Thap,Manh,TayNam,Rong,0
2024-09-11,Mat,Cao,Thap,Yeu,TayNam,Hep,0
2024-09-12,Mat,Cao,Thap,Yeu,TayNam,Hep,0
2024-09-13,Mat,Cao,Thap,Manh,TayNam,Hep,1
2024-09-14,Mat,Cao,Thap,Manh,TayNam,Hep,1
2024-09-15,Mat,Cao,Thap,Manh,TayNam,Hep,0
2024-09-16,Mat,Cao,Thap,Manh,TayNam,Hep,1
2024-09-17,Mat,Cao,Thap,Manh,Khac,Hep,0
2024-09-18,Lanh,Cao,Thap,Manh,Khac,Hep,1
2024-09-19,Mat,Cao,Thap,Manh,TayNam,Hep,0
2024-09-20,Mat,Cao,Thap,Manh,TayNam,Hep,0
2024-09-21,Lanh,Cao,Thap,Manh,TayNam,Hep,1
2024-09-22,Mat,Cao,Thap,Manh,TayNam,Hep,0
2024-09-23,Mat,Cao,TB,Yeu,TayNam,Hep,1
2024-09-24,Mat,Cao,TB,Yeu,Khac,Hep,0
2024-09-25,Mat,Cao,TB,Yeu,DongBac,Hep,0
2024-09-26,Mat,Cao,TB,Manh,Khac,Rong,0
2024-09-27,Mat,Cao,TB,Manh,Khac,Hep,0
2024-09-28,Mat,Cao,TB,Yeu,Khac,Rong,0
2024-09-29,Mat,Cao,TB,Yeu,TayNam,Hep,0
2024-09-30,Mat,Cao,Thap,Yeu,TayNam,Rong,0
2024-10-01,Mat,Cao,Thap,Yeu,TayNam,Hep,0
2024-10-02,Mat,Cao,TB,Yeu,Khac,Rong,0
2024-10-03,Mat,Cao,TB,Manh,Khac,Hep,0
2024-10-04,Mat,Cao,TB,Yeu,Khac,Hep,0
2024-10-05,Mat,Cao,TB,Yeu,Khac,Rong,0
2024-10-06,Mat,Cao,TB,Yeu,Khac,Hep,1
2024-10-07,Mat,Cao,TB,Yeu,Khac,Rong,1
2024-10-08,Mat,Cao,TB,Yeu,TayNam,Hep,0
2024-10-09,Mat,Cao,TB,Yeu,Khac,Hep,0
2024-10-10,Mat,Cao,TB,Manh,Khac,Hep,0
2024-10-11,Mat,Cao,TB,Yeu,Khac,Hep,0
2024-10-12,Mat,Cao,TB,Yeu,DongBac,Hep,0
2024-10-13,Mat,Cao,TB,Yeu,DongBac,Rong,0
2024-10-14,Mat,Cao,TB,Yeu,TayNam,Rong,0
2024-10-15,Mat,Cao,TB,Yeu,DongBac,Hep,1
2024-10-16,Mat,Cao,TB,Yeu,Khac,Hep,0
2024-10-17,Mat,Cao,TB,Manh,Khac,Hep,0
2024-10-18,Lanh,Cao,TB,Yeu,Khac,Hep,0
2024-10-19,Mat,Cao,TB,Yeu,Khac,Hep,0
2024-10-20,Mat,Cao,TB,Manh,Khac,Hep,0
2024-10-21,Mat,Cao,TB,Manh,Khac,Rong,0
2024-10-22,Mat,Cao,TB,Manh,Khac,Rong,0
2024-10-23,Mat,Cao,TB,Yeu,Khac,Hep,0
2024-10-24,Mat,Cao,TB,Yeu,Khac,Rong,0
2024-10-25,Mat,Cao,Thap,Manh,Khac,Rong,0
2024-10-26,Mat,Cao,Thap,Manh,Khac,Rong,0
2024-10-27,Lanh,Cao,Thap,Yeu,Khac,Hep,0
2024-10-28,Lanh,Cao,Thap,Yeu,TayNam,Hep,1
2024-10-29,Lanh,Cao,Thap,Manh,TayNam,Hep,0
2024-10-30,Mat,Cao,TB,Yeu,Khac,Rong,0
2024-10-31,Mat,Cao,Thap,Yeu,Khac,Rong,0
2024-11-01,Mat,Cao,TB,Yeu,Khac,Rong,0
2024-11-02,Mat,Cao,TB,Yeu,Khac,Hep,0
2024-11-03,Mat,Cao,TB,Yeu,Khac,Rong,0
2024-11-04,Mat,Cao,TB,Manh,DongBac,Hep,0
2024-11-05,Mat,Cao,TB,Yeu,DongBac,Rong,0
2024-11-06,Mat,Cao,TB,Yeu,Khac,Hep,0
2024-11-07,Mat,Cao,TB,Yeu,Khac,Rong,0
2024-11-08,Mat,Cao,TB,Yeu,DongBac,Rong,0
2024-11-09,Mat,Cao,TB,Yeu,Khac,Rong,0
2024-11-10,Mat,Cao,TB,Yeu,Khac,Rong,0
2024-11-11,Mat,Cao,TB,Yeu,TayNam,Rong,0
2024-11-12,Mat,Cao,TB,Yeu,TayNam,Hep,0
2024-11-13,Mat,Cao,TB,Yeu,Khac,Rong,0
2024-11-14,Mat,Cao,TB,Yeu,Khac,Rong,0
2024-11-15,Mat,Cao,TB,Yeu,Khac,Rong,0
2024-11-16,Mat,BinhThuong,TB,Yeu,Khac,Rong,0
2024-11-17,Mat,BinhThuong,Thap,Yeu,Khac,Rong,0
2024-11-18,Mat,BinhThuong,TB,Yeu,Khac,Rong,0
2024-11-19,Mat,BinhThuong,TB,Yeu,DongBac,Rong,0
2024-11-20,Mat,BinhThuong,TB,Yeu,DongBac,Rong,0
2024-11-21,Mat,Cao,Thap,Yeu,DongBac,Rong,0
2024-11-22,Mat,Cao,TB,Yeu,DongBac,Rong,0
2024-11-23,Mat,Cao,TB,Yeu,DongBac,Rong,0
2024-11-24,Mat,Cao,TB,Yeu,DongBac,Rong,0
2024-11-25,Mat,BinhThuong,TB,Yeu,DongBac,Rong,0
2024-11-26,Mat,BinhThuong,Thap,Yeu,DongBac,Rong,0
2024-11-27,Mat,BinhThuong,TB,Yeu,DongBac,Rong,0
2024-11-28,Mat,BinhThuong,TB,Manh,DongBac,Rong,0
2024-11-29,Mat,BinhThuong,TB,Manh,DongBac,Hep,0
2024-11-30,Mat,BinhThuong,TB,Yeu,DongBac,Rong,0
2024-12-01,Mat,BinhThuong,Thap,Yeu,Khac,Rong,0
2024-12-02,Mat,BinhThuong,Thap,Yeu,Khac,Rong,0
2024-12-03,Mat,Cao,Thap,Yeu,TayNam,Hep,0
2024-12-04,Mat,Cao,Thap,Yeu,DongBac,Rong,0
2024-12-05,Mat,Cao,Thap,Yeu,Khac,Hep,0
2024-12-06,Mat,Cao,Thap,Yeu,DongBac,Rong,0
2024-12-07,Mat,Cao,TB,Yeu,DongBac,Hep,0
2024-12-08,Mat,Cao,TB,Yeu,DongBac,Rong,0
2024-12-09,Mat,BinhThuong,Thap,Yeu,DongBac,Rong,0
2024-12-10,Mat,BinhThuong,Thap,Yeu,DongBac,Rong,0
2024-12-11,Lanh,Cao,Thap,Yeu,DongBac,Rong,0
2024-12-12,Mat,Cao,Thap,Yeu,DongBac,Hep,1
2024-12-13,Mat,Cao,Thap,Manh,DongBac,Hep,1
2024-12-14,Lanh,Cao,TB,Yeu,Khac,Hep,0
2024-12-15,Lanh,Cao,TB,Yeu,DongBac,Hep,0
2024-12-16,Lanh,Cao,TB,Yeu,DongBac,Hep,0
2024-12-17,Lanh,Cao,TB,Yeu,Khac,Rong,0
2024-12-18,Lanh,Cao,TB,Yeu,DongBac,Rong,0
2024-12-19,Mat,Cao,TB,Yeu,DongBac,Rong,0
2024-12-20,Lanh,Cao,TB,Yeu,Khac,Rong,0
2024-12-21,Lanh,Cao,TB,Yeu,Khac,Rong,0
2024-12-22,Lanh,BinhThuong,TB,Yeu,Khac,Rong,0
2024-12-23,Lanh,BinhThuong,TB,Yeu,Khac,Rong,0
2024-12-24,Mat,BinhThuong,TB,Manh,DongBac,Hep,0
2024-12-25,Mat,BinhThuong,TB,Manh,DongBac,Rong,0
2024-12-26,Mat,BinhThuong,TB,Yeu,DongBac,Rong,0
2024-12-27,Mat,Cao,Cao,Yeu,DongBac,Rong,0
2024-12-28,Lanh,Cao,Cao,Yeu,Khac,Rong,0
2024-12-29,Lanh,Cao,TB,Yeu,DongBac,Rong,0
2024-12-30,Lanh,Cao,TB,Yeu,Khac,Rong,0
2024-12-31,Lanh,Cao,TB,Yeu,DongBac,Rong,0
2025-01-01,Lanh,Cao,TB,Yeu,DongBac,Hep,0
2025-01-02,Lanh,Cao,TB,Yeu,DongBac,Rong,0
2025-01-03,Mat,Cao,TB,Yeu,DongBac,Rong,0
2025-01-04,Mat,BinhThuong,TB,Yeu,Khac,Rong,0
2025-01-05,Mat,BinhThuong,TB,Yeu,DongBac,Rong,0
2025-01-06,Mat,BinhThuong,TB,Yeu,Khac,Rong,0
2025-01-07,Mat,BinhThuong,TB,Yeu,Khac,Rong,0
2025-01-08,Mat,BinhThuong,TB,Yeu,TayNam,Rong,0
2025-01-09,Mat,BinhThuong,TB,Yeu,DongBac,Rong,0
2025-01-10,Mat,BinhThuong,Cao,Yeu,DongBac,Rong,0
2025-01-11,Mat,BinhThuong,Cao,Yeu,DongBac,Rong,0
2025-01-12,Mat,BinhThuong,Cao,Yeu,DongBac,Rong,0
2025-01-13,Lanh,BinhThuong,TB,Yeu,Khac,Rong,0
2025-01-14,Mat,BinhThuong,TB,Yeu,DongBac,Rong,0
2025-01-15,Mat,Cao,TB,Yeu,DongBac,Rong,0
2025-01-16,Mat,BinhThuong,TB,Manh,DongBac,Rong,0
2025-01-17,Lanh,BinhThuong,TB,Yeu,DongBac,Rong,0
2025-01-18,Lanh,BinhThuong,TB,Yeu,Khac,Rong,0
2025-01-19,Mat,Cao,TB,Yeu,Khac,Rong,0
2025-01-20,Mat,BinhThuong,TB,Yeu,Khac,Rong,0
2025-01-21,Mat,BinhThuong,TB,Yeu,DongBac,Rong,0
2025-01-22,Mat,BinhThuong,TB,Manh,Khac,Rong,0
2025-01-23,Mat,BinhThuong,TB,Yeu,Khac,Rong,0
2025-01-24,Mat,BinhThuong,TB,Yeu,Khac,Rong,0
2025-01-25,Mat,BinhThuong,TB,Yeu,Khac,Rong,0
2025-01-26,Mat,BinhThuong,TB,Yeu,Khac,Rong,0
2025-01-27,Mat,BinhThuong,TB,Yeu,Khac,Rong,0
2025-01-28,Mat,BinhThuong,TB,Yeu,Khac,Rong,0
2025-01-29,Lanh,BinhThuong,Cao,Yeu,Khac,Rong,0
2025-01-30,Lanh,BinhThuong,TB,Yeu,Khac,Rong,0
2025-01-31,Mat,BinhThuong,TB,Yeu,Khac,Rong,0
2025-02-01,Mat,BinhThuong,TB,Yeu,TayNam,Rong,0
2025-02-02,Mat,BinhThuong,TB,Yeu,Khac,Rong,0
2025-02-03,Mat,BinhThuong,TB,Yeu,Khac,Rong,0
2025-02-04,Mat,BinhThuong,TB,Yeu,Khac,Rong,0
2025-02-05,Mat,BinhThuong,TB,Manh,Khac,Rong,0
2025-02-06,Mat,BinhThuong,TB,Yeu,DongBac,Rong,0
2025-02-07,Mat,BinhThuong,TB,Yeu,Khac,Rong,0
2025-02-08,Mat,BinhThuong,TB,Yeu,Khac,Rong,0
2025-02-09,Mat,BinhThuong,TB,Yeu,DongBac,Rong,0
2025-02-10,Mat,BinhThuong,TB,Yeu,Khac,Rong,0
2025-02-11,Mat,BinhThuong,TB,Manh,Khac,Rong,0
2025-02-12,Mat,Cao,TB,Yeu,TayNam,Rong,0
2025-02-13,Mat,Cao,TB,Yeu,Khac,Rong,0
2025-02-14,Mat,Cao,TB,Yeu,Khac,Rong,0
2025-02-15,Mat,Cao,TB,Yeu,Khac,Rong,0
2025-02-16,Mat,BinhThuong,TB,Yeu,Khac,Rong,0
2025-02-17,Mat,BinhThuong,TB,Yeu,Khac,Rong,0
2025-02-18,Mat,BinhThuong,TB,Manh,Khac,Rong,0
2025-02-19,Mat,Cao,TB,Yeu,Khac,Rong,0
2025-02-20,Mat,BinhThuong,TB,Yeu,Khac,Rong,0
2025-02-21,Mat,BinhThuong,TB,Yeu,Khac,Rong,0
2025-02-22,Mat,Cao,TB,Yeu,DongBac,Rong,0
2025-02-23,Mat,Cao,Cao,Manh,DongBac,Rong,0
2025-02-24,Mat,Cao,Cao,Manh,DongBac,Rong,0
2025-02-25,Mat,BinhThuong,Cao,Manh,DongBac,Rong,0
2025-02-26,Mat,BinhThuong,Cao,Yeu,DongBac,Rong,0
2025-02-27,Mat,BinhThuong,TB,Yeu,Khac,Rong,0
2025-02-28,Mat,BinhThuong,TB,Manh,Khac,Rong,0
2025-03-01,Mat,BinhThuong,TB,Manh,Khac,Rong,0
2025-03-02,Mat,BinhThuong,TB,Manh,Khac,Rong,0
2025-03-03,Mat,BinhThuong,TB,Yeu,Khac,Rong,0
2025-03-04,Mat,BinhThuong,Thap,Yeu,Khac,Rong,0
2025-03-05,Mat,BinhThuong,Thap,Yeu,Khac,Rong,0
2025-03-06,Mat,BinhThuong,TB,Yeu,Khac,Rong,0
2025-03-07,Mat,BinhThuong,TB,Yeu,Khac,Rong,0
2025-03-08,Mat,BinhThuong,TB,Yeu,DongBac,Rong,0
2025-03-09,Mat,BinhThuong,TB,Yeu,DongBac,Rong,0
2025-03-10,Mat,BinhThuong,TB,Manh,DongBac,Rong,0
2025-03-11,Nong,BinhThuong,TB,Manh,Khac,Rong,0
2025-03-12,Mat,BinhThuong,TB,Manh,Khac,Rong,0
2025-03-13,Mat,BinhThuong,TB,Manh,Khac,Rong,0
2025-03-14,Mat,BinhThuong,TB,Manh,Khac,Rong,0
2025-03-15,Mat,BinhThuong,TB,Yeu,Khac,Rong,0
2025-03-16,Mat,BinhThuong,TB,Manh,Khac,Rong,0
2025-03-17,Mat,BinhThuong,TB,Yeu,DongBac,Rong,0
2025-03-18,Mat,BinhThuong,TB,Yeu,Khac,Rong,0
2025-03-19,Nong,BinhThuong,Cao,Yeu,DongBac,Rong,0
2025-03-20,Mat,BinhThuong,Cao,Manh,DongBac,Rong,0
2025-03-21,Mat,BinhThuong,Cao,Yeu,DongBac,Rong,0
2025-03-22,Mat,BinhThuong,TB,Yeu,Khac,Rong,0
2025-03-23,Mat,BinhThuong,TB,Yeu,Khac,Rong,0
2025-03-24,Mat,BinhThuong,TB,Manh,Khac,Rong,0
2025-03-25,Mat,BinhThuong,Thap,Manh,Khac,Rong,0
2025-03-26,Mat,BinhThuong,Thap,Yeu,Khac,Rong,0
2025-03-27,Mat,BinhThuong,Thap,Yeu,Khac,Rong,0
2025-03-28,Mat,BinhThuong,Thap,Yeu,Khac,Rong,0
2025-03-29,Mat,BinhThuong,Thap,Manh,Khac,Rong,0
2025-03-30,Mat,BinhThuong,TB,Manh,Khac,Rong,0
2025-03-31,Mat,BinhThuong,TB,Yeu,Khac,Rong,0
2025-04-01,Mat,Cao,TB,Yeu,Khac,Rong,1
2025-04-02,Mat,Cao,TB,Yeu,Khac,Hep,0
2025-04-03,Mat,BinhThuong,TB,Yeu,Khac,Rong,0
2025-04-04,Mat,BinhThuong,TB,Yeu,Khac,Rong,0
2025-04-05,Mat,BinhThuong,TB,Yeu,Khac,Rong,0
2025-04-06,Mat,BinhThuong,TB,Yeu,Khac,Rong,0
2025-04-07,Mat,BinhThuong,TB,Manh,Khac,Rong,0
2025-04-08,Mat,BinhThuong,TB,Manh,Khac,Rong,0
2025-04-09,Mat,BinhThuong,TB,Yeu,Khac,Rong,0
2025-04-10,Mat,BinhThuong,Thap,Yeu,Khac,Rong,0
2025-04-11,Mat,BinhThuong,Thap,Yeu,Khac,Rong,0
2025-04-12,Mat,BinhThuong,TB,Yeu,Khac,Rong,0
2025-04-13,Nong,BinhThuong,TB,Yeu,Khac,Rong,0
2025-04-14,Nong,BinhThuong,TB,Yeu,Khac,Rong,0
2025-04-15,Nong,BinhThuong,TB,Manh,Khac,Rong,0
2025-04-16,Mat,BinhThuong,TB,Manh,Khac,Rong,0
2025-04-17,Nong,BinhThuong,TB,Yeu,Khac,Rong,0
2025-04-18,Nong,BinhThuong,TB,Yeu,Khac,Rong,0
2025-04-19,Nong,BinhThuong,Thap,Yeu,Khac,Rong,0
2025-04-20,Nong,BinhThuong,TB,Yeu,Khac,Rong,0
2025-04-21,Mat,BinhThuong,TB,Manh,Khac,Rong,0
2025-04-22,Mat,BinhThuong,TB,Manh,Khac,Hep,0
2025-04-23,Mat,BinhThuong,TB,Yeu,Khac,Rong,0
2025-04-24,Mat,Cao,TB,Yeu,TayNam,Rong,0
2025-04-25,Mat,BinhThuong,TB,Yeu,Khac,Rong,0
2025-04-26,Mat,Cao,TB,Manh,Khac,Rong,0
2025-04-27,Mat,BinhThuong,TB,Yeu,Khac,Rong,0
2025-04-28,Nong,BinhThuong,TB,Manh,Khac,Rong,0
2025-04-29,Nong,BinhThuong,TB,Manh,Khac,Rong,0
2025-04-30,Nong,BinhThuong,TB,Manh,Khac,Rong,0
2025-05-01,Nong,BinhThuong,TB,Yeu,Khac,Rong,0
2025-05-02,Mat,BinhThuong,TB,Manh,Khac,Rong,0
2025-05-03,Mat,Cao,TB,Yeu,Khac,Hep,0
2025-05-04,Mat,Cao,Thap,Yeu,Khac,Rong,0
2025-05-05,Mat,Cao,Thap,Yeu,Khac,Rong,0
2025-05-06,Mat,Cao,Thap,Yeu,Khac,Rong,0
2025-05-07,Mat,BinhThuong,Thap,Yeu,TayNam,Rong,0
2025-05-08,Nong,BinhThuong,Thap,Manh,TayNam,Rong,0
2025-05-09,Nong,BinhThuong,Thap,Yeu,TayNam,Rong,0
2025-05-10,Mat,Cao,Thap,Yeu,Khac,Hep,0
2025-05-11,Mat,Cao,Thap,Yeu,TayNam,Rong,0
2025-05-12,Mat,Cao,Thap,Yeu,Khac,Rong,0
2025-05-13,Mat,Cao,Thap,Yeu,Khac,Rong,0
2025-05-14,Mat,Cao,TB,Yeu,Khac,Rong,0
2025-05-15,Mat,Cao,TB,Yeu,DongBac,Hep,0
2025-05-16,Mat,Cao,TB,Yeu,Khac,Rong,0
2025-05-17,Mat,Cao,TB,Yeu,Khac,Hep,0
2025-05-18,Mat,Cao,Thap,Yeu,Khac,Rong,0
2025-05-19,Mat,Cao,Thap,Manh,Khac,Hep,1
2025-05-20,Mat,Cao,Thap,Yeu,Khac,Hep,0
2025-05-21,Mat,Cao,Thap,Yeu,Khac,Rong,0
2025-05-22,Mat,Cao,Thap,Yeu,TayNam,Rong,1
2025-05-23,Mat,Cao,Thap,Yeu,TayNam,Hep,0
2025-05-24,Mat,Cao,Thap,Yeu,Khac,Hep,1
2025-05-25,Mat,Cao,TB,Yeu,Khac,Hep,0
2025-05-26,Mat,Cao,TB,Yeu,Khac,Rong,0
2025-05-27,Mat,Cao,Thap,Yeu,Khac,Rong,1
2025-05-28,Mat,Cao,Thap,Yeu,DongBac,Rong,1
2025-05-29,Mat,Cao,Thap,Yeu,TayNam,Rong,1
2025-05-30,Mat,Cao,TB,Yeu,TayNam,Rong,1
2025-05-31,Mat,Cao,TB,Manh,TayNam,Rong,0
2025-06-01,Mat,Cao,TB,Yeu,TayNam,Rong,0
2025-06-02,Mat,Cao,TB,Manh,TayNam,Hep,0
2025-06-03,Mat,Cao,Thap,Manh,TayNam,Hep,0
2025-06-04,Mat,Cao,Thap,Yeu,TayNam,Hep,0
2025-06-05,Mat,Cao,Thap,Yeu,TayNam,Rong,0
2025-06-06,Mat,Cao,Thap,Yeu,TayNam,Rong,1
2025-06-07,Mat,Cao,Thap,Yeu,TayNam,Hep,1
2025-06-08,Mat,Cao,Thap,Yeu,TayNam,Hep,1
2025-06-09,Mat,Cao,Thap,Manh,TayNam,Hep,1
2025-06-10,Mat,Cao,Thap,Manh,TayNam,Hep,1
2025-06-11,Mat,Cao,Thap,Manh,TayNam,Hep,0
2025-06-12,Mat,Cao,Thap,Manh,TayNam,Hep,0
2025-06-13,Mat,Cao,Thap,Manh,TayNam,Hep,0
2025-06-14,Mat,Cao,TB,Manh,TayNam,Hep,0
2025-06-15,Mat,Cao,Thap,Yeu,TayNam,Rong,0
2025-06-16,Mat,Cao,Thap,Yeu,Khac,Rong,0
2025-06-17,Mat,Cao,TB,Yeu,DongBac,Rong,0
2025-06-18,Mat,Cao,TB,Yeu,Khac,Rong,0
2025-06-19,Mat,Cao,Thap,Yeu,TayNam,Rong,0
2025-06-20,Mat,Cao,Thap,Yeu,TayNam,Rong,1
2025-06-21,Mat,Cao,Thap,Yeu,TayNam,Rong,0
2025-06-22,Mat,Cao,TB,Manh,TayNam,Hep,0
2025-06-23,Mat,Cao,Thap,Manh,TayNam,Rong,0
2025-06-24,Mat,Cao,Thap,Manh,TayNam,Rong,0
2025-06-25,Mat,Cao,Thap,Yeu,TayNam,Hep,1
2025-06-26,Mat,Cao,TB,Yeu,TayNam,Hep,1
2025-06-27,Mat,Cao,Thap,Yeu,TayNam,Hep,0
2025-06-28,Mat,Cao,Thap,Manh,TayNam,Hep,1
2025-06-29,Mat,Cao,Thap,Manh,TayNam,Hep,0
2025-06-30,Mat,Cao,Thap,Manh,Khac,Rong,0
2025-07-01,Mat,Cao,Thap,Yeu,TayNam,Hep,1
2025-07-02,Mat,Cao,Thap,Yeu,Khac,Hep,1
2025-07-03,Mat,Cao,Thap,Yeu,Khac,Rong,0
2025-07-04,Mat,Cao,Thap,Manh,TayNam,Rong,0
2025-07-05,Mat,Cao,Thap,Manh,TayNam,Rong,0
2025-07-06,Mat,Cao,Thap,Yeu,TayNam,Hep,0
2025-07-07,Mat,Cao,Thap,Manh,TayNam,Hep,0
2025-07-08,Mat,Cao,TB,Manh,TayNam,Hep,0
2025-07-09,Mat,Cao,Thap,Manh,TayNam,Hep,1
2025-07-10,Mat,Cao,Thap,Manh,TayNam,Rong,0
2025-07-11,Mat,Cao,Thap,Manh,TayNam,Hep,0
2025-07-12,Mat,Cao,Thap,Yeu,TayNam,Hep,1
2025-07-13,Mat,Cao,Thap,Yeu,TayNam,Hep,0
2025-07-14,Mat,Cao,Thap,Yeu,TayNam,Hep,1
2025-07-15,Mat,Cao,Thap,Manh,TayNam,Hep,1
2025-07-16,Mat,Cao,Thap,Yeu,TayNam,Hep,0
2025-07-17,Mat,Cao,Thap,Manh,TayNam,Hep,1
2025-07-18,Mat,Cao,Thap,Yeu,TayNam,Hep,0
2025-07-19,Mat,Cao,Thap,Manh,TayNam,Hep,0
2025-07-20,Mat,Cao,Thap,Manh,TayNam,Hep,0
2025-07-21,Mat,Cao,Thap,Manh,TayNam,Hep,0
2025-07-22,Mat,Cao,Thap,Manh,TayNam,Rong,0
2025-07-23,Mat,Cao,Thap,Manh,TayNam,Hep,1
2025-07-24,Mat,Cao,Thap,Manh,TayNam,Rong,0
2025-07-25,Mat,Cao,Thap,Manh,Khac,Rong,0
2025-07-26,Mat,Cao,Thap,Manh,TayNam,Rong,0
2025-07-27,Mat,Cao,Thap,Manh,TayNam,Hep,1
2025-07-28,Mat,Cao,Thap,Manh,TayNam,Hep,0
2025-07-29,Mat,Cao,Thap,Manh,TayNam,Hep,1
2025-07-30,Mat,Cao,Thap,Manh,TayNam,Hep,0
2025-07-31,Mat,Cao,Thap,Yeu,TayNam,Hep,0
2025-08-01,Mat,Cao,Thap,Manh,TayNam,Hep,0
2025-08-02,Mat,Cao,Thap,Yeu,TayNam,Hep,0
2025-08-03,Mat,Cao,TB,Yeu,TayNam,Rong,0
2025-08-04,Mat,Cao,TB,Yeu,TayNam,Rong,0
2025-08-05,Mat,Cao,Thap,Manh,TayNam,Rong,0
2025-08-06,Mat,Cao,TB,Manh,TayNam,Rong,0
2025-08-07,Mat,Cao,TB,Yeu,TayNam,Rong,0
2025-08-08,Mat,Cao,TB,Yeu,TayNam,Rong,0
2025-08-09,Mat,Cao,TB,Yeu,Khac,Rong,1
2025-08-10,Mat,Cao,Thap,Yeu,TayNam,Rong,0
2025-08-11,Mat,Cao,Thap,Manh,TayNam,Rong,0
2025-08-12,Mat,Cao,Thap,Yeu,TayNam,Rong,0
2025-08-13,Mat,Cao,Thap,Manh,TayNam,Hep,1
2025-08-14,Mat,Cao,Thap,Yeu,Khac,Rong,1
2025-08-15,Lanh,Cao,Thap,Manh,TayNam,Rong,1
2025-08-16,Lanh,Cao,Thap,Manh,TayNam,Hep,1
2025-08-17,Lanh,Cao,Thap,Manh,TayNam,Hep,1
2025-08-18,Mat,Cao,TB,Yeu,TayNam,Rong,0
2025-08-19,Mat,Cao,TB,Yeu,TayNam,Rong,0
2025-08-20,Mat,Cao,TB,Manh,TayNam,Rong,1
2025-08-21,Lanh,Cao,TB,Yeu,Khac,Hep,1
2025-08-22,Mat,Cao,TB,Manh,TayNam,Rong,0
2025-08-23,Mat,Cao,TB,Yeu,TayNam,Hep,0
2025-08-24,Mat,Cao,Thap,Yeu,TayNam,Hep,1
2025-08-25,Lanh,Cao,Thap,Manh,TayNam,Hep,0
2025-08-26,Mat,Cao,TB,Manh,TayNam,Hep,0
2025-08-27,Mat,Cao,TB,Yeu,TayNam,Hep,0
2025-08-28,Mat,Cao,Thap,Manh,TayNam,Rong,1
2025-08-29,Mat,Cao,Thap,Manh,Khac,Rong,1
2025-08-30,Mat,Cao,Thap,Manh,TayNam,Hep,0
2025-08-31,Mat,Cao,Thap,Yeu,TayNam,Rong,1
2025-09-01,Mat,Cao,Thap,Manh,TayNam,Hep,0
2025-09-02,Lanh,Cao,Thap,Yeu,TayNam,Hep,1
2025-09-03,Mat,Cao,Thap,Yeu,Khac,Hep,0
2025-09-04,Mat,Cao,Thap,Yeu,TayNam,Rong,1
2025-09-05,Mat,Cao,Thap,Yeu,TayNam,Rong,1
2025-09-06,Mat,Cao,Thap,Yeu,TayNam,Rong,1
2025-09-07,Lanh,Cao,TB,Yeu,TayNam,Hep,1
2025-09-08,Mat,Cao,TB,Manh,TayNam,Rong,0
2025-09-09,Mat,Cao,TB,Manh,TayNam,Hep,0
2025-09-10,Mat,Cao,TB,Yeu,Khac,Rong,0
2025-09-11,Mat,Cao,TB,Yeu,DongBac,Rong,0
2025-09-12,Mat,Cao,TB,Manh,Khac,Rong,0
2025-09-13,Mat,Cao,TB,Yeu,Khac,Hep,0
2025-09-14,Mat,Cao,TB,Yeu,TayNam,Hep,1
2025-09-15,Mat,Cao,TB,Yeu,Khac,Rong,0
2025-09-16,Mat,Cao,TB,Yeu,Khac,Hep,0
2025-09-17,Mat,Cao,Thap,Manh,TayNam,Rong,1
2025-09-18,Mat,Cao,Thap,Yeu,TayNam,Rong,1
2025-09-19,Mat,Cao,TB,Yeu,TayNam,Hep,0
2025-09-20,Mat,Cao,TB,Yeu,TayNam,Rong,0
2025-09-21,Mat,Cao,Thap,Yeu,TayNam,Hep,1
2025-09-22,Lanh,Cao,TB,Yeu,TayNam,Hep,0
2025-09-23,Lanh,Cao,Thap,Yeu,TayNam,Hep,0
2025-09-24,Mat,Cao,Thap,Manh,TayNam,Hep,0
2025-09-25,Mat,Cao,Thap,Manh,TayNam,Hep,1
2025-09-26,Mat,Cao,Thap,Yeu,TayNam,Hep,0
2025-09-27,Lanh,Cao,Thap,Manh,Khac,Hep,1
2025-09-28,Lanh,Cao,Thap,Manh,TayNam,Hep,1
2025-09-29,Mat,Cao,Thap,Manh,TayNam,Hep,1
2025-09-30,Mat,Cao,TB,Yeu,Khac,Hep,0
2025-10-01,Mat,Cao,TB,Yeu,Khac,Rong,0
2025-10-02,Mat,Cao,TB,Yeu,Khac,Rong,0
2025-10-03,Mat,Cao,TB,Manh,Khac,Hep,0
2025-10-04,Mat,Cao,TB,Yeu,TayNam,Rong,0
2025-10-05,Mat,Cao,TB,Yeu,TayNam,Rong,0
2025-10-06,Mat,Cao,TB,Manh,TayNam,Rong,0
2025-10-07,Mat,Cao,TB,Manh,TayNam,Rong,0
2025-10-08,Mat,Cao,TB,Yeu,Khac,Rong,1
2025-10-09,Mat,Cao,TB,Yeu,Khac,Rong,0
2025-10-10,Mat,Cao,TB,Yeu,Khac,Hep,0
2025-10-11,Mat,Cao,TB,Yeu,Khac,Hep,0
2025-10-12,Mat,Cao,TB,Yeu,Khac,Rong,0
2025-10-13,Mat,Cao,TB,Yeu,Khac,Hep,1
2025-10-14,Mat,Cao,TB,Yeu,Khac,Hep,0
2025-10-15,Mat,Cao,Thap,Yeu,DongBac,Rong,0
2025-10-16,Mat,Cao,Thap,Yeu,DongBac,Rong,0
2025-10-17,Mat,Cao,Thap,Yeu,DongBac,Rong,0
2025-10-18,Mat,Cao,Thap,Yeu,DongBac,Rong,0
2025-10-19,Mat,Cao,Thap,Yeu,Khac,Rong,0
2025-10-20,Mat,Cao,Thap,Yeu,Khac,Rong,0
2025-10-21,Mat,Cao,Thap,Yeu,DongBac,Rong,0
2025-10-22,Mat,Cao,Thap,Yeu,DongBac,Rong,0
2025-10-23,Mat,Cao,Thap,Yeu,Khac,Rong,0
2025-10-24,Mat,Cao,TB,Yeu,Khac,Rong,0
2025-10-25,Lanh,Cao,Thap,Yeu,Khac,Hep,0
2025-10-26,Mat,Cao,TB,Yeu,TayNam,Hep,0
2025-10-27,Mat,Cao,TB,Yeu,Khac,Rong,0
2025-10-28,Lanh,Cao,Thap,Yeu,Khac,Hep,1
2025-10-29,Mat,Cao,Thap,Yeu,DongBac,Hep,0
2025-10-30,Mat,Cao,TB,Yeu,Khac,Hep,0
2025-10-31,Mat,Cao,TB,Yeu,Khac,Hep,0
2025-11-01,Mat,Cao,TB,Yeu,DongBac,Hep,1
2025-11-02,Mat,Cao,TB,Yeu,Khac,Rong,0
2025-11-03,Mat,Cao,TB,Yeu,Khac,Hep,0
2025-11-04,Mat,Cao,TB,Yeu,Khac,Hep,0
2025-11-05,Mat,Cao,Thap,Yeu,Khac,Hep,0
2025-11-06,Lanh,Cao,Thap,Yeu,Khac,Hep,0
2025-11-07,Mat,Cao,Thap,Yeu,TayNam,Hep,0
2025-11-08,Mat,Cao,TB,Yeu,Khac,Hep,0
2025-11-09,Mat,Cao,TB,Yeu,TayNam,Rong,0
2025-11-10,Mat,Cao,Thap,Yeu,TayNam,Rong,0
2025-11-11,Mat,Cao,TB,Yeu,Khac,Rong,0
2025-11-12,Mat,Cao,TB,Yeu,Khac,Hep,0
2025-11-13,Mat,Cao,TB,Yeu,DongBac,Rong,0
2025-11-14,Mat,Cao,TB,Yeu,Khac,Rong,0
2025-11-15,Lanh,BinhThuong,TB,Yeu,DongBac,Rong,0
2025-11-16,Lanh,Cao,TB,Yeu,Khac,Hep,1
2025-11-17,Lanh,Cao,TB,Yeu,DongBac,Hep,0
2025-11-18,Lanh,Cao,TB,Yeu,Khac,Hep,0
2025-11-19,Lanh,Cao,TB,Manh,DongBac,Rong,1
2025-11-20,Lanh,Cao,TB,Yeu,DongBac,Hep,0
2025-11-21,Lanh,Cao,TB,Yeu,DongBac,Hep,0
2025-11-22,Lanh,Cao,TB,Yeu,DongBac,Hep,0
2025-11-23,Lanh,Cao,TB,Yeu,DongBac,Rong,0
2025-11-24,Mat,Cao,TB,Yeu,DongBac,Rong,0
2025-11-25,Mat,BinhThuong,TB,Yeu,DongBac,Rong,0
2025-11-26,Lanh,BinhThuong,TB,Yeu,Khac,Rong,0
2025-11-27,Lanh,BinhThuong,TB,Manh,DongBac,Rong,0
2025-11-28,Lanh,BinhThuong,TB,Manh,Khac,Rong,0
2025-11-29,Lanh,BinhThuong,TB,Yeu,Khac,Rong,0
2025-11-30,Mat,BinhThuong,TB,Yeu,Khac,Rong,0
2025-12-01,Mat,BinhThuong,TB,Yeu,Khac,Rong,0
2025-12-02,Mat,BinhThuong,TB,Yeu,Khac,Rong,0
2025-12-03,Mat,Cao,TB,Yeu,DongBac,Rong,1
2025-12-04,Mat,Cao,TB,Manh,Khac,Hep,0
2025-12-05,Mat,Cao,TB,Yeu,Khac,Rong,0
2025-12-06,Mat,Cao,TB,Yeu,Khac,Rong,0
2025-12-07,Lanh,Cao,TB,Yeu,Khac,Rong,0
2025-12-08,Lanh,BinhThuong,TB,Yeu,DongBac,Rong,0
2025-12-09,Mat,BinhThuong,TB,Yeu,DongBac,Rong,0
2025-12-10,Mat,Cao,TB,Yeu,DongBac,Hep,0
2025-12-11,Mat,Cao,TB,Yeu,Khac,Rong,0
2025-12-12,Mat,Cao,TB,Yeu,Khac,Rong,0
2025-12-13,Mat,Cao,TB,Yeu,DongBac,Rong,0
2025-12-14,Mat,Cao,TB,Yeu,DongBac,Rong,0
2025-12-15,Mat,BinhThuong,TB,Yeu,DongBac,Rong,0
2025-12-16,Mat,BinhThuong,TB,Yeu,DongBac,Rong,0
2025-12-17,Mat,BinhThuong,TB,Yeu,DongBac,Rong,0
2025-12-18,Mat,BinhThuong,TB,Yeu,Khac,Rong,0
2025-12-19,Mat,BinhThuong,TB,Yeu,Khac,Rong,0
2025-12-20,Mat,BinhThuong,Thap,Yeu,Khac,Rong,0
2025-12-21,Mat,BinhThuong,TB,Yeu,Khac,Rong,0
2025-12-22,Mat,BinhThuong,TB,Yeu,Khac,Rong,0
2025-12-23,Mat,BinhThuong,TB,Yeu,TayNam,Rong,0
2025-12-24,Mat,Cao,Thap,Yeu,TayNam,Rong,0
2025-12-25,Mat,Cao,TB,Manh,DongBac,Hep,1
2025-12-26,Mat,Cao,TB,Yeu,Khac,Rong,0
2025-12-27,Lanh,Cao,TB,Yeu,TayNam,Rong,0
2025-12-28,Mat,Cao,TB,Yeu,Khac,Rong,0
2025-12-29,Mat,Cao,TB,Yeu,DongBac,Rong,0
2025-12-30,Lanh,BinhThuong,TB,Yeu,Khac,Rong,0
2025-12-31,Lanh,BinhThuong,TB,Yeu,Khac,Rong,0
2026-01-01,Lanh,BinhThuong,TB,Yeu,Khac,Rong,0
2026-01-02,Lanh,BinhThuong,TB,Yeu,TayNam,Rong,0
2026-01-03,Lanh,BinhThuong,Cao,Yeu,TayNam,Rong,0
2026-01-04,Mat,BinhThuong,Cao,Yeu,DongBac,Rong,0
2026-01-05,Mat,BinhThuong,TB,Yeu,Khac,Rong,0
2026-01-06,Lanh,Cao,Cao,Yeu,TayNam,Rong,1
2026-01-07,Lanh,BinhThuong,Cao,Yeu,Khac,Rong,0
2026-01-08,Lanh,BinhThuong,Cao,Yeu,DongBac,Rong,0
2026-01-09,Lanh,BinhThuong,Cao,Yeu,DongBac,Rong,0
2026-01-10,Lanh,BinhThuong,Cao,Yeu,Khac,Rong,0
2026-01-11,Lanh,BinhThuong,Cao,Yeu,TayNam,Rong,0
2026-01-12,Mat,BinhThuong,Cao,Yeu,Khac,Rong,0
2026-01-13,Lanh,BinhThuong,Cao,Yeu,TayNam,Rong,0
2026-01-14,Mat,BinhThuong,TB,Yeu,Khac,Rong,0
2026-01-15,Mat,BinhThuong,TB,Yeu,Khac,Rong,0
2026-01-16,Mat,BinhThuong,TB,Yeu,Khac,Rong,0
2026-01-17,Mat,BinhThuong,TB,Manh,Khac,Rong,0
2026-01-18,Mat,BinhThuong,TB,Manh,Khac,Rong,0
2026-01-19,Mat,BinhThuong,TB,Yeu,Khac,Rong,0
2026-01-20,Mat,BinhThuong,TB,Manh,Khac,Rong,0
2026-01-21,Mat,BinhThuong,TB,Yeu,Khac,Rong,0
2026-01-22,Mat,BinhThuong,Cao,Yeu,DongBac,Rong,0
2026-01-23,Mat,BinhThuong,Cao,Yeu,DongBac,Rong,0
2026-01-24,Mat,BinhThuong,Cao,Yeu,Khac,Rong,0
2026-01-25,Mat,BinhThuong,Cao,Manh,Khac,Rong,0
2026-01-26,Mat,BinhThuong,Cao,Manh,Khac,Rong,0
2026-01-27,Mat,BinhThuong,Cao,Manh,Khac,Rong,0
2026-01-28,Mat,BinhThuong,Cao,Yeu,Khac,Rong,0
2026-01-29,Mat,BinhThuong,Cao,Yeu,Khac,Rong,0
2026-01-30,Mat,BinhThuong,Cao,Manh,Khac,Rong,0
2026-01-31,Mat,BinhThuong,Cao,Manh,Khac,Rong,0
2026-02-01,Mat,BinhThuong,Cao,Yeu,Khac,Rong,0
2026-02-02,Mat,BinhThuong,Cao,Manh,Khac,Rong,0
2026-02-03,Mat,BinhThuong,Cao,Yeu,Khac,Rong,0
2026-02-04,Mat,BinhThuong,Cao,Yeu,Khac,Rong,0
2026-02-05,Mat,BinhThuong,Cao,Manh,Khac,Rong,0
2026-02-06,Mat,BinhThuong,TB,Yeu,Khac,Rong,0
2026-02-07,Mat,BinhThuong,TB,Yeu,Khac,Rong,0
2026-02-08,Mat,BinhThuong,TB,Manh,Khac,Rong,0
2026-02-09,Mat,BinhThuong,TB,Yeu,DongBac,Rong,0
2026-02-10,Mat,BinhThuong,TB,Yeu,TayNam,Rong,0
2026-02-11,Mat,Cao,Cao,Yeu,Khac,Hep,0
2026-02-12,Mat,Cao,TB,Yeu,Khac,Rong,0
2026-02-13,Mat,BinhThuong,TB,Yeu,Khac,Rong,0
2026-02-14,Mat,BinhThuong,TB,Yeu,Khac,Rong,0
2026-02-15,Mat,BinhThuong,TB,Yeu,Khac,Rong,0
2026-02-16,Mat,BinhThuong,TB,Yeu,Khac,Rong,0
2026-02-17,Mat,BinhThuong,TB,Manh,Khac,Rong,0
2026-02-18,Mat,BinhThuong,TB,Yeu,Khac,Rong,0
2026-02-19,Mat,BinhThuong,TB,Yeu,Khac,Rong,0
2026-02-20,Mat,BinhThuong,TB,Yeu,Khac,Rong,0
2026-02-21,Mat,BinhThuong,TB,Manh,Khac,Rong,0
2026-02-22,Mat,BinhThuong,Thap,Yeu,Khac,Rong,0
2026-02-23,Mat,BinhThuong,TB,Yeu,Khac,Rong,0
2026-02-24,Mat,BinhThuong,TB,Manh,Khac,Rong,0
2026-02-25,Mat,BinhThuong,TB,Yeu,Khac,Rong,0
2026-02-26,Lanh,Cao,TB,Yeu,Khac,Hep,1
2026-02-27,Lanh,Cao,Thap,Yeu,Khac,Hep,1
2026-02-28,Mat,Cao,Thap,Yeu,Khac,Rong,0
2026-03-01,Mat,Cao,Thap,Yeu,Khac,Rong,0
2026-03-02,Mat,Cao,TB,Yeu,Khac,Rong,0
2026-03-03,Mat,Cao,TB,Yeu,Khac,Rong,0
2026-03-04,Mat,Cao,TB,Yeu,Khac,Rong,0
2026-03-05,Mat,Cao,TB,Yeu,Khac,Rong,0
2026-03-06,Mat,Cao,TB,Yeu,Khac,Rong,0
2026-03-07,Mat,Cao,TB,Yeu,DongBac,Rong,0
2026-03-08,Mat,BinhThuong,TB,Yeu,DongBac,Rong,0
2026-03-09,Mat,Cao,TB,Yeu,DongBac,Rong,0
2026-03-10,Mat,BinhThuong,TB,Yeu,Khac,Rong,0
2026-03-11,Mat,BinhThuong,TB,Yeu,DongBac,Rong,0
2026-03-12,Mat,BinhThuong,TB,Yeu,Khac,Rong,0
2026-03-13,Mat,BinhThuong,TB,Yeu,Khac,Rong,0
2026-03-14,Mat,BinhThuong,TB,Yeu,DongBac,Rong,0
2026-03-15,Mat,BinhThuong,Cao,Yeu,Khac,Rong,0
2026-03-16,Mat,BinhThuong,TB,Yeu,Khac,Rong,0
2026-03-17,Mat,BinhThuong,TB,Manh,Khac,Rong,0
2026-03-18,Mat,BinhThuong,TB,Manh,Khac,Rong,0
2026-03-19,Mat,BinhThuong,TB,Manh,Khac,Rong,0
2026-03-20,Mat,BinhThuong,TB,Yeu,Khac,Rong,0
2026-03-21,Mat,BinhThuong,TB,Manh,Khac,Rong,0
2026-03-22,Mat,BinhThuong,TB,Manh,Khac,Rong,0
2026-03-23,Mat,BinhThuong,TB,Manh,Khac,Rong,0
2026-03-24,Mat,BinhThuong,TB,Manh,Khac,Rong,0
2026-03-25,Mat,BinhThuong,TB,Manh,Khac,Rong,0
2026-03-26,Mat,BinhThuong,TB,Manh,Khac,Rong,0
2026-03-27,Mat,BinhThuong,TB,Yeu,Khac,Rong,0
2026-03-28,Mat,BinhThuong,TB,Manh,Khac,Rong,0
2026-03-29,Mat,BinhThuong,TB,Manh,Khac,Rong,0
2026-03-30,Mat,BinhThuong,TB,Yeu,Khac,Rong,0
2026-03-31,Mat,BinhThuong,TB,Manh,Khac,Rong,0
2026-04-01,Mat,BinhThuong,TB,Manh,Khac,Rong,0
2026-04-02,Mat,BinhThuong,TB,Manh,Khac,Rong,0
2026-04-03,Mat,BinhThuong,TB,Manh,Khac,Rong,0
2026-04-04,Mat,BinhThuong,Thap,Yeu,TayNam,Rong,0
2026-04-05,Mat,BinhThuong,Thap,Yeu,Khac,Rong,0
2026-04-06,Mat,BinhThuong,TB,Manh,Khac,Rong,0
2026-04-07,Nong,BinhThuong,TB,Yeu,TayNam,Rong,0
2026-04-08,Nong,BinhThuong,TB,Manh,Khac,Rong,0
2026-04-09,Mat,BinhThuong,TB,Yeu,Khac,Rong,0
2026-04-10,Nong,BinhThuong,TB,Manh,Khac,Rong,0
2026-04-11,Nong,BinhThuong,TB,Yeu,Khac,Rong,0
2026-04-12,Nong,BinhThuong,TB,Manh,Khac,Rong,0
2026-04-13,Mat,BinhThuong,TB,Yeu,Khac,Rong,0
2026-04-14,Mat,BinhThuong,TB,Yeu,Khac,Rong,0
2026-04-15,Mat,BinhThuong,TB,Yeu,Khac,Rong,0
2026-04-16,Nong,BinhThuong,TB,Yeu,Khac,Rong,0
2026-04-17,Nong,BinhThuong,TB,Manh,Khac,Rong,0
2026-04-18,Nong,BinhThuong,TB,Manh,Khac,Rong,0
2026-04-19,Mat,BinhThuong,TB,Yeu,Khac,Rong,0
2026-04-20,Mat,BinhThuong,TB,Yeu,Khac,Hep,0
2026-04-21,Mat,BinhThuong,TB,Manh,Khac,Rong,0
2026-04-22,Mat,BinhThuong,Thap,Yeu,Khac,Rong,0
2026-04-23,Mat,BinhThuong,Thap,Yeu,Khac,Rong,0
2026-04-24,Nong,BinhThuong,Thap,Yeu,Khac,Rong,0
2026-04-25,Nong,BinhThuong,TB,Yeu,Khac,Rong,0
2026-04-26,Nong,BinhThuong,TB,Yeu,Khac,Rong,0
2026-04-27,Nong,BinhThuong,Thap,Yeu,Khac,Rong,0
2026-04-28,Nong,BinhThuong,TB,Manh,Khac,Rong,0
2026-04-29,Nong,BinhThuong,TB,Yeu,Khac,Rong,0
2026-04-30,Nong,BinhThuong,TB,Manh,Khac,Rong,0
2026-05-01,Nong,BinhThuong,TB,Manh,Khac,Rong,0
2026-05-02,Nong,BinhThuong,TB,Yeu,Khac,Rong,0
2026-05-03,Mat,BinhThuong,TB,Yeu,Khac,Rong,0
2026-05-04,Mat,BinhThuong,TB,Yeu,Khac,Rong,0
2026-05-05,Mat,BinhThuong,TB,Yeu,Khac,Rong,0
2026-05-06,Mat,BinhThuong,Thap,Yeu,Khac,Rong,0
2026-05-07,Nong,BinhThuong,Thap,Yeu,Khac,Rong,0
2026-05-08,Nong,BinhThuong,Thap,Yeu,Khac,Rong,0
2026-05-09,Nong,BinhThuong,TB,Yeu,Khac,Rong,0
2026-05-10,Nong,BinhThuong,Thap,Manh,Khac,Rong,0
2026-05-11,Nong,BinhThuong,TB,Manh,Khac,Rong,0
2026-05-12,Nong,BinhThuong,Thap,Manh,Khac,Rong,0
2026-05-13,Nong,BinhThuong,Thap,Manh,Khac,Rong,0
2026-05-14,Nong,BinhThuong,Thap,Manh,TayNam,Rong,0
2026-05-15,Nong,BinhThuong,Thap,Yeu,TayNam,Rong,0
2026-05-16,Nong,BinhThuong,Thap,Yeu,Khac,Rong,1
2026-05-17,Mat,Cao,Thap,Yeu,TayNam,Rong,0
2026-05-18,Mat,Cao,Thap,Manh,Khac,Rong,0
2026-05-19,Mat,Cao,Thap,Yeu,TayNam,Hep,0
2026-05-20,Mat,Cao,Thap,Yeu,Khac,Hep,0
2026-05-21,Mat,Cao,TB,Yeu,TayNam,Hep,1
2026-05-22,Mat,Cao,TB,Yeu,TayNam,Rong,0
2026-05-23,Nong,BinhThuong,TB,Yeu,TayNam,Rong,0
2026-05-24,Nong,BinhThuong,TB,Yeu,TayNam,Rong,0
2026-05-25,Nong,BinhThuong,TB,Yeu,TayNam,Rong,0
2026-05-26,Nong,BinhThuong,TB,Yeu,TayNam,Rong,0
2026-05-27,Nong,BinhThuong,TB,Yeu,TayNam,Hep,0
2026-05-28,Mat,Cao,TB,Yeu,TayNam,Rong,0
2026-05-29,Lanh,Cao,TB,Yeu,Khac,Hep,1
2026-05-30,Mat,Cao,TB,Yeu,Khac,Hep,0
2026-05-31,Mat,Cao,TB,Yeu,Khac,Hep,0
2026-06-01,Mat,Cao,TB,Yeu,Khac,Hep,0
2026-06-02,Mat,Cao,Thap,Yeu,TayNam,Hep,0
2026-06-03,Mat,Cao,Thap,Manh,TayNam,Hep,0
2026-06-04,Mat,Cao,Thap,Manh,TayNam,Hep,0
2026-06-05,Mat,Cao,TB,Yeu,TayNam,Hep,0
2026-06-06,Mat,Cao,TB,Yeu,TayNam,Rong,0
2026-06-07,Mat,Cao,TB,Yeu,TayNam,Rong,0
2026-06-08,Mat,Cao,TB,Manh,TayNam,Rong,0
2026-06-09,Mat,Cao,TB,Yeu,TayNam,Rong,0
2026-06-10,Mat,Cao,TB,Yeu,TayNam,Hep,0
2026-06-11,Mat,Cao,TB,Yeu,DongBac,Rong,1
2026-06-12,Mat,Cao,Cao,Yeu,DongBac,Rong,0
2026-06-13,Mat,Cao,TB,Yeu,Khac,Rong,0
2026-06-14,Mat,Cao,TB,Yeu,TayNam,Hep,0
2026-06-15,Mat,Cao,TB,Yeu,TayNam,Rong,0
2026-06-16,Mat,Cao,TB,Yeu,TayNam,Rong,0
2026-06-17,Mat,Cao,TB,Yeu,TayNam,Rong,0
2026-06-18,Mat,Cao,TB,Yeu,TayNam,Rong,0
2026-06-19,Mat,Cao,TB,Yeu,Khac,Rong,0
2026-06-20,Mat,Cao,TB,Yeu,TayNam,Rong,0
2026-06-21,Mat,Cao,TB,Yeu,TayNam,Rong,0
2026-06-22,Mat,BinhThuong,TB,Yeu,Khac,Rong,0
2026-06-23,Mat,Cao,Thap,Yeu,TayNam,Rong,0
2026-06-24,Mat,Cao,Thap,Manh,TayNam,Rong,0
2026-06-25,Mat,Cao,Thap,Manh,TayNam,Rong,0
2026-06-26,Mat,Cao,TB,Yeu,TayNam,Rong,0
2026-06-27,Mat,Cao,Thap,Manh,TayNam,Rong,0
2026-06-28,Mat,Cao,Thap,Manh,TayNam,Hep,1
2026-06-29,Mat,Cao,Thap,Yeu,TayNam,Hep,1
2026-06-30,Mat,Cao,Thap,Yeu,TayNam,Rong,0
2026-07-01,Mat,Cao,Thap,Yeu,TayNam,Rong,0
2026-07-02,Mat,Cao,Thap,Yeu,TayNam,Hep,1
2026-07-03,Mat,Cao,TB,Yeu,TayNam,Hep,0
2026-07-04,Mat,Cao,TB,Manh,TayNam,Hep,0
2026-07-05,Mat,Cao,TB,Yeu,TayNam,Hep,0
2026-07-06,Mat,Cao,TB,Yeu,TayNam,Hep,0
2026-07-07,Mat,Cao,TB,Yeu,TayNam,Hep,0
2026-07-08,Mat,Cao,TB,Manh,TayNam,Rong,0
2026-07-09,Mat,Cao,TB,Manh,TayNam,Rong,0
2026-07-10,Mat,BinhThuong,Thap,Manh,TayNam,Rong,0
2026-07-11,Mat,BinhThuong,Thap,Manh,TayNam,Hep,0
2026-07-12,Mat,Cao,Thap,Manh,TayNam,Hep,0
2026-07-13,Mat,Cao,Thap,Manh,TayNam,Hep,0
2026-07-14,Mat,Cao,TB,Manh,TayNam,Rong,0
2026-07-15,Mat,Cao,TB,Yeu,TayNam,Hep,1
2026-07-16,Mat,Cao,TB,Yeu,Khac,Rong,0
2026-07-17,Mat,Cao,TB,Yeu,TayNam,Rong,0
2026-07-18,Mat,Cao,TB,Yeu,TayNam,Rong,0
2026-07-19,Mat,Cao,TB,Yeu,TayNam,Rong,0
2026-07-20,Mat,BinhThuong,TB,Yeu,TayNam,Rong,0
2026-07-21,Mat,BinhThuong,TB,Yeu,TayNam,Rong,0
2026-07-22,Mat,BinhThuong,TB,Yeu,TayNam,Rong,0
2026-07-23,Mat,Cao,Thap,Manh,TayNam,Rong,0
2026-07-24,Mat,Cao,Thap,Yeu,TayNam,Rong,0
2026-07-25,Mat,Cao,Thap,Manh,TayNam,Hep,0
2026-07-26,Mat,Cao,Thap,Manh,TayNam,Hep,1
2026-07-27,Mat,Cao,Thap,Manh,TayNam,Rong,0
2026-07-28,Mat,Cao,Thap,Yeu,TayNam,Hep,1
2026-07-29,Mat,Cao,Thap,Yeu,TayNam,Rong,1
2026-07-30,Mat,Cao,Thap,Yeu,TayNam,Rong,0
2026-07-31,Mat,Cao,Thap,Yeu,TayNam,Hep,0
2026-08-01,Mat,Cao,Thap,Yeu,TayNam,Rong,0
2026-08-02,Mat,Cao,Thap,Yeu,TayNam,Rong,0
2026-08-03,Mat,Cao,Thap,Yeu,TayNam,Rong,0
2026-08-04,Mat,Cao,TB,Yeu,TayNam,Rong,0
2026-08-05,Mat,Cao,Thap,Manh,TayNam,Hep,0
2026-08-06,Mat,Cao,Thap,Manh,TayNam,Hep,1
2026-08-07,Mat,Cao,Thap,Manh,TayNam,Hep,0
2026-08-08,Mat,Cao,TB,Manh,TayNam,Rong,0
2026-08-09,Mat,Cao,Thap,Manh,TayNam,Hep,0
2026-08-10,Mat,Cao,Thap,Yeu,TayNam,Hep,0
2026-08-11,Mat,Cao,Thap,Manh,TayNam,Hep,1
2026-08-12,Mat,Cao,Thap,Manh,TayNam,Hep,0
2026-08-13,Mat,BinhThuong,Thap,Manh,TayNam,Rong,0
2026-08-14,Mat,Cao,Thap,Manh,TayNam,Rong,0
2026-08-15,Mat,Cao,TB,Manh,TayNam,Hep,0
2026-08-16,Mat,Cao,TB,Manh,TayNam,Hep,0
2026-08-17,Mat,Cao,TB,Manh,TayNam,Hep,0
2026-08-18,Mat,Cao,TB,Manh,TayNam,Hep,1
2026-08-19,Mat,Cao,Thap,Manh,TayNam,Hep,0
2026-08-20,Mat,BinhThuong,TB,Manh,TayNam,Hep,0
2026-08-21,Mat,BinhThuong,TB,Manh,TayNam,Rong,0
2026-08-22,Mat,BinhThuong,TB,Manh,TayNam,Rong,0
2026-08-23,Mat,Cao,TB,Manh,TayNam,Hep,0
2026-08-24,Mat,Cao,TB,Manh,TayNam,Rong,0
2026-08-25,Mat,BinhThuong,TB,Manh,TayNam,Rong,0
2026-08-26,Mat,Cao,TB,Manh,TayNam,Rong,0
2026-08-27,Mat,Cao,TB,Manh,TayNam,Rong,0
2026-08-28,Mat,Cao,TB,Manh,TayNam,Hep,0
2026-08-29,Mat,Cao,TB,Manh,TayNam,Hep,0
2026-08-30,Mat,Cao,TB,Manh,TayNam,Rong,0
2026-08-31,Mat,Cao,TB,Manh,TayNam,Hep,0
