date,temperature_2m_max,temperature_2m_min,temperature_2m_mean,relative_humidity_2m_mean,precipitation_sum,precipitation_hours,surface_pressure_mean,wind_speed_10m_max,wind_direction_10m_dominant,dew_point_2m_mean,Rain_Flood_Risk
2020-01-01,33.9,23.1,28.8,52,0.0,0.0,1013.5,18.3,45,17.5,0
2020-01-02,33.9,22.9,28.6,57,0.0,0.0,1013.9,16.0,47,18.9,0
2020-01-03,33.6,23.1,28.4,60,0.0,0.0,1012.8,14.1,59,19.4,0
2020-01-04,33.5,23.5,27.8,65,0.0,0.0,1011.1,12.7,109,20.3,0
2020-01-05,33.0,22.8,27.6,62,0.0,0.0,1011.1,14.7,115,18.7,0
2020-01-06,34.0,22.0,27.7,63,0.0,0.0,1011.4,15.2,56,19.3,0
2020-01-07,34.4,24.3,29.0,61,0.3,2.0,1010.3,14.5,99,20.1,0
2020-01-08,35.5,25.2,29.7,58,0.0,0.0,1009.9,12.9,91,20.0,0
2020-01-09,34.9,24.5,28.9,64,0.2,2.0,1009.0,15.0,145,20.8,0
2020-01-10,34.3,24.6,28.9,59,0.0,0.0,1008.9,16.0,80,19.6,0
2020-01-11,32.5,24.2,28.0,66,0.1,1.0,1009.2,16.0,206,20.5,0
2020-01-12,31.6,24.8,27.3,72,0.9,9.0,1009.3,17.6,142,21.5,0
2020-01-13,33.0,22.3,27.3,66,0.0,0.0,1009.1,17.3,77,19.3,0
2020-01-14,33.4,22.3,27.1,62,0.0,0.0,1010.3,21.5,118,18.4,0
2020-01-15,33.3,21.7,27.0,58,0.0,0.0,1010.8,17.1,106,17.4,0
2020-01-16,34.1,22.3,27.9,63,0.0,0.0,1010.9,15.9,120,19.5,0
2020-01-17,33.9,23.5,28.0,65,0.0,0.0,1011.5,19.4,112,20.2,0
2020-01-18,32.3,23.7,27.4,66,0.1,1.0,1011.2,17.1,142,20.2,0
2020-01-19,33.8,23.2,27.8,59,0.0,0.0,1011.5,16.8,108,18.5,0
2020-01-20,34.6,23.4,28.2,62,0.0,0.0,1012.0,19.1,124,19.4,0
2020-01-21,35.1,24.1,28.7,55,0.0,0.0,1013.3,19.2,113,18.3,0
2020-01-22,35.0,23.7,28.7,58,0.0,0.0,1012.3,20.4,121,19.0,0
2020-01-23,34.8,24.2,28.5,54,0.0,0.0,1011.5,20.0,112,17.9,0
2020-01-24,35.6,22.9,28.2,54,0.0,0.0,1011.2,24.0,127,16.9,0
2020-01-25,33.0,23.8,27.5,66,0.0,0.0,1010.2,19.7,145,20.3,0
2020-01-26,34.1,23.0,27.4,72,0.0,0.0,1009.7,21.0,139,21.2,0
2020-01-27,32.8,23.5,26.9,74,0.4,4.0,1009.8,21.9,145,21.4,0
2020-01-28,33.6,22.7,26.9,72,0.0,0.0,1010.5,23.1,140,20.6,0
2020-01-29,32.9,22.0,26.6,73,0.0,0.0,1011.7,21.1,136,20.6,0
2020-01-30,31.9,23.4,27.1,72,0.4,3.0,1011.2,16.1,101,21.2,0
2020-01-31,31.6,23.5,26.8,64,0.4,3.0,1012.0,16.8,119,19.0,0
2020-02-01,33.2,22.7,26.7,57,0.0,0.0,1012.2,21.7,124,16.9,0
2020-02-02,32.5,21.4,26.3,59,0.0,0.0,1013.4,18.5,127,17.1,0
2020-02-03,34.0,21.6,26.9,59,0.0,0.0,1012.6,21.3,121,17.1,0
2020-02-04,34.0,22.7,27.6,57,0.0,0.0,1011.5,19.6,113,17.7,0
2020-02-05,34.5,22.6,27.6,51,0.0,0.0,1011.0,18.4,111,15.8,0
2020-02-06,33.0,21.4,26.6,53,0.0,0.0,1012.1,22.0,126,15.5,0
2020-02-07,34.2,21.4,27.1,53,0.0,0.0,1012.3,18.9,121,16.0,0
2020-02-08,33.4,21.5,27.9,61,0.0,0.0,1012.2,11.2,345,19.0,0
2020-02-09,30.7,25.2,27.8,55,0.4,3.0,1012.1,21.5,43,17.8,0
2020-02-10,32.0,23.4,27.7,57,0.0,0.0,1012.3,13.0,60,18.0,0
2020-02-11,35.0,23.7,28.9,58,0.0,0.0,1012.5,21.5,113,19.1,0
2020-02-12,34.7,24.9,29.1,59,0.3,3.0,1012.2,21.2,124,19.8,0
2020-02-13,35.8,24.5,28.4,68,0.0,0.0,1011.4,24.4,141,21.1,0
2020-02-14,33.5,24.5,27.7,72,0.0,0.0,1010.2,22.0,145,21.7,0
2020-02-15,33.1,23.5,27.6,73,0.0,0.0,1010.9,19.6,145,21.6,0
2020-02-16,34.6,23.7,28.4,71,0.0,0.0,1011.8,18.6,139,21.9,0
2020-02-17,33.6,25.5,28.7,70,2.2,13.0,1012.6,20.5,112,22.2,0
2020-02-18,33.5,24.9,28.3,64,1.2,5.0,1012.6,18.6,122,20.4,0
2020-02-19,34.7,22.3,28.2,53,0.0,0.0,1012.8,18.4,99,17.1,0
2020-02-20,35.0,22.6,28.5,56,0.0,0.0,1012.7,17.7,112,18.0,0
2020-02-21,35.8,23.4,29.3,51,0.0,0.0,1013.8,17.9,74,17.5,0
2020-02-22,35.2,22.1,28.4,52,0.0,0.0,1014.2,20.9,71,16.8,0
2020-02-23,34.7,22.6,28.3,49,0.0,0.0,1013.4,21.9,61,16.0,0
2020-02-24,35.7,23.1,28.5,49,0.0,0.0,1011.8,23.8,119,15.8,0
2020-02-25,35.2,23.2,28.6,54,0.0,0.0,1010.6,24.4,123,17.8,0
2020-02-26,35.8,24.9,29.5,54,0.2,2.0,1010.6,23.3,104,18.7,0
2020-02-27,36.3,24.5,29.5,51,0.0,0.0,1009.8,19.9,108,17.8,0
2020-02-28,35.2,23.9,28.8,52,0.0,0.0,1009.5,25.5,138,17.4,0
2020-02-29,35.6,24.1,28.7,59,0.0,0.0,1009.1,22.2,130,19.3,0
2020-03-01,35.2,24.5,28.9,62,0.1,1.0,1009.7,22.6,134,20.2,0
2020-03-02,36.1,25.1,29.0,62,0.0,0.0,1009.5,23.8,126,20.4,0
2020-03-03,36.1,25.0,29.1,57,0.0,0.0,1009.8,22.3,122,19.2,0
2020-03-04,34.9,25.0,28.7,61,0.0,0.0,1010.0,21.3,131,20.1,0
2020-03-05,34.5,24.9,28.8,62,0.1,1.0,1010.6,23.4,125,20.2,0
2020-03-06,34.3,24.9,28.3,64,0.0,0.0,1011.8,20.5,139,20.3,0
2020-03-07,34.9,24.7,28.4,68,0.0,0.0,1011.5,20.5,140,21.5,0
2020-03-08,34.8,24.5,29.2,68,0.0,0.0,1009.3,15.3,175,21.9,0
2020-03-09,34.7,25.5,29.3,72,0.8,6.0,1008.0,14.9,169,23.5,0
2020-03-10,35.2,25.5,29.5,72,0.1,1.0,1008.2,17.6,153,23.5,0
2020-03-11,33.0,26.0,28.9,71,1.5,9.0,1010.4,20.6,135,22.7,0
2020-03-12,36.8,24.4,29.2,63,0.0,0.0,1011.3,24.2,135,20.9,0
2020-03-13,35.5,25.3,29.2,67,0.0,0.0,1011.4,22.3,143,21.9,0
2020-03-14,37.2,25.5,29.3,65,0.0,0.0,1010.6,26.2,132,21.4,0
2020-03-15,37.1,24.4,29.4,61,0.1,1.0,1010.5,26.0,129,20.3,0
2020-03-16,37.7,25.2,30.0,58,0.0,0.0,1010.8,27.5,116,19.9,0
2020-03-17,36.2,25.4,29.7,61,0.0,0.0,1011.5,22.0,125,20.4,0
2020-03-18,36.4,24.6,29.2,64,0.0,0.0,1010.3,23.1,143,20.8,0
2020-03-19,35.6,25.9,29.1,67,0.0,0.0,1010.4,25.9,142,21.5,0
2020-03-20,35.5,25.1,29.0,64,0.0,0.0,1011.2,24.0,139,20.2,0
2020-03-21,35.7,24.9,29.0,68,0.0,0.0,1011.1,23.8,137,21.6,0
2020-03-22,34.9,24.8,28.9,68,0.7,3.0,1010.4,19.5,139,21.7,0
2020-03-23,35.3,25.5,29.1,65,0.1,1.0,1009.9,21.7,143,21.1,0
2020-03-24,35.0,25.0,28.8,64,0.1,1.0,1009.4,21.5,134,20.6,0
2020-03-25,36.1,25.1,29.6,65,0.0,0.0,1008.0,22.0,129,21.5,0
2020-03-26,35.5,25.5,29.5,66,0.1,1.0,1009.3,23.2,136,21.9,0
2020-03-27,35.7,25.6,29.3,68,0.1,1.0,1009.8,20.3,135,22.3,0
2020-03-28,34.8,25.9,29.2,68,0.2,2.0,1009.1,19.5,142,22.4,0
2020-03-29,35.6,25.7,29.5,66,0.0,0.0,1008.5,23.7,142,21.6,0
2020-03-30,35.4,25.8,29.7,69,0.1,1.0,1008.8,17.9,145,22.8,0
2020-03-31,35.6,26.2,29.8,71,0.7,6.0,1009.2,20.3,144,23.4,0
2020-04-01,36.4,26.3,29.9,69,0.2,2.0,1009.1,23.8,138,22.9,0
2020-04-02,36.1,26.1,30.1,63,0.0,0.0,1009.7,21.1,128,21.7,0
2020-04-03,37.1,26.2,30.5,61,0.0,0.0,1010.0,27.7,131,21.0,0
2020-04-04,37.2,26.3,30.7,62,0.0,0.0,1009.8,24.2,118,21.6,0
2020-04-05,38.8,26.0,31.0,59,0.0,0.0,1010.0,27.8,123,20.8,0
2020-04-06,35.6,26.2,30.1,65,1.2,7.0,1009.7,19.3,135,22.4,0
2020-04-07,36.0,26.7,30.1,63,1.0,5.0,1009.6,19.0,137,21.6,0
2020-04-08,32.2,26.1,28.6,73,7.7,12.0,1010.4,18.6,134,23.3,0
2020-04-09,30.7,25.3,27.5,85,7.4,22.0,1011.1,14.5,120,24.6,0
2020-04-10,30.8,25.2,27.8,83,4.2,8.0,1011.8,12.9,125,24.5,0
2020-04-11,32.3,25.6,28.3,77,0.7,5.0,1011.1,16.5,135,23.8,0
2020-04-12,32.3,25.5,28.2,80,2.4,8.0,1010.1,15.8,121,24.4,0
2020-04-13,30.1,25.4,27.0,86,11.0,16.0,1010.4,15.5,58,24.4,0
2020-04-14,32.0,24.4,27.6,84,6.8,5.0,1010.6,11.0,52,24.4,0
2020-04-15,31.7,24.8,27.8,80,2.1,7.0,1010.6,15.8,82,23.9,0
2020-04-16,33.6,24.9,28.5,72,1.1,3.0,1009.7,16.3,134,22.7,0
2020-04-17,33.1,25.5,28.5,75,0.5,5.0,1010.0,15.8,136,23.4,0
2020-04-18,32.9,24.5,28.2,80,0.3,3.0,1011.0,17.7,115,24.1,0
2020-04-19,34.0,25.6,28.9,76,0.2,2.0,1009.9,17.3,137,23.9,0
2020-04-20,35.1,25.3,29.0,76,0.0,0.0,1009.8,20.6,136,23.9,0
2020-04-21,35.6,24.7,29.1,76,0.0,0.0,1008.9,22.7,138,24.1,0
2020-04-22,33.9,25.6,29.3,77,0.2,2.0,1008.7,16.3,139,24.5,0
2020-04-23,35.5,26.3,30.1,71,0.4,3.0,1008.9,18.1,129,23.8,0
2020-04-24,34.6,27.0,29.7,72,3.2,6.0,1009.0,15.6,102,23.9,0
2020-04-25,34.6,25.5,29.7,74,0.4,4.0,1008.8,15.1,102,24.2,0
2020-04-26,35.2,25.8,29.0,75,9.2,3.0,1009.6,16.4,10,23.8,0
2020-04-27,33.0,24.6,28.5,78,0.2,2.0,1010.2,12.7,202,24.0,0
2020-04-28,33.2,26.0,29.3,71,0.1,1.0,1009.8,16.5,144,23.1,0
2020-04-29,36.7,24.7,30.0,62,0.0,0.0,1008.9,16.0,114,21.3,0
2020-04-30,35.5,26.5,30.6,58,0.2,2.0,1009.3,18.9,112,21.2,0
2020-05-01,36.9,26.2,30.6,61,0.0,0.0,1008.1,22.3,135,21.4,0
2020-05-02,34.9,26.5,30.0,66,0.0,0.0,1007.9,19.7,141,22.5,0
2020-05-03,35.3,26.8,30.4,70,0.1,1.0,1008.0,19.2,140,23.9,0
2020-05-04,35.1,27.2,30.5,71,0.6,5.0,1008.7,16.8,144,24.2,0
2020-05-05,35.5,27.4,30.7,69,0.2,2.0,1007.9,18.8,146,23.9,0
2020-05-06,35.5,27.1,30.6,69,0.4,3.0,1007.7,17.0,152,23.7,0
2020-05-07,35.8,27.5,30.9,71,0.5,5.0,1007.1,18.8,147,24.6,0
2020-05-08,36.3,27.5,30.9,71,0.9,8.0,1007.2,19.2,151,24.6,0
2020-05-09,36.8,27.8,31.3,69,0.5,5.0,1007.9,18.1,152,24.2,0
2020-05-10,36.9,27.8,31.2,68,0.1,1.0,1007.9,22.7,145,24.0,0
2020-05-11,36.2,28.0,31.4,65,0.0,0.0,1008.3,16.7,143,23.5,0
2020-05-12,36.7,27.7,31.3,67,1.3,3.0,1008.1,16.9,137,23.9,0
2020-05-13,35.8,27.7,31.1,68,2.7,8.0,1008.0,19.2,138,24.2,0
2020-05-14,36.0,27.3,31.0,69,0.4,3.0,1007.6,17.7,129,24.2,0
2020-05-15,34.5,28.1,30.8,70,1.2,9.0,1005.9,18.2,146,24.5,0
2020-05-16,35.3,27.5,30.7,72,2.4,8.0,1005.6,10.5,129,24.7,0
2020-05-17,33.4,26.7,30.0,74,9.1,10.0,1005.8,8.1,175,24.7,0
2020-05-18,34.9,27.2,30.1,75,1.7,6.0,1005.6,14.5,176,25.0,0
2020-05-19,35.0,27.4,30.0,78,15.6,9.0,1005.9,15.3,187,25.4,1
2020-05-20,32.0,26.3,28.3,86,22.1,17.0,1007.0,13.4,172,25.7,1
2020-05-21,33.7,26.1,29.6,82,1.0,5.0,1006.9,15.5,238,25.9,0
2020-05-22,32.9,26.6,29.5,83,3.9,8.0,1006.9,11.9,199,26.2,0
2020-05-23,33.0,26.6,28.8,83,6.0,9.0,1008.0,14.8,196,25.5,0
2020-05-24,32.5,25.8,28.5,85,3.5,8.0,1009.4,16.6,161,25.7,0
2020-05-25,32.1,26.4,28.4,86,7.6,11.0,1010.3,10.9,178,25.6,0
2020-05-26,35.1,25.7,30.1,75,0.0,0.0,1009.6,11.1,214,24.8,0
2020-05-27,33.7,26.4,29.1,81,21.1,7.0,1009.5,14.9,250,25.3,1
2020-05-28,32.1,25.0,27.8,86,22.7,14.0,1009.6,10.2,155,25.2,1
2020-05-29,32.5,26.1,28.6,83,3.3,11.0,1009.7,15.3,161,25.3,0
2020-05-30,31.9,25.5,28.0,86,21.2,8.0,1010.9,9.7,129,25.4,1
2020-05-31,32.2,26.0,28.8,85,4.0,8.0,1010.5,11.4,132,25.9,0
2020-06-01,32.4,25.4,28.0,86,16.5,18.0,1010.2,14.0,339,25.4,0
2020-06-02,31.2,24.3,27.3,86,26.3,21.0,1009.7,10.9,158,24.7,1
2020-06-03,32.6,25.5,27.8,86,24.8,11.0,1008.4,12.0,167,25.1,1
2020-06-04,32.2,25.7,27.7,86,4.2,9.0,1008.5,15.5,174,25.1,0
2020-06-05,32.5,24.8,27.6,87,22.4,8.0,1008.5,12.8,199,25.1,1
2020-06-06,32.1,25.4,27.8,86,8.6,9.0,1008.5,11.9,210,25.1,0
2020-06-07,32.6,25.1,28.3,84,5.2,5.0,1007.7,11.9,223,25.1,0
2020-06-08,31.6,25.1,28.2,84,1.3,9.0,1007.1,10.0,240,25.3,0
2020-06-09,32.0,26.3,28.4,82,2.8,6.0,1007.5,10.5,213,24.8,0
2020-06-10,30.3,24.8,26.8,88,20.3,20.0,1008.1,10.8,165,24.7,1
2020-06-11,29.3,25.0,26.9,89,9.6,12.0,1007.1,8.7,221,24.9,0
2020-06-12,31.5,25.0,27.9,83,2.4,5.0,1005.2,15.0,249,24.5,0
2020-06-13,32.0,24.8,27.4,87,32.7,20.0,1005.3,17.6,246,25.0,1
2020-06-14,30.7,25.3,26.6,90,20.8,17.0,1007.3,16.7,195,24.7,1
2020-06-15,31.1,25.0,26.9,89,17.3,15.0,1009.1,15.5,169,24.8,0
2020-06-16,31.1,24.9,27.1,90,22.2,15.0,1009.1,16.6,172,25.2,1
2020-06-17,31.8,24.7,28.0,86,1.3,7.0,1008.3,13.0,281,25.2,0
2020-06-18,32.0,24.8,27.6,87,18.2,14.0,1008.3,13.1,301,25.1,0
2020-06-19,31.4,25.5,27.7,89,7.8,15.0,1008.0,10.8,184,25.6,0
2020-06-20,31.1,25.3,27.4,88,15.2,21.0,1007.8,14.0,152,25.1,1
2020-06-21,31.5,25.1,27.4,87,13.1,13.0,1006.6,12.4,210,24.9,0
2020-06-22,30.9,24.8,27.3,88,5.6,8.0,1006.7,14.7,164,25.0,0
2020-06-23,32.6,25.0,28.3,83,1.2,2.0,1007.4,12.7,180,24.9,0
2020-06-24,32.2,25.2,28.1,86,14.8,16.0,1007.5,13.6,174,25.3,1
2020-06-25,31.1,24.3,27.0,89,9.7,12.0,1007.4,14.1,178,25.0,0
2020-06-26,31.3,24.0,26.8,87,18.9,11.0,1007.8,12.1,214,24.3,1
2020-06-27,30.6,24.3,27.2,85,4.2,9.0,1007.9,11.7,221,24.3,0
2020-06-28,30.5,24.9,26.7,86,4.5,15.0,1008.1,17.8,204,24.0,0
2020-06-29,28.4,24.6,26.1,91,13.8,19.0,1008.0,13.8,211,24.5,0
2020-06-30,30.1,24.3,26.2,90,15.9,17.0,1007.8,13.6,237,24.4,1
2020-07-01,31.0,24.0,26.9,89,11.7,8.0,1006.9,17.3,247,24.7,0
2020-07-02,31.2,25.1,27.1,87,16.6,17.0,1006.3,14.4,237,24.7,1
2020-07-03,28.7,25.1,26.3,90,13.6,20.0,1008.1,15.3,226,24.6,0
2020-07-04,30.6,23.5,27.1,80,0.3,1.0,1008.6,15.6,262,23.2,0
2020-07-05,31.9,24.4,27.5,82,10.8,11.0,1006.6,8.6,279,24.0,0
2020-07-06,28.7,24.5,26.5,90,19.0,16.0,1006.5,15.6,155,24.6,1
2020-07-07,31.0,24.9,27.7,84,4.3,11.0,1008.3,17.1,152,24.7,0
2020-07-08,29.7,24.8,27.2,88,3.4,10.0,1008.4,10.5,183,24.9,0
2020-07-09,32.2,24.3,28.2,84,6.3,6.0,1006.7,9.7,226,24.9,0
2020-07-10,30.8,25.5,27.3,88,15.2,11.0,1007.5,13.6,187,25.0,1
2020-07-11,31.8,24.6,27.0,87,7.9,8.0,1007.4,15.5,179,24.6,0
2020-07-12,31.5,24.1,27.0,86,13.3,13.0,1006.9,14.0,202,24.1,0
2020-07-13,28.9,24.2,26.5,89,14.0,14.0,1007.3,12.4,199,24.5,1
2020-07-14,31.3,24.9,27.8,85,5.1,10.0,1007.2,11.7,290,24.8,0
2020-07-15,29.9,24.0,27.2,85,4.4,6.0,1006.7,10.0,216,24.3,0
2020-07-16,31.0,25.7,27.9,86,7.5,13.0,1006.5,12.9,159,25.2,0
2020-07-17,31.0,25.2,28.0,87,2.7,12.0,1007.5,11.7,155,25.6,0
2020-07-18,31.3,25.4,27.7,86,15.3,15.0,1008.1,14.7,159,25.0,0
2020-07-19,32.2,24.4,27.9,85,4.0,5.0,1007.1,11.5,181,24.9,0
2020-07-20,31.0,24.9,27.8,86,6.7,11.0,1007.3,10.2,104,25.2,0
2020-07-21,29.8,24.7,27.3,89,7.1,12.0,1007.8,12.0,137,25.2,0
2020-07-22,32.1,25.1,28.1,85,2.3,8.0,1007.5,10.7,144,25.2,0
2020-07-23,31.8,25.1,27.7,85,19.3,15.0,1007.8,10.4,202,24.7,1
2020-07-24,29.7,25.4,26.8,89,14.0,21.0,1008.2,9.0,137,24.7,0
2020-07-25,30.5,24.3,27.4,87,3.1,8.0,1007.6,11.4,173,24.9,0
2020-07-26,30.7,25.2,27.8,84,1.7,10.0,1007.5,10.3,179,24.8,0
2020-07-27,31.7,24.7,27.8,86,7.0,11.0,1006.7,13.4,197,25.2,0
2020-07-28,31.3,24.8,27.1,88,16.0,13.0,1007.3,19.1,199,24.9,1
2020-07-29,31.4,24.6,27.1,87,11.3,15.0,1007.1,16.6,264,24.6,0
2020-07-30,30.7,24.6,27.3,87,19.7,14.0,1006.4,15.4,284,24.9,1
2020-07-31,29.9,25.6,26.8,88,10.2,16.0,1004.9,20.0,250,24.5,0
2020-08-01,27.5,24.8,26.0,91,7.2,21.0,1004.6,22.9,229,24.4,0
2020-08-02,29.8,24.9,26.8,88,8.4,17.0,1005.1,28.9,226,24.5,0
2020-08-03,28.8,24.8,26.5,90,10.0,18.0,1005.7,23.7,222,24.7,0
2020-08-04,28.9,24.5,26.6,88,8.6,14.0,1005.8,16.1,240,24.4,0
2020-08-05,29.8,24.0,26.4,89,35.7,14.0,1006.7,12.5,266,24.4,1
2020-08-06,29.5,24.3,26.2,89,37.3,23.0,1006.9,13.0,243,24.2,1
2020-08-07,30.8,24.6,26.9,86,10.4,19.0,1006.1,15.1,261,24.3,0
2020-08-08,29.8,24.8,26.7,90,21.1,14.0,1006.5,20.9,242,24.9,1
2020-08-09,30.8,24.3,27.1,87,9.7,8.0,1006.7,14.7,219,24.7,0
2020-08-10,30.7,25.2,27.2,87,2.2,10.0,1007.9,21.3,233,24.7,0
2020-08-11,32.2,24.8,27.7,85,5.9,10.0,1007.7,19.1,238,24.9,0
2020-08-12,30.3,24.7,27.4,87,8.0,15.0,1008.8,13.6,197,25.1,0
2020-08-13,29.7,24.7,26.5,89,16.7,23.0,1009.0,12.6,170,24.6,0
2020-08-14,30.5,24.1,26.4,88,15.0,19.0,1008.9,11.2,219,24.2,0
2020-08-15,31.2,23.4,26.9,83,0.3,3.0,1007.8,13.4,325,23.7,0
2020-08-16,32.6,24.4,27.8,82,3.7,9.0,1007.7,12.9,271,24.2,0
2020-08-17,31.3,24.8,27.5,87,9.8,8.0,1007.0,15.2,241,25.0,0
2020-08-18,31.8,24.9,27.5,85,15.9,16.0,1006.6,13.3,238,24.6,1
2020-08-19,31.1,24.3,27.2,83,13.3,15.0,1006.8,18.2,264,23.8,0
2020-08-20,30.4,24.8,27.2,85,2.5,9.0,1007.3,9.3,246,24.3,0
2020-08-21,31.8,24.9,28.1,83,3.6,10.0,1008.1,10.5,249,24.7,0
2020-08-22,32.5,25.1,28.5,80,0.1,1.0,1008.3,13.0,225,24.3,0
2020-08-23,32.2,25.1,28.1,83,4.4,7.0,1008.9,12.2,204,24.8,0
2020-08-24,32.4,24.5,27.9,84,10.5,4.0,1009.0,14.4,239,24.7,0
2020-08-25,32.7,25.2,28.7,83,2.0,7.0,1007.9,14.0,225,25.3,0
2020-08-26,33.2,25.4,28.8,82,3.0,7.0,1007.2,14.0,235,25.2,0
2020-08-27,33.8,25.9,28.8,81,4.4,3.0,1006.1,17.8,236,25.1,0
2020-08-28,33.2,25.3,28.6,80,3.7,7.0,1005.4,18.5,233,24.5,0
2020-08-29,32.5,25.0,28.2,84,3.2,9.0,1005.7,15.6,225,25.2,0
2020-08-30,32.3,24.9,28.0,85,5.3,7.0,1005.8,12.3,206,25.2,0
2020-08-31,32.8,25.1,28.3,83,1.7,2.0,1006.4,15.2,215,24.9,0
2020-09-01,31.8,25.1,27.6,86,12.5,14.0,1006.8,10.5,221,24.9,0
2020-09-02,32.4,25.4,28.1,83,9.6,15.0,1007.5,16.4,263,24.7,0
2020-09-03,32.7,24.1,28.0,84,21.7,19.0,1007.5,10.9,74,24.9,1
2020-09-04,31.5,25.4,27.6,86,16.4,16.0,1007.7,17.6,157,25.0,1
2020-09-05,32.1,24.9,28.2,85,1.4,7.0,1007.1,11.1,180,25.3,0
2020-09-06,31.8,25.2,27.5,84,15.0,16.0,1007.3,10.5,239,24.5,1
2020-09-07,32.6,24.7,27.8,86,4.8,6.0,1007.5,12.6,247,25.0,0
2020-09-08,31.8,24.9,28.0,85,1.6,9.0,1008.5,11.6,201,25.1,0
2020-09-09,31.5,25.8,27.9,87,6.8,14.0,1008.2,12.9,166,25.4,0
2020-09-10,31.6,24.5,27.5,86,6.9,7.0,1006.5,11.8,188,24.8,0
2020-09-11,31.6,25.0,27.5,86,11.5,13.0,1007.7,14.2,187,24.8,0
2020-09-12,32.3,24.8,27.4,86,20.0,14.0,1009.2,14.7,205,24.5,1
2020-09-13,30.7,24.3,26.8,87,20.8,16.0,1009.4,9.2,235,24.3,1
2020-09-14,28.8,24.0,26.1,89,13.6,17.0,1008.7,11.7,205,24.1,0
2020-09-15,31.0,23.9,26.7,86,27.6,16.0,1008.3,12.3,242,24.0,1
2020-09-16,30.9,24.2,27.0,85,7.2,11.0,1007.5,13.6,252,24.1,0
2020-09-17,30.7,25.4,26.9,86,7.4,14.0,1005.1,19.5,257,24.3,0
2020-09-18,28.2,24.6,25.8,91,19.5,20.0,1003.5,23.9,228,24.2,1
2020-09-19,29.5,24.3,26.1,90,17.5,21.0,1007.4,23.1,194,24.4,1
2020-09-20,30.3,23.8,26.6,87,8.9,10.0,1009.3,13.0,246,24.1,0
2020-09-21,31.8,24.1,27.5,86,3.4,7.0,1008.4,10.1,8,24.7,0
2020-09-22,31.4,25.0,27.6,88,7.8,14.0,1008.2,13.2,132,25.3,0
2020-09-23,30.8,24.6,26.9,88,13.6,7.0,1008.6,14.2,144,24.7,0
2020-09-24,31.4,24.3,27.2,87,10.1,7.0,1009.7,13.9,231,24.6,0
2020-09-25,31.0,25.2,27.3,86,2.6,5.0,1008.8,15.1,306,24.6,0
2020-09-26,30.7,24.1,27.0,86,2.6,3.0,1007.6,14.0,301,24.4,0
2020-09-27,29.5,23.7,26.2,90,42.3,20.0,1006.4,14.3,171,24.3,1
2020-09-28,28.1,24.4,25.6,90,19.7,17.0,1007.1,20.5,192,23.9,1
2020-09-29,30.5,23.5,26.5,88,4.4,7.0,1008.1,15.7,230,24.2,0
2020-09-30,31.5,24.4,27.1,87,5.9,11.0,1006.5,14.5,298,24.6,0
2020-10-01,31.3,24.8,27.3,87,9.9,12.0,1005.6,10.5,302,24.8,0
2020-10-02,29.4,24.3,26.6,90,20.2,20.0,1006.3,12.6,145,24.7,1
2020-10-03,31.2,24.1,26.9,88,6.5,9.0,1007.7,14.7,224,24.6,0
2020-10-04,30.2,24.4,26.8,88,9.8,15.0,1008.4,10.0,263,24.5,0
2020-10-05,29.3,23.7,25.9,90,21.4,19.0,1007.6,13.6,304,24.0,1
2020-10-06,29.7,23.7,26.0,90,22.7,21.0,1006.8,11.6,280,24.2,1
2020-10-07,28.4,24.0,25.9,92,23.1,22.0,1004.9,16.0,260,24.3,1
2020-10-08,30.0,23.8,26.5,89,9.8,15.0,1005.1,12.8,167,24.5,0
2020-10-09,28.9,25.0,26.2,91,15.4,19.0,1006.7,11.9,161,24.6,1
2020-10-10,27.6,24.4,25.4,92,29.4,24.0,1006.5,14.1,225,24.1,1
2020-10-11,27.8,24.1,25.6,92,13.7,24.0,1005.2,17.3,249,24.2,0
2020-10-12,27.9,24.2,25.6,91,6.4,20.0,1004.2,13.2,272,23.9,0
2020-10-13,28.0,23.6,25.5,90,22.6,20.0,1004.8,10.9,250,23.7,1
2020-10-14,27.4,23.8,25.3,92,13.5,19.0,1005.5,15.8,219,23.9,0
2020-10-15,29.1,23.8,25.7,90,28.8,23.0,1005.5,22.1,242,24.0,1
2020-10-16,27.0,24.2,25.3,92,13.9,24.0,1005.2,20.6,236,24.0,0
2020-10-17,27.3,24.0,25.5,92,9.7,21.0,1005.6,13.5,209,24.1,0
2020-10-18,27.4,24.0,25.5,93,11.8,17.0,1007.8,17.4,201,24.3,0
2020-10-19,28.2,24.0,26.0,91,12.9,24.0,1007.9,9.3,240,24.4,0
2020-10-20,30.6,23.8,26.8,88,13.6,16.0,1007.7,11.0,326,24.5,0
2020-10-21,30.4,23.6,26.2,90,26.2,18.0,1007.4,12.6,18,24.3,1
2020-10-22,31.3,24.1,27.2,81,1.1,5.0,1007.3,11.9,296,23.3,0
2020-10-23,30.2,23.9,26.9,84,0.7,6.0,1008.0,12.2,232,23.9,0
2020-10-24,29.7,24.2,26.3,87,3.3,2.0,1009.0,15.6,175,23.8,0
2020-10-25,28.9,23.8,26.0,88,18.1,21.0,1009.3,8.6,216,23.8,0
2020-10-26,30.5,23.7,26.3,86,13.3,13.0,1008.3,8.5,283,23.7,0
2020-10-27,30.3,23.6,26.6,83,0.0,0.0,1006.3,14.5,292,23.2,0
2020-10-28,29.2,24.7,26.2,85,1.3,4.0,1005.3,23.1,253,23.4,0
2020-10-29,30.7,24.0,26.1,89,18.4,12.0,1008.3,18.5,202,24.1,0
2020-10-30,31.0,24.1,27.1,86,5.7,13.0,1009.9,11.7,85,24.4,0
2020-10-31,31.5,23.8,27.1,85,8.1,13.0,1009.6,9.2,231,24.2,0
2020-11-01,30.9,23.8,27.0,87,2.7,12.0,1009.2,14.3,296,24.6,0
2020-11-02,28.6,24.1,26.1,90,25.0,6.0,1009.9,10.5,190,24.2,1
2020-11-03,30.6,23.5,26.9,81,0.9,5.0,1010.2,11.8,328,23.1,0
2020-11-04,30.3,23.3,26.2,88,2.2,8.0,1010.3,12.3,226,23.9,0
2020-11-05,31.7,23.0,27.2,83,0.0,0.0,1009.7,10.9,291,23.7,0
2020-11-06,30.3,24.5,26.8,86,3.1,6.0,1010.0,11.2,234,24.2,0
2020-11-07,30.6,24.5,26.9,87,8.7,16.0,1010.8,12.0,133,24.5,0
2020-11-08,30.8,24.0,27.1,81,1.8,2.0,1010.1,17.6,349,23.2,0
2020-11-09,30.8,22.2,25.9,78,0.3,1.0,1008.5,21.6,342,21.6,0
2020-11-10,28.6,22.8,25.0,80,2.1,8.0,1007.2,24.9,316,21.3,0
2020-11-11,27.9,23.1,25.3,83,1.3,3.0,1009.2,14.2,174,22.2,0
2020-11-12,30.9,23.5,26.9,84,1.3,5.0,1010.2,9.7,96,23.8,0
2020-11-13,30.8,23.0,26.9,82,0.7,5.0,1008.6,12.4,308,23.2,0
2020-11-14,31.5,22.2,26.8,76,0.0,0.0,1008.2,11.8,332,21.9,0
2020-11-15,30.8,23.6,26.9,82,1.1,7.0,1009.8,11.2,138,23.5,0
2020-11-16,31.8,23.8,27.3,80,1.0,7.0,1009.8,7.6,48,23.2,0
2020-11-17,31.9,23.4,27.5,82,0.2,2.0,1008.5,9.9,90,23.8,0
2020-11-18,32.6,24.3,27.8,80,0.3,1.0,1008.0,13.2,134,23.8,0
2020-11-19,31.8,24.9,27.3,83,4.1,8.0,1008.1,13.6,129,24.1,0
2020-11-20,31.8,24.3,27.6,81,9.0,6.0,1008.5,13.0,110,23.7,0
2020-11-21,31.5,24.6,27.1,86,18.0,5.0,1008.8,16.8,118,24.5,0
2020-11-22,31.7,23.8,27.4,80,0.1,1.0,1010.0,13.7,58,23.4,0
2020-11-23,31.4,23.3,26.8,86,3.3,8.0,1010.1,13.9,250,24.1,0
2020-11-24,31.4,23.4,27.2,81,0.4,2.0,1009.8,10.2,61,23.3,0
2020-11-25,32.0,24.0,27.6,75,0.0,0.0,1009.3,10.4,83,22.4,0
2020-11-26,31.3,23.5,27.1,76,0.0,0.0,1010.1,11.2,6,22.2,0
2020-11-27,31.5,22.7,27.1,77,0.4,3.0,1010.2,7.3,22,22.5,0
2020-11-28,32.3,22.7,27.3,76,20.9,4.0,1009.9,12.1,43,22.3,1
2020-11-29,28.2,23.9,25.5,88,10.9,19.0,1010.0,18.1,349,23.3,0
2020-11-30,30.0,23.1,25.9,87,3.7,8.0,1009.4,9.7,11,23.5,0
2020-12-01,29.6,23.7,26.1,86,5.1,14.0,1010.2,12.5,353,23.5,0
2020-12-02,31.2,23.7,27.1,81,0.3,3.0,1009.8,14.6,71,23.1,0
2020-12-03,31.0,21.6,26.4,67,0.0,0.0,1009.7,14.0,22,19.5,0
2020-12-04,31.0,20.6,25.6,64,0.0,0.0,1009.7,11.6,25,17.8,0
2020-12-05,32.0,21.3,26.4,65,0.0,0.0,1010.4,13.9,347,18.9,0
2020-12-06,33.0,22.8,27.3,67,0.0,0.0,1010.5,10.2,31,20.2,0
2020-12-07,29.3,23.5,26.8,69,0.2,1.0,1010.8,12.9,35,20.3,0
2020-12-08,32.8,24.4,27.8,62,0.1,1.0,1010.4,18.5,32,19.5,0
2020-12-09,28.7,24.2,26.1,68,13.0,9.0,1009.3,11.6,33,19.7,0
2020-12-10,31.9,23.6,27.3,75,3.0,5.0,1008.8,12.5,92,22.4,0
2020-12-11,31.8,24.5,27.3,81,5.0,10.0,1009.3,12.1,155,23.5,0
2020-12-12,31.6,23.9,27.1,84,7.4,12.0,1008.6,13.2,209,24.0,0
2020-12-13,31.4,23.9,26.7,85,5.8,10.0,1008.5,7.0,271,23.8,0
2020-12-14,30.8,24.0,27.1,84,1.4,6.0,1009.0,10.1,100,24.0,0
2020-12-15,31.0,23.9,26.6,87,26.8,7.0,1010.2,9.4,338,24.2,1
2020-12-16,31.3,22.7,26.7,82,0.1,1.0,1010.3,11.0,40,23.1,0
2020-12-17,31.5,23.2,27.2,78,0.5,4.0,1009.4,10.2,33,22.8,0
2020-12-18,31.4,23.4,27.1,77,2.7,10.0,1009.3,9.2,23,22.5,0
2020-12-19,31.3,23.4,27.3,69,0.0,0.0,1009.9,19.2,23,20.7,0
2020-12-20,31.4,23.0,26.4,61,0.0,0.0,1009.8,24.4,12,18.0,0
2020-12-21,31.5,22.1,26.4,58,0.0,0.0,1008.9,23.9,9,17.3,0
2020-12-22,30.5,21.5,25.1,65,1.2,4.0,1008.0,20.5,346,17.9,0
2020-12-23,31.3,22.9,26.3,74,3.7,9.0,1007.2,12.7,20,21.0,0
2020-12-24,31.5,23.4,27.1,78,2.3,9.0,1007.9,22.4,107,22.6,0
2020-12-25,32.7,23.7,27.6,75,0.4,3.0,1009.3,16.7,89,22.4,0
2020-12-26,33.2,23.4,27.6,73,0.0,0.0,1009.4,14.8,120,21.8,0
2020-12-27,32.2,23.5,27.3,77,0.5,5.0,1009.2,15.8,178,22.5,0
2020-12-28,32.0,23.1,27.3,76,0.9,6.0,1008.4,14.3,232,22.2,0
2020-12-29,34.1,22.9,28.1,71,0.1,1.0,1008.3,15.2,142,21.6,0
2020-12-30,32.7,25.2,28.0,63,0.5,4.0,1009.0,19.5,46,19.3,0
2020-12-31,30.9,23.3,26.5,55,0.3,2.0,1010.4,21.5,24,16.4,0
2021-01-01,30.9,22.3,26.1,52,0.0,0.0,1011.1,21.6,8,15.3,0
2021-01-02,32.2,22.4,26.4,56,0.3,1.0,1010.6,10.9,21,16.6,0
2021-01-03,33.3,22.4,27.0,61,0.2,2.0,1009.8,18.5,54,18.4,0
2021-01-04,33.5,23.4,28.0,64,1.0,4.0,1009.6,16.4,31,20.2,0
2021-01-05,33.0,24.1,28.3,66,3.9,8.0,1009.9,15.0,69,21.0,0
2021-01-06,33.3,23.9,28.3,64,0.1,1.0,1008.9,14.4,104,20.6,0
2021-01-07,35.3,24.5,28.7,61,0.0,0.0,1008.3,19.8,104,19.9,0
2021-01-08,34.5,23.4,28.3,61,0.0,0.0,1008.4,17.6,74,19.5,0
2021-01-09,32.6,22.7,27.1,58,0.0,0.0,1009.4,18.2,88,17.7,0
2021-01-10,32.9,21.9,27.0,58,0.0,0.0,1009.7,18.9,28,17.6,0
2021-01-11,34.4,21.4,27.6,56,0.0,0.0,1010.6,24.4,14,17.4,0
2021-01-12,32.9,21.5,26.5,50,0.0,0.0,1011.0,15.9,6,14.7,0
2021-01-13,30.8,19.4,25.0,52,0.0,0.0,1011.2,11.3,293,14.1,0
2021-01-14,31.8,20.6,25.4,64,0.0,0.0,1010.9,21.2,166,17.6,0
2021-01-15,32.8,20.7,25.7,67,0.0,0.0,1009.5,20.6,139,18.2,0
2021-01-16,32.8,21.7,26.2,64,0.0,0.0,1009.7,18.8,121,18.2,0
2021-01-17,34.7,21.8,27.0,59,0.0,0.0,1011.1,20.1,34,16.7,0
2021-01-18,32.6,21.5,26.4,49,0.0,0.0,1011.5,16.1,21,14.4,0
2021-01-19,31.3,20.2,25.8,49,0.0,0.0,1011.0,10.7,334,14.0,0
2021-01-20,32.7,21.7,26.9,65,0.0,0.0,1010.5,16.5,146,19.0,0
2021-01-21,32.8,22.3,27.2,68,0.0,0.0,1009.8,18.1,194,20.0,0
2021-01-22,31.5,23.3,26.6,76,10.0,11.0,1009.6,13.2,199,21.7,0
2021-01-23,29.0,23.7,25.7,81,5.1,9.0,1010.1,11.9,166,22.2,0
2021-01-24,30.8,22.7,26.1,78,1.3,7.0,1010.5,13.7,146,21.7,0
2021-01-25,31.1,22.6,26.0,78,0.2,2.0,1010.0,19.5,133,21.7,0
2021-01-26,31.8,22.3,26.7,73,0.2,2.0,1009.3,14.4,100,21.0,0
2021-01-27,32.5,22.0,27.0,70,0.3,3.0,1009.4,11.3,111,20.6,0
2021-01-28,33.1,22.6,27.1,70,0.2,2.0,1010.7,18.7,99,20.8,0
2021-01-29,31.5,21.9,26.5,59,0.0,0.0,1011.2,17.6,352,17.5,0
2021-01-30,32.9,20.1,26.3,58,0.0,0.0,1011.6,12.9,185,16.7,0
2021-01-31,32.8,22.1,27.2,62,0.0,0.0,1011.6,12.0,89,18.8,0
2021-02-01,33.3,22.7,27.6,61,0.0,0.0,1011.9,19.3,65,18.7,0
2021-02-02,33.2,22.8,27.3,60,0.0,0.0,1012.0,19.8,72,17.8,0
2021-02-03,33.2,21.1,26.6,62,0.0,0.0,1011.7,17.6,171,18.2,0
2021-02-04,34.1,21.3,27.3,62,0.0,0.0,1012.0,16.6,288,18.5,0
2021-02-05,33.1,23.0,27.7,64,0.5,3.0,1011.3,19.9,81,19.8,0
2021-02-06,32.6,23.4,27.8,64,0.4,3.0,1010.0,18.7,127,20.0,0
2021-02-07,33.2,24.1,28.0,63,0.1,1.0,1010.3,14.9,184,20.0,0
2021-02-08,32.5,24.2,27.6,69,1.5,9.0,1009.8,10.6,120,21.2,0
2021-02-09,32.0,23.5,27.5,71,0.3,3.0,1009.1,14.8,130,21.4,0
2021-02-10,31.4,23.5,26.9,76,12.2,11.0,1009.4,14.1,187,21.9,0
2021-02-11,29.9,24.0,26.3,77,0.6,5.0,1010.1,13.0,174,21.8,0
2021-02-12,31.3,22.8,26.2,73,2.1,9.0,1011.2,18.7,157,20.5,0
2021-02-13,31.4,21.8,25.6,72,0.0,0.0,1011.9,19.5,148,19.6,0
2021-02-14,30.7,21.0,25.3,68,0.0,0.0,1012.6,21.5,147,18.5,0
2021-02-15,31.6,20.8,25.3,69,0.0,0.0,1011.3,21.6,143,18.7,0
2021-02-16,32.0,21.4,25.4,69,0.0,0.0,1010.9,21.0,141,18.7,0
2021-02-17,33.0,21.5,26.4,61,0.0,0.0,1011.8,23.2,130,17.3,0
2021-02-18,32.5,20.3,26.5,59,0.0,0.0,1013.3,14.3,83,16.9,0
2021-02-19,32.9,20.6,26.7,53,0.0,0.0,1013.1,17.8,51,15.9,0
2021-02-20,32.9,20.8,26.5,55,0.0,0.0,1012.6,16.0,109,15.8,0
2021-02-21,32.2,20.6,26.0,61,0.0,0.0,1012.0,18.3,116,17.3,0
2021-02-22,33.1,20.9,25.7,63,0.0,0.0,1011.3,23.2,140,17.5,0
2021-02-23,33.3,21.7,26.1,65,0.0,0.0,1010.3,23.0,142,18.5,0
2021-02-24,34.5,22.8,26.9,67,0.0,0.0,1009.3,20.2,150,19.5,0
2021-02-25,34.2,22.6,27.4,69,0.0,0.0,1007.9,16.7,176,20.4,0
2021-02-26,32.7,24.0,27.6,72,0.1,1.0,1007.0,17.3,160,21.7,0
2021-02-27,33.1,24.1,27.6,74,0.2,2.0,1007.7,15.5,151,22.1,0
2021-02-28,32.7,23.6,27.7,71,0.6,5.0,1009.3,19.1,135,21.5,0
2021-03-01,34.1,24.3,28.3,71,0.0,0.0,1011.4,19.5,137,22.0,0
2021-03-02,35.5,24.6,28.6,69,0.2,1.0,1011.3,20.6,135,21.9,0
2021-03-03,36.1,24.1,28.8,63,0.5,2.0,1010.9,20.4,128,20.4,0
2021-03-04,36.9,24.7,29.2,58,0.0,0.0,1011.5,27.2,119,19.3,0
2021-03-05,36.1,22.6,28.4,59,0.0,0.0,1011.4,26.9,130,18.1,0
2021-03-06,36.3,22.5,28.5,60,0.0,0.0,1011.9,23.2,139,19.0,0
2021-03-07,35.7,24.0,28.5,65,0.3,2.0,1011.2,23.8,134,20.6,0
2021-03-08,35.7,23.9,29.1,55,0.0,0.0,1011.6,21.6,108,18.5,0
2021-03-09,34.3,24.3,28.7,58,0.3,2.0,1011.5,18.5,103,19.0,0
2021-03-10,34.3,23.7,28.9,57,0.2,1.0,1011.2,16.3,121,18.8,0
2021-03-11,35.1,25.3,29.3,57,0.3,2.0,1011.1,21.4,113,19.6,0
2021-03-12,36.0,24.9,29.6,51,0.0,0.0,1011.1,20.6,120,17.8,0
2021-03-13,35.7,25.0,29.2,57,0.1,1.0,1011.0,22.9,126,18.8,0
2021-03-14,35.4,23.2,28.3,63,0.0,0.0,1009.4,24.5,136,19.8,0
2021-03-15,35.4,23.5,27.9,66,0.1,1.0,1009.3,21.3,145,20.3,0
2021-03-16,33.5,24.7,28.0,67,0.1,1.0,1009.2,23.0,144,20.7,0
2021-03-17,34.2,24.1,27.8,68,0.1,1.0,1009.1,20.5,142,20.7,0
2021-03-18,34.3,24.1,28.2,71,0.0,0.0,1008.6,23.8,143,21.8,0
2021-03-19,36.0,24.3,28.8,72,0.1,1.0,1007.8,21.5,144,22.5,0
2021-03-20,33.0,25.7,28.9,71,1.1,4.0,1006.9,17.6,142,22.7,0
2021-03-21,34.8,25.7,29.1,70,1.4,9.0,1007.4,22.9,130,22.6,0
2021-03-22,35.9,24.7,29.9,63,0.0,0.0,1009.3,19.1,109,21.3,0
2021-03-23,36.7,25.6,30.7,55,2.0,4.0,1009.0,13.2,58,20.0,0
2021-03-24,35.8,26.0,29.9,61,3.6,3.0,1008.3,18.1,100,21.2,0
2021-03-25,33.0,26.0,29.0,68,0.4,4.0,1008.7,19.5,114,22.3,0
2021-03-26,35.7,24.7,29.1,66,0.0,0.0,1008.1,23.7,119,21.5,0
2021-03-27,35.3,25.2,29.2,68,0.1,1.0,1007.7,23.7,133,22.0,0
2021-03-28,35.8,25.1,29.3,67,0.0,0.0,1007.4,19.0,133,21.9,0
2021-03-29,35.0,25.4,29.2,68,0.0,0.0,1006.9,18.1,141,22.1,0
2021-03-30,34.2,25.2,29.2,69,0.3,2.0,1006.0,17.4,163,22.2,0
2021-03-31,35.8,25.3,29.6,70,0.0,0.0,1005.1,18.9,166,23.0,0
2021-04-01,35.1,25.9,29.6,69,0.4,4.0,1005.7,18.2,163,22.7,0
2021-04-02,34.8,26.3,29.8,73,5.3,14.0,1006.5,18.2,154,24.1,0
2021-04-03,32.2,24.7,27.8,79,12.0,12.0,1007.2,16.7,130,23.7,0
2021-04-04,31.3,25.6,28.0,79,7.9,6.0,1008.0,14.6,131,24.0,0
2021-04-05,32.8,24.5,28.3,76,0.2,2.0,1009.1,17.1,121,23.2,0
2021-04-06,35.4,24.4,28.9,66,0.0,0.0,1009.6,23.6,120,21.2,0
2021-04-07,33.8,24.2,28.6,66,0.1,1.0,1009.8,18.0,128,21.3,0
2021-04-08,32.8,25.6,28.4,72,0.9,2.0,1009.1,13.3,140,22.6,0
2021-04-09,33.1,25.9,28.3,74,5.4,11.0,1009.1,15.5,137,22.9,0
2021-04-10,33.7,24.9,28.7,71,1.8,10.0,1010.2,18.7,125,22.3,0
2021-04-11,35.4,25.1,29.4,66,0.4,2.0,1011.0,19.4,118,21.9,0
2021-04-12,34.4,25.8,29.2,67,1.0,3.0,1011.2,14.9,121,22.2,0
2021-04-13,33.7,25.6,28.8,75,3.4,8.0,1010.7,16.3,137,23.5,0
2021-04-14,33.4,25.4,28.8,73,6.8,12.0,1010.2,14.6,151,23.0,0
2021-04-15,31.7,24.2,27.2,85,48.1,16.0,1009.4,14.1,140,24.4,1
2021-04-16,31.3,24.2,27.1,84,14.6,17.0,1009.7,13.0,138,24.1,0
2021-04-17,32.1,24.6,27.4,84,18.8,17.0,1010.8,11.0,136,24.3,0
2021-04-18,30.1,24.9,27.0,85,12.2,13.0,1010.7,13.3,155,24.0,0
2021-04-19,30.8,24.5,26.9,87,8.6,11.0,1009.3,13.0,182,24.4,0
2021-04-20,32.3,25.0,28.0,83,3.2,2.0,1008.6,8.7,185,24.6,0
2021-04-21,31.6,25.6,28.0,84,5.5,9.0,1008.7,9.9,176,24.9,0
2021-04-22,29.3,24.9,26.6,89,17.5,21.0,1008.6,9.8,137,24.7,0
2021-04-23,31.3,24.7,27.0,87,17.7,12.0,1007.8,14.7,220,24.4,1
2021-04-24,32.3,24.6,27.8,83,4.8,7.0,1007.9,14.8,196,24.4,0
2021-04-25,31.8,24.6,27.7,84,6.6,9.0,1008.5,12.0,212,24.6,0
2021-04-26,32.2,24.9,28.3,82,0.3,2.0,1008.3,14.4,176,24.7,0
2021-04-27,30.8,25.5,27.3,86,13.3,18.0,1009.9,12.6,131,24.7,0
2021-04-28,31.5,25.1,27.7,83,3.5,8.0,1010.6,12.8,136,24.4,0
2021-04-29,32.0,25.3,28.1,78,0.1,1.0,1009.9,13.7,119,23.6,0
2021-04-30,32.5,25.2,28.4,77,0.4,4.0,1009.6,14.2,120,23.7,0
2021-05-01,30.8,25.4,28.0,83,6.1,9.0,1010.0,17.0,129,24.8,0
2021-05-02,32.9,25.4,28.8,78,0.3,3.0,1009.3,15.4,120,24.3,0
2021-05-03,33.5,25.5,28.6,78,0.4,3.0,1007.8,18.5,121,24.1,0
2021-05-04,33.6,24.8,28.9,75,0.3,2.0,1007.1,16.0,107,23.6,0
2021-05-05,34.4,25.7,29.6,73,1.9,3.0,1007.3,14.9,107,24.0,0
2021-05-06,34.1,26.0,29.5,73,0.6,5.0,1009.1,16.1,112,23.7,0
2021-05-07,32.8,25.1,28.4,81,1.3,4.0,1009.6,17.2,72,24.5,0
2021-05-08,32.7,25.7,28.6,80,1.8,4.0,1008.2,18.6,129,24.7,0
2021-05-09,32.6,26.4,28.6,82,7.8,5.0,1007.9,12.6,141,25.1,0
2021-05-10,33.1,26.1,29.3,79,0.7,5.0,1007.4,12.1,137,24.9,0
2021-05-11,33.3,26.0,29.5,78,1.5,8.0,1007.0,13.1,140,24.9,0
2021-05-12,34.6,26.5,29.9,76,3.4,7.0,1006.4,12.7,129,24.9,0
2021-05-13,33.2,26.7,29.3,81,5.4,10.0,1005.9,18.4,123,25.5,0
2021-05-14,31.7,26.5,28.8,82,3.4,8.0,1006.3,14.9,133,25.3,0
2021-05-15,32.9,25.9,28.7,82,3.3,7.0,1007.0,16.0,136,25.2,0
2021-05-16,32.8,25.8,29.0,82,4.8,9.0,1006.7,15.0,133,25.4,0
2021-05-17,31.9,25.1,28.0,84,31.1,19.0,1007.7,16.6,123,24.9,1
2021-05-18,31.5,25.4,28.0,85,7.2,13.0,1007.9,13.3,152,25.1,0
2021-05-19,32.5,25.4,28.1,86,8.7,8.0,1007.4,13.0,166,25.4,0
2021-05-20,32.6,25.5,28.7,82,13.6,13.0,1007.5,14.2,166,25.2,0
2021-05-21,31.5,25.7,27.8,86,15.8,20.0,1007.5,11.6,181,25.2,1
2021-05-22,30.9,25.3,26.9,89,17.1,21.0,1006.9,16.8,237,24.9,1
2021-05-23,31.3,25.3,27.2,88,22.1,19.0,1006.2,17.6,248,25.0,1
2021-05-24,29.7,26.0,27.1,88,8.7,19.0,1006.9,16.1,275,25.0,0
2021-05-25,28.7,24.7,26.5,91,63.1,23.0,1007.3,11.7,224,24.9,1
2021-05-26,29.3,24.8,26.4,91,9.9,18.0,1007.3,14.5,221,24.7,0
2021-05-27,30.2,24.9,26.6,90,20.5,8.0,1007.7,14.2,197,24.8,1
2021-05-28,30.8,24.8,27.4,88,3.9,9.0,1009.1,12.4,186,25.1,0
2021-05-29,31.6,25.3,28.0,85,4.1,7.0,1009.0,14.5,182,25.1,0
2021-05-30,32.9,24.8,28.6,82,0.7,4.0,1007.5,11.0,231,25.0,0
2021-05-31,33.1,25.7,29.0,84,2.8,5.0,1006.1,12.2,249,25.9,0
2021-06-01,32.1,25.9,28.7,85,6.4,9.0,1006.5,10.8,229,25.9,0
2021-06-02,32.3,26.1,28.6,85,3.1,8.0,1007.0,11.9,219,25.7,0
2021-06-03,32.8,25.7,28.6,85,3.6,5.0,1007.8,11.2,231,25.7,0
2021-06-04,33.5,25.2,29.3,82,0.2,2.0,1007.4,12.1,234,25.6,0
2021-06-05,33.0,26.1,28.6,83,5.9,8.0,1007.6,17.6,233,25.4,0
2021-06-06,32.4,25.1,28.0,85,4.3,5.0,1007.3,20.6,236,25.2,0
2021-06-07,31.9,25.7,27.7,84,9.2,12.0,1008.1,24.9,231,24.7,0
2021-06-08,28.9,24.9,26.6,89,6.4,19.0,1008.9,16.6,216,24.7,0
2021-06-09,30.3,25.3,27.0,88,4.7,14.0,1008.0,11.6,240,24.8,0
2021-06-10,30.6,25.0,26.7,90,12.4,14.0,1006.8,20.0,245,24.8,0
2021-06-11,31.5,24.6,27.3,85,4.1,6.0,1005.7,20.2,243,24.4,0
2021-06-12,30.0,24.9,26.6,87,9.0,14.0,1007.0,18.3,243,24.1,0
2021-06-13,31.1,24.8,27.4,83,0.8,5.0,1008.0,22.0,225,24.2,0
2021-06-14,32.2,24.9,27.9,82,1.0,7.0,1007.9,17.6,240,24.4,0
2021-06-15,30.7,24.8,27.1,87,4.3,9.0,1007.4,15.5,238,24.7,0
2021-06-16,31.7,24.9,27.3,87,11.3,16.0,1008.7,14.9,232,24.9,0
2021-06-17,32.9,24.9,28.5,78,0.3,2.0,1009.2,11.8,242,24.0,0
2021-06-18,32.3,24.9,28.2,82,2.8,5.0,1009.8,11.4,227,24.6,0
2021-06-19,31.7,25.1,27.8,85,10.2,8.0,1009.1,13.1,227,24.9,0
2021-06-20,32.4,25.1,27.7,84,17.7,8.0,1007.9,16.1,234,24.6,1
2021-06-21,31.4,24.8,27.5,85,9.8,7.0,1007.5,25.2,233,24.7,0
2021-06-22,31.0,24.5,27.3,86,13.5,8.0,1008.4,16.6,223,24.7,0
2021-06-23,30.9,24.3,27.2,86,9.3,7.0,1009.1,20.5,240,24.5,0
2021-06-24,31.6,24.0,27.5,85,8.3,10.0,1007.7,13.9,236,24.6,0
2021-06-25,32.2,25.0,28.1,82,2.9,7.0,1007.1,14.4,216,24.5,0
2021-06-26,31.9,24.9,28.0,82,0.8,6.0,1008.4,14.6,192,24.5,0
2021-06-27,32.7,24.6,28.4,80,0.9,4.0,1009.4,14.3,210,24.2,0
2021-06-28,32.9,25.0,28.0,83,5.7,8.0,1008.5,13.0,227,24.8,0
2021-06-29,32.6,25.1,28.3,83,3.7,8.0,1007.8,11.0,206,25.0,0
2021-06-30,32.2,25.6,28.1,83,2.6,9.0,1008.1,14.5,221,24.9,0
2021-07-01,32.6,24.7,28.2,82,3.9,7.0,1008.2,11.6,214,24.7,0
2021-07-02,33.0,24.6,28.6,78,0.2,2.0,1008.3,12.8,234,24.0,0
2021-07-03,33.8,25.1,28.9,81,0.3,2.0,1006.8,10.0,236,25.1,0
2021-07-04,32.0,26.0,28.5,83,8.4,7.0,1006.0,15.4,205,25.2,0
2021-07-05,30.3,25.3,26.9,89,18.0,12.0,1005.5,13.5,223,24.9,1
2021-07-06,28.2,25.0,26.3,91,7.4,12.0,1005.5,16.9,229,24.7,0
2021-07-07,29.6,24.7,26.4,89,9.5,14.0,1006.7,16.5,218,24.4,0
2021-07-08,27.3,24.6,25.6,91,11.9,19.0,1007.4,15.0,216,24.1,0
2021-07-09,29.3,23.7,25.8,89,22.3,20.0,1007.1,14.6,186,23.8,1
2021-07-10,30.3,24.3,26.8,86,8.4,14.0,1007.2,13.1,164,24.2,0
2021-07-11,30.9,24.6,27.6,84,7.3,8.0,1008.3,11.8,144,24.5,0
2021-07-12,31.6,25.2,27.7,85,6.1,6.0,1008.3,14.3,136,24.7,0
2021-07-13,30.4,24.4,27.2,87,9.5,16.0,1007.4,12.7,148,24.7,0
2021-07-14,30.5,24.6,26.7,87,22.7,20.0,1006.6,10.6,208,24.3,1
2021-07-15,28.8,24.2,26.0,91,27.7,17.0,1007.9,9.7,251,24.3,1
2021-07-16,31.5,23.9,27.7,82,4.0,5.0,1008.8,14.6,274,24.0,0
2021-07-17,32.2,24.5,27.9,80,5.5,7.0,1006.8,17.1,257,24.0,0
2021-07-18,30.4,25.1,26.9,88,18.4,18.0,1006.2,18.1,247,24.7,1
2021-07-19,29.7,25.4,26.7,87,2.7,8.0,1007.3,16.6,234,24.2,0
2021-07-20,31.2,25.0,27.5,84,7.5,4.0,1008.0,23.7,240,24.4,0
2021-07-21,30.2,25.0,27.1,87,8.8,8.0,1007.7,22.9,234,24.7,0
2021-07-22,29.5,25.0,27.1,87,1.8,7.0,1007.1,16.3,232,24.7,0
2021-07-23,29.8,25.5,27.4,85,4.9,9.0,1006.6,27.3,245,24.7,0
2021-07-24,31.5,25.9,28.1,82,1.5,6.0,1006.2,21.9,244,24.6,0
2021-07-25,29.7,25.9,27.3,86,5.1,10.0,1006.9,28.7,239,24.6,0
2021-07-26,31.3,25.0,27.8,83,3.4,9.0,1006.2,19.8,245,24.6,0
2021-07-27,31.4,25.3,27.8,83,8.5,6.0,1005.6,22.4,246,24.7,0
2021-07-28,30.9,25.8,27.4,84,9.9,8.0,1005.5,24.7,245,24.5,0
2021-07-29,29.8,25.2,26.8,88,14.0,16.0,1006.5,21.2,236,24.6,1
2021-07-30,30.0,24.9,26.8,89,17.5,14.0,1007.5,22.0,238,24.7,1
2021-07-31,31.4,25.1,27.6,85,6.9,8.0,1007.5,17.7,234,24.8,0
2021-08-01,32.2,25.1,27.9,83,2.9,4.0,1006.3,23.7,244,24.6,0
2021-08-02,31.3,25.7,28.1,82,5.4,8.0,1006.5,22.1,245,24.7,0
2021-08-03,30.4,26.0,28.0,81,3.4,9.0,1007.3,22.8,244,24.3,0
2021-08-04,32.5,25.8,28.1,81,2.8,4.0,1007.8,23.7,243,24.5,0
2021-08-05,31.3,25.8,27.7,84,2.6,7.0,1007.8,25.0,238,24.7,0
2021-08-06,32.1,25.4,28.1,82,2.0,5.0,1008.0,21.0,240,24.6,0
2021-08-07,32.4,25.3,28.0,84,3.5,7.0,1008.3,19.9,248,24.9,0
2021-08-08,31.9,25.3,28.2,83,6.7,9.0,1008.0,15.3,245,24.9,0
2021-08-09,32.0,25.9,28.5,82,1.3,9.0,1007.0,15.1,233,25.1,0
2021-08-10,30.7,25.7,27.5,87,11.6,14.0,1006.5,19.4,209,25.1,0
2021-08-11,30.8,25.2,27.3,88,14.2,12.0,1008.6,14.5,184,24.9,0
2021-08-12,29.1,24.9,26.9,90,8.1,12.0,1010.5,13.5,201,25.1,0
2021-08-13,30.9,24.6,26.6,88,9.6,11.0,1008.8,15.1,217,24.3,0
2021-08-14,30.0,25.2,27.1,89,10.7,15.0,1007.7,16.2,241,25.0,0
2021-08-15,29.9,24.5,26.9,83,0.0,0.0,1009.4,12.8,277,23.6,0
2021-08-16,32.3,23.6,27.8,81,3.7,8.0,1011.1,8.7,327,24.0,0
2021-08-17,31.4,24.2,27.2,88,11.5,15.0,1010.3,7.9,2,24.8,0
2021-08-18,31.7,24.0,27.3,85,15.1,7.0,1008.5,10.4,224,24.4,0
2021-08-19,31.3,24.0,27.1,85,11.2,15.0,1008.0,9.6,184,24.3,0
2021-08-20,30.9,24.7,27.1,86,7.4,14.0,1008.7,12.7,157,24.6,0
2021-08-21,31.8,23.9,27.5,83,1.0,7.0,1008.9,10.0,212,24.0,0
2021-08-22,31.8,24.9,27.5,84,7.4,8.0,1008.2,17.3,227,24.5,0
2021-08-23,31.6,24.9,27.2,86,22.0,12.0,1007.7,15.8,237,24.4,1
2021-08-24,29.4,24.4,26.5,88,11.4,11.0,1007.0,16.7,207,24.3,0
2021-08-25,28.6,24.0,25.5,91,10.1,15.0,1007.5,17.6,213,23.8,0
2021-08-26,28.4,23.7,25.4,91,17.2,24.0,1007.9,16.6,208,23.8,1
2021-08-27,31.2,23.5,26.4,88,18.1,11.0,1007.5,18.7,226,24.2,1
2021-08-28,29.9,23.8,26.0,87,20.2,22.0,1007.3,9.3,46,23.6,1
2021-08-29,29.8,23.3,26.3,88,33.1,21.0,1007.1,11.1,10,23.9,1
2021-08-30,30.2,23.5,26.3,89,21.4,18.0,1007.9,12.3,151,24.3,1
2021-08-31,30.8,23.9,26.7,88,13.8,13.0,1008.4,12.3,175,24.5,0
2021-09-01,31.0,23.9,26.7,87,9.5,13.0,1008.1,12.3,184,24.3,0
2021-09-02,29.5,24.2,26.7,87,30.0,21.0,1007.9,13.3,181,24.2,1
2021-09-03,30.2,23.9,26.3,87,10.4,18.0,1007.5,16.1,252,23.9,0
2021-09-04,29.2,24.3,26.1,88,25.2,22.0,1008.0,18.8,259,23.9,1
2021-09-05,30.1,24.2,26.1,87,17.0,22.0,1008.4,14.0,281,23.8,0
2021-09-06,30.7,23.3,26.4,87,9.7,10.0,1008.5,11.6,268,23.9,0
2021-09-07,30.6,24.2,26.5,88,9.6,12.0,1007.5,16.6,231,24.2,0
2021-09-08,30.8,24.3,26.8,88,5.4,11.0,1006.3,17.6,211,24.4,0
2021-09-09,30.1,24.3,26.4,87,16.0,19.0,1007.8,18.9,214,24.0,1
2021-09-10,30.5,24.9,26.9,87,5.6,17.0,1007.9,21.2,240,24.4,0
2021-09-11,30.9,25.0,27.2,83,2.7,14.0,1006.6,26.0,264,24.0,0
2021-09-12,31.0,25.2,27.7,81,1.1,6.0,1004.3,27.2,263,23.9,0
2021-09-13,31.1,25.2,26.9,87,22.3,15.0,1005.5,14.9,238,24.4,1
2021-09-14,29.4,24.4,26.2,90,30.1,21.0,1007.9,13.3,202,24.4,1
2021-09-15,30.2,23.9,26.1,89,26.1,20.0,1009.5,14.0,165,24.0,1
2021-09-16,30.2,24.5,26.9,88,3.2,9.0,1009.4,9.7,127,24.6,0
2021-09-17,31.6,23.9,27.2,86,17.4,12.0,1008.7,8.9,155,24.6,0
2021-09-18,31.8,24.6,27.4,86,8.1,16.0,1008.3,8.5,43,24.7,0
2021-09-19,27.9,23.8,25.3,91,27.1,23.0,1008.4,13.6,234,23.8,1
2021-09-20,30.6,23.4,25.9,90,14.0,18.0,1008.1,16.1,217,23.9,0
2021-09-21,30.4,23.9,26.6,87,5.2,6.0,1007.7,17.0,196,24.1,0
2021-09-22,30.1,23.8,26.4,88,8.6,10.0,1008.0,11.2,221,24.2,0
2021-09-23,30.4,24.5,26.5,89,4.7,9.0,1008.2,11.6,265,24.5,0
2021-09-24,29.9,24.5,26.4,90,14.7,15.0,1008.3,15.8,218,24.6,0
2021-09-25,30.5,24.4,26.5,89,15.1,20.0,1007.9,17.4,202,24.5,1
2021-09-26,31.1,23.9,26.7,87,5.5,11.0,1007.2,12.3,110,24.3,0
2021-09-27,31.7,24.7,27.7,84,4.5,12.0,1007.5,13.8,134,24.6,0
2021-09-28,31.9,25.1,27.7,86,3.3,13.0,1008.0,10.3,106,25.0,0
2021-09-29,31.7,24.7,27.4,86,6.1,16.0,1007.4,12.9,193,24.6,0
2021-09-30,29.9,24.4,26.8,89,10.9,13.0,1008.3,9.6,174,24.7,0
2021-10-01,30.9,24.7,26.9,88,25.2,13.0,1008.9,8.8,179,24.7,1
2021-10-02,29.9,23.9,26.1,90,26.8,20.0,1009.4,10.3,241,24.3,1
2021-10-03,29.2,23.9,26.3,89,4.4,7.0,1008.3,7.6,151,24.2,0
2021-10-04,31.1,24.7,27.5,84,3.0,7.0,1006.7,8.2,321,24.4,0
2021-10-05,30.5,24.3,26.7,87,27.4,21.0,1005.6,11.8,133,24.2,1
2021-10-06,27.9,24.0,25.8,91,12.4,19.0,1004.3,9.2,240,24.2,0
2021-10-07,28.0,24.4,26.0,91,9.7,20.0,1003.8,12.6,252,24.4,0
2021-10-08,29.3,25.0,26.4,89,9.9,19.0,1004.4,21.3,256,24.5,0
2021-10-09,29.5,24.9,26.8,88,9.3,9.0,1006.0,21.3,242,24.6,0
2021-10-10,32.2,25.1,27.5,85,9.2,8.0,1005.4,19.6,244,24.6,0
2021-10-11,28.7,25.3,26.5,90,20.4,18.0,1005.2,15.4,244,24.7,1
2021-10-12,29.0,24.5,26.0,89,35.3,21.0,1005.0,25.3,255,23.9,1
2021-10-13,30.2,24.6,26.1,88,19.6,17.0,1003.9,20.7,259,23.9,1
2021-10-14,31.2,24.3,26.6,89,12.0,8.0,1005.1,21.7,222,24.5,0
2021-10-15,31.2,24.1,26.8,87,17.0,11.0,1006.1,15.3,229,24.3,1
2021-10-16,28.0,24.1,25.8,90,24.6,22.0,1007.6,10.1,290,24.0,1
2021-10-17,29.4,23.7,25.7,89,12.4,7.0,1008.0,13.8,299,23.6,0
2021-10-18,30.8,23.7,27.0,85,1.2,8.0,1009.6,14.9,142,24.1,0
2021-10-19,30.5,24.7,27.2,86,2.3,7.0,1012.0,14.5,110,24.6,0
2021-10-20,28.8,24.0,25.7,91,25.3,13.0,1012.3,11.9,126,24.1,1
2021-10-21,30.6,23.8,26.7,85,3.9,9.0,1011.0,11.3,99,23.8,0
2021-10-22,29.7,24.1,26.2,89,12.7,11.0,1011.5,12.7,97,24.1,0
2021-10-23,30.5,23.4,26.0,88,5.1,6.0,1011.7,11.1,360,23.7,0
2021-10-24,31.2,23.5,26.3,87,3.0,5.0,1010.3,6.4,321,23.9,0
2021-10-25,30.6,23.9,26.7,86,4.6,6.0,1008.8,12.3,338,24.1,0
2021-10-26,31.2,24.0,27.0,81,1.1,3.0,1007.8,12.2,11,23.4,0
2021-10-27,29.4,24.1,26.2,85,6.3,9.0,1008.2,14.0,301,23.4,0
2021-10-28,31.1,23.6,27.0,84,0.9,3.0,1009.9,16.2,128,23.9,0
2021-10-29,31.4,24.2,26.8,85,10.2,8.0,1011.3,14.8,100,24.0,0
2021-10-30,31.7,23.3,26.5,86,4.0,5.0,1011.1,18.3,81,23.8,0
2021-10-31,30.5,24.1,26.2,87,23.8,7.0,1011.5,13.9,92,23.9,1
2021-11-01,31.3,23.8,26.6,88,10.9,6.0,1010.7,10.9,32,24.4,0
2021-11-02,31.3,23.0,26.9,83,0.0,0.0,1010.4,11.2,42,23.5,0
2021-11-03,31.6,23.5,27.3,82,0.9,2.0,1009.6,12.9,82,23.6,0
2021-11-04,31.3,23.7,27.3,81,0.4,4.0,1009.5,16.2,110,23.5,0
2021-11-05,31.6,23.9,26.8,87,6.7,4.0,1008.4,15.8,111,24.3,0
2021-11-06,30.9,24.5,27.0,86,3.8,9.0,1006.8,13.0,108,24.3,0
2021-11-07,30.8,24.7,27.4,85,1.2,6.0,1006.8,14.4,123,24.6,0
2021-11-08,31.8,24.7,27.8,84,2.6,3.0,1007.8,18.4,99,24.6,0
2021-11-09,29.4,23.5,26.6,86,2.8,8.0,1008.8,8.4,345,24.0,0
2021-11-10,31.2,24.2,27.2,82,3.6,5.0,1008.7,9.4,8,23.8,0
2021-11-11,28.8,24.1,25.7,91,21.2,17.0,1008.8,14.1,318,24.1,1
2021-11-12,30.8,23.5,25.9,88,14.9,12.0,1009.4,8.7,327,23.7,0
2021-11-13,30.4,23.2,26.2,87,9.3,8.0,1009.3,15.2,55,23.6,0
2021-11-14,27.6,23.8,25.2,91,11.7,13.0,1009.8,7.9,275,23.7,0
2021-11-15,29.5,23.4,26.0,89,16.1,6.0,1008.4,14.7,113,24.0,0
2021-11-16,29.4,23.9,25.9,90,13.9,15.0,1008.5,10.9,73,24.0,0
2021-11-17,30.5,23.8,26.2,90,12.7,10.0,1008.8,13.2,71,24.2,0
2021-11-18,30.6,23.9,26.2,89,13.6,9.0,1008.0,18.7,111,24.2,0
2021-11-19,30.9,23.3,26.6,86,1.1,3.0,1007.1,10.7,7,23.8,0
2021-11-20,30.0,23.8,26.0,91,14.9,8.0,1007.0,13.2,138,24.3,1
2021-11-21,31.1,22.9,26.5,87,8.7,5.0,1007.8,12.6,67,24.0,0
2021-11-22,28.9,24.5,26.2,88,6.7,7.0,1009.0,17.9,101,24.0,0
2021-11-23,30.8,22.9,26.4,87,11.4,9.0,1008.7,9.7,96,23.8,0
2021-11-24,31.2,23.4,26.6,83,12.7,9.0,1009.3,7.6,351,23.3,0
2021-11-25,30.5,23.5,26.0,87,2.4,4.0,1009.5,14.0,35,23.6,0
2021-11-26,30.6,22.9,26.5,77,0.3,1.0,1009.0,12.3,6,22.0,0
2021-11-27,27.8,23.3,24.9,83,4.0,12.0,1009.0,15.0,6,21.8,0
2021-11-28,29.6,22.8,25.3,87,27.0,13.0,1008.1,12.0,1,22.9,1
2021-11-29,27.5,23.7,25.4,90,3.1,14.0,1007.8,11.2,16,23.6,0
2021-11-30,27.6,23.3,25.4,89,7.1,14.0,1008.9,20.5,104,23.5,0
2021-12-01,29.5,22.4,25.6,84,1.0,4.0,1010.0,9.7,5,22.5,0
2021-12-02,29.8,21.1,25.2,78,0.0,0.0,1010.9,8.2,340,21.0,0
2021-12-03,28.8,20.9,24.7,77,0.0,0.0,1012.4,11.2,353,20.3,0
2021-12-04,27.9,19.8,23.8,77,0.0,0.0,1012.5,10.6,353,19.2,0
2021-12-05,28.8,17.9,23.7,75,0.0,0.0,1011.5,12.3,321,18.7,0
2021-12-06,29.6,20.9,25.2,79,0.4,3.0,1010.9,11.4,6,21.1,0
2021-12-07,29.5,20.8,25.3,78,0.0,0.0,1011.4,8.6,343,21.0,0
2021-12-08,30.5,20.3,25.5,77,0.0,0.0,1011.6,9.7,31,21.0,0
2021-12-09,30.2,22.3,25.7,85,3.6,4.0,1011.8,11.7,354,22.8,0
2021-12-10,30.1,21.2,25.6,78,0.0,0.0,1011.6,10.7,5,21.2,0
2021-12-11,30.0,19.5,24.9,78,0.0,0.0,1011.9,8.8,320,20.5,0
2021-12-12,30.7,21.8,26.2,80,0.0,0.0,1010.9,9.4,327,22.0,0
2021-12-13,30.7,23.3,26.5,75,0.0,0.0,1010.3,11.9,31,21.3,0
2021-12-14,30.7,22.5,26.5,72,0.0,0.0,1009.1,8.9,64,20.9,0
2021-12-15,31.5,22.9,26.8,77,0.0,0.0,1008.7,9.7,46,22.1,0
2021-12-16,31.9,23.8,27.6,79,0.2,1.0,1009.1,11.5,103,23.4,0
2021-12-17,32.5,24.2,27.5,76,1.0,6.0,1009.2,15.9,90,22.7,0
2021-12-18,33.1,21.9,27.4,65,0.0,0.0,1009.0,18.8,17,19.5,0
2021-12-19,29.9,24.3,26.8,55,0.0,0.0,1009.2,22.7,354,16.9,0
2021-12-20,29.9,21.6,26.0,66,0.0,0.0,1011.2,10.6,315,18.7,0
2021-12-21,31.8,22.3,26.8,73,0.0,0.0,1011.6,14.8,137,21.1,0
2021-12-22,32.1,23.8,26.9,76,2.0,8.0,1010.9,15.6,119,22.0,0
2021-12-23,32.0,23.0,26.9,75,0.0,0.0,1010.6,15.2,117,21.6,0
2021-12-24,31.5,22.6,26.9,73,0.2,2.0,1010.7,12.7,96,21.1,0
2021-12-25,32.6,22.5,27.5,71,0.2,1.0,1011.1,9.7,121,21.2,0
2021-12-26,32.6,22.8,27.8,70,0.0,0.0,1012.0,10.1,62,21.2,0
2021-12-27,32.0,23.3,27.0,77,6.2,10.0,1012.5,9.7,360,22.3,0
2021-12-28,31.9,23.2,26.5,82,4.9,4.0,1012.1,16.3,11,22.8,0
2021-12-29,30.5,23.0,26.6,78,0.2,2.0,1011.9,11.0,22,22.2,0
2021-12-30,32.7,22.6,27.3,64,1.3,3.0,1012.6,15.8,35,19.4,0
2021-12-31,31.9,22.6,27.1,61,0.0,0.0,1012.7,14.1,38,18.4,0
2022-01-01,32.9,23.0,27.3,58,0.0,0.0,1012.4,14.5,43,17.9,0
2022-01-02,33.0,23.1,27.9,60,0.0,0.0,1011.7,11.2,43,18.9,0
2022-01-03,32.3,24.3,27.8,66,0.2,2.0,1011.0,12.7,58,20.5,0
2022-01-04,33.3,23.3,27.7,67,1.4,3.0,1011.0,16.9,31,20.7,0
2022-01-05,32.3,23.4,27.6,70,0.9,7.0,1010.9,12.6,168,21.2,0
2022-01-06,31.4,24.0,27.4,75,1.1,4.0,1011.3,12.1,60,22.3,0
2022-01-07,32.8,23.6,27.5,74,0.4,2.0,1012.0,15.3,108,22.0,0
2022-01-08,33.9,23.1,27.6,68,0.1,1.0,1011.7,16.4,67,20.3,0
2022-01-09,32.9,22.3,27.2,72,0.0,0.0,1010.9,18.9,102,20.8,0
2022-01-10,31.8,24.0,27.6,69,2.9,6.0,1011.3,12.8,106,21.1,0
2022-01-11,33.7,23.3,27.6,64,0.1,1.0,1012.2,21.0,106,19.6,0
2022-01-12,32.8,21.9,26.8,60,0.0,0.0,1012.8,18.0,108,17.8,0
2022-01-13,32.7,22.2,26.6,64,0.0,0.0,1012.7,19.2,115,18.4,0
2022-01-14,32.8,21.0,26.6,56,0.0,0.0,1012.8,15.9,91,16.2,0
2022-01-15,33.0,21.3,26.7,64,0.0,0.0,1012.2,17.9,111,18.4,0
2022-01-16,33.7,21.5,27.0,63,0.0,0.0,1011.9,19.1,112,18.6,0
2022-01-17,32.0,23.2,27.4,63,0.4,3.0,1011.9,16.3,121,19.4,0
2022-01-18,34.0,22.6,27.6,62,0.0,0.0,1011.0,17.7,107,18.9,0
2022-01-19,33.4,22.6,27.2,65,0.0,0.0,1010.0,17.7,150,19.3,0
2022-01-20,33.0,22.5,27.3,65,0.8,5.0,1009.6,18.2,189,19.5,0
2022-01-21,32.9,22.9,27.2,68,0.1,1.0,1010.0,18.9,137,20.1,0
2022-01-22,33.7,23.0,27.2,68,0.0,0.0,1009.2,22.0,148,20.1,0
2022-01-23,32.7,23.3,27.3,71,0.2,2.0,1009.4,15.2,147,21.0,0
2022-01-24,33.3,23.3,27.5,73,0.0,0.0,1009.3,17.7,127,21.5,0
2022-01-25,32.1,23.3,27.1,75,1.1,5.0,1009.6,16.6,142,21.9,0
2022-01-26,34.3,23.3,27.8,71,0.2,2.0,1009.6,22.4,101,21.4,0
2022-01-27,34.8,23.3,27.8,70,0.1,1.0,1009.2,22.4,131,20.7,0
2022-01-28,34.8,22.7,28.3,67,0.0,0.0,1009.6,11.3,258,20.3,0
2022-01-29,33.8,23.3,27.8,73,0.3,3.0,1009.4,19.0,178,21.7,0
2022-01-30,32.4,24.4,27.6,72,0.3,3.0,1009.9,20.3,153,21.7,0
2022-01-31,34.2,23.5,27.8,67,0.0,0.0,1009.7,20.8,134,20.5,0
2022-02-01,36.0,23.7,28.5,61,0.0,0.0,1009.6,25.0,126,19.2,0
2022-02-02,35.7,23.9,28.6,60,0.0,0.0,1010.5,20.2,129,19.4,0
2022-02-03,35.3,23.7,28.7,62,0.1,1.0,1010.0,19.2,120,20.0,0
2022-02-04,35.5,24.4,29.2,62,0.2,2.0,1009.4,16.6,101,20.4,0
2022-02-05,34.4,24.1,29.1,59,0.3,2.0,1009.7,11.8,64,19.4,0
2022-02-06,35.5,23.7,28.6,56,0.4,2.0,1010.4,20.5,63,18.6,0
2022-02-07,35.8,24.5,29.1,61,0.4,3.0,1010.1,17.6,113,20.1,0
2022-02-08,35.5,25.2,29.3,58,1.0,3.0,1009.9,17.5,113,19.8,0
2022-02-09,35.6,24.8,29.3,58,0.1,1.0,1009.8,18.7,106,19.6,0
2022-02-10,36.0,24.8,29.4,59,1.0,1.0,1009.1,17.1,105,20.0,0
2022-02-11,35.3,24.7,28.9,61,0.4,2.0,1008.5,18.5,120,20.0,0
2022-02-12,35.0,25.4,28.8,62,0.2,1.0,1007.8,20.3,124,20.3,0
2022-02-13,33.5,24.9,27.9,71,8.1,4.0,1007.0,18.9,118,21.9,0
2022-02-14,34.3,24.8,28.7,70,0.1,1.0,1007.4,19.8,114,22.1,0
2022-02-15,34.3,24.7,28.4,68,1.2,4.0,1008.1,27.0,113,21.4,0
2022-02-16,34.1,24.7,28.4,67,0.1,1.0,1007.6,24.9,129,21.2,0
2022-02-17,34.2,24.4,28.3,70,0.1,1.0,1007.6,22.1,135,21.6,0
2022-02-18,34.7,24.4,28.5,71,1.2,4.0,1008.4,21.3,132,22.2,0
2022-02-19,33.9,24.6,28.4,71,1.2,4.0,1009.7,16.9,138,22.3,0
2022-02-20,32.4,24.6,27.6,77,3.6,3.0,1009.5,19.5,140,22.9,0
2022-02-21,33.0,24.1,27.3,75,5.8,6.0,1010.2,15.5,132,22.2,0
2022-02-22,32.8,23.2,27.2,76,2.9,7.0,1011.2,15.3,9,22.2,0
2022-02-23,33.4,23.6,27.6,75,1.0,4.0,1011.8,14.8,44,22.2,0
2022-02-24,33.4,22.6,27.3,66,0.0,0.0,1012.3,12.4,28,19.8,0
2022-02-25,33.9,23.2,27.8,57,0.1,1.0,1012.1,17.3,44,18.0,0
2022-02-26,34.6,22.6,28.3,60,0.4,2.0,1011.5,14.7,69,19.3,0
2022-02-27,35.3,23.7,28.9,59,0.1,1.0,1011.1,17.8,104,19.6,0
2022-02-28,35.8,24.1,29.2,59,0.7,2.0,1010.6,17.1,114,19.7,0
2022-03-01,35.1,24.9,29.3,58,0.0,0.0,1010.5,15.8,127,19.7,0
2022-03-02,33.1,25.0,28.6,59,0.0,0.0,1010.1,17.2,118,19.6,0
2022-03-03,34.3,25.1,29.1,62,0.4,3.0,1009.8,17.6,134,20.8,0
2022-03-04,36.5,24.4,29.4,59,0.1,1.0,1009.0,19.3,128,20.1,0
2022-03-05,36.4,25.1,29.4,64,1.5,4.0,1008.6,20.8,133,21.2,0
2022-03-06,35.5,25.1,29.0,65,2.3,3.0,1008.7,22.4,136,21.3,0
2022-03-07,35.2,25.0,28.8,67,2.0,1.0,1009.3,21.5,130,21.5,0
2022-03-08,35.0,23.5,28.4,64,0.0,0.0,1008.9,20.2,139,20.2,0
2022-03-09,34.5,24.0,28.5,62,0.3,3.0,1008.5,20.3,115,20.1,0
2022-03-10,33.0,23.6,27.4,67,0.2,2.0,1008.1,19.9,145,20.3,0
2022-03-11,35.3,23.1,28.5,63,0.0,0.0,1007.0,21.9,104,19.8,0
2022-03-12,35.3,23.7,28.5,66,0.0,0.0,1006.7,25.0,157,20.8,0
2022-03-13,35.1,25.5,29.3,66,5.1,6.0,1006.8,19.7,117,21.9,0
2022-03-14,35.4,25.9,29.0,71,1.4,4.0,1007.5,17.4,136,22.9,0
2022-03-15,35.1,25.1,28.8,72,0.1,1.0,1006.8,19.4,138,22.7,0
2022-03-16,33.5,25.0,28.7,70,0.5,4.0,1007.0,18.0,140,22.2,0
2022-03-17,35.0,24.9,29.1,69,0.0,0.0,1006.8,18.1,143,22.1,0
2022-03-18,34.5,25.8,29.0,72,2.3,4.0,1006.9,15.7,146,23.1,0
2022-03-19,34.5,24.2,28.4,74,1.8,4.0,1006.5,21.7,134,22.9,0
2022-03-20,34.4,25.2,28.7,74,0.8,4.0,1007.5,19.7,132,23.2,0
2022-03-21,32.7,25.3,28.3,75,2.8,11.0,1009.1,26.1,135,23.2,0
2022-03-22,30.8,25.4,27.7,78,4.6,9.0,1009.9,19.3,139,23.4,0
2022-03-23,33.6,24.7,28.3,77,1.6,3.0,1009.2,16.9,134,23.6,0
2022-03-24,32.8,25.1,28.4,78,2.2,7.0,1008.8,19.8,142,23.9,0
2022-03-25,34.9,25.3,29.4,72,0.0,0.0,1009.6,20.5,140,23.4,0
2022-03-26,35.4,24.8,29.7,71,0.0,0.0,1009.9,17.0,149,23.1,0
2022-03-27,35.7,23.5,29.3,71,1.2,4.0,1009.8,17.1,154,23.2,0
2022-03-28,35.4,24.2,28.6,74,9.1,8.0,1009.6,16.8,81,22.8,0
2022-03-29,33.6,23.9,27.6,80,11.1,6.0,1009.1,18.1,355,23.5,0
2022-03-30,33.2,24.0,27.8,79,5.2,13.0,1008.0,17.8,334,23.4,0
2022-03-31,30.9,24.3,26.5,85,18.4,13.0,1008.0,12.9,178,23.6,0
2022-04-01,29.7,23.8,25.9,87,31.4,20.0,1009.4,19.6,141,23.5,1
2022-04-02,31.9,24.0,27.4,81,3.0,8.0,1010.0,17.0,116,23.7,0
2022-04-03,31.6,22.8,25.8,83,21.1,6.0,1010.4,15.8,349,22.5,1
2022-04-04,32.0,22.9,25.9,83,14.8,6.0,1011.3,11.5,348,22.5,0
2022-04-05,31.0,23.5,26.3,84,22.7,10.0,1011.4,9.1,39,23.3,1
2022-04-06,32.2,23.2,27.0,82,0.1,1.0,1010.3,15.3,300,23.3,0
2022-04-07,30.0,23.6,26.6,85,0.2,2.0,1009.5,14.0,193,23.8,0
2022-04-08,32.6,22.8,27.1,78,1.8,4.0,1009.2,16.7,244,22.2,0
2022-04-09,31.9,23.3,27.2,79,0.8,4.0,1008.6,15.1,213,22.9,0
2022-04-10,31.6,23.2,26.9,80,19.1,15.0,1008.6,14.2,173,22.8,0
2022-04-11,30.5,24.1,27.2,81,2.4,9.0,1008.4,14.8,168,23.5,0
2022-04-12,31.5,23.8,27.3,82,2.0,6.0,1007.5,13.5,172,23.7,0
2022-04-13,32.7,24.7,28.2,81,0.8,2.0,1006.2,13.3,175,24.4,0
2022-04-14,32.9,25.2,28.2,81,6.9,4.0,1006.5,13.0,162,24.4,0
2022-04-15,31.5,24.2,27.3,85,14.5,15.0,1007.2,12.5,132,24.5,1
2022-04-16,30.7,24.7,27.0,86,19.1,14.0,1007.5,15.3,128,24.4,1
2022-04-17,31.7,24.8,27.8,81,1.0,3.0,1007.9,16.2,124,24.1,0
2022-04-18,33.0,25.4,28.5,75,0.2,2.0,1008.6,15.3,113,23.5,0
2022-04-19,32.9,24.7,28.5,75,0.1,1.0,1009.2,13.4,97,23.4,0
2022-04-20,32.7,25.0,28.1,79,3.2,4.0,1008.8,18.3,98,23.9,0
2022-04-21,33.9,25.1,28.8,74,2.9,4.0,1008.4,17.7,126,23.3,0
2022-04-22,34.1,25.2,29.0,74,0.5,1.0,1008.7,14.0,127,23.4,0
2022-04-23,35.2,25.8,29.1,76,0.7,3.0,1008.0,18.0,135,24.2,0
2022-04-24,33.7,25.6,29.0,79,6.0,6.0,1006.9,19.9,130,24.8,0
2022-04-25,33.4,26.2,29.0,78,2.1,7.0,1006.9,17.3,142,24.5,0
2022-04-26,33.8,25.8,28.8,77,1.8,5.0,1007.1,10.4,166,24.1,0
2022-04-27,35.5,25.3,30.0,73,0.0,0.0,1006.3,15.1,139,24.1,0
2022-04-28,34.1,26.6,29.6,74,2.2,9.0,1006.8,21.8,146,24.2,0
2022-04-29,27.1,24.1,25.6,87,32.6,21.0,1007.5,17.8,331,23.4,1
2022-04-30,29.8,24.4,26.6,86,17.2,15.0,1006.2,17.2,135,24.0,1
2022-05-01,30.7,25.1,26.9,87,10.6,13.0,1006.1,15.9,139,24.4,0
2022-05-02,31.6,24.4,27.1,85,24.6,17.0,1006.8,15.3,140,24.3,1
2022-05-03,29.6,24.0,26.2,87,16.1,23.0,1008.7,15.1,129,23.8,0
2022-05-04,31.5,23.6,26.7,85,9.0,11.0,1008.4,12.8,342,23.8,0
2022-05-05,32.0,23.9,27.5,83,3.9,11.0,1006.9,18.3,119,24.1,0
2022-05-06,30.9,25.5,27.9,82,7.1,5.0,1006.7,18.2,126,24.4,0
2022-05-07,32.5,25.6,28.2,78,6.4,3.0,1006.8,20.1,109,23.9,0
2022-05-08,29.8,25.8,27.2,84,12.4,12.0,1007.3,18.4,124,24.2,0
2022-05-09,32.1,26.1,28.3,81,3.7,6.0,1007.6,19.4,129,24.7,0
2022-05-10,31.5,25.5,27.9,85,10.6,7.0,1007.7,13.4,127,25.0,0
2022-05-11,32.1,25.4,28.4,85,5.0,7.0,1007.5,13.2,145,25.6,0
2022-05-12,32.2,24.5,27.6,86,14.2,11.0,1007.5,12.3,183,24.8,1
2022-05-13,33.1,25.6,28.4,85,3.5,7.0,1007.0,14.2,180,25.5,0
2022-05-14,32.9,26.0,28.6,85,3.0,10.0,1007.6,13.4,170,25.7,0
2022-05-15,33.2,25.0,28.8,83,16.3,9.0,1008.2,16.5,169,25.5,0
2022-05-16,31.4,24.3,26.7,88,24.1,19.0,1008.5,12.3,201,24.6,1
2022-05-17,30.7,24.5,26.7,87,7.5,17.0,1008.6,13.3,120,24.3,0
2022-05-18,30.2,24.2,26.7,87,13.0,17.0,1009.4,16.6,149,24.4,0
2022-05-19,30.3,24.1,26.4,89,36.6,19.0,1009.7,13.2,203,24.4,1
2022-05-20,32.4,25.1,27.9,85,15.7,10.0,1007.9,12.2,252,24.9,1
2022-05-21,31.8,24.9,27.7,86,4.2,11.0,1006.2,15.6,218,24.9,0
2022-05-22,30.9,24.8,26.8,88,18.7,17.0,1004.9,18.8,220,24.6,1
2022-05-23,29.5,24.5,26.6,88,2.6,9.0,1005.5,20.5,226,24.4,0
2022-05-24,31.9,25.0,28.2,82,0.4,4.0,1007.7,13.6,235,24.7,0
2022-05-25,32.5,25.2,28.1,84,6.7,10.0,1007.9,17.6,273,24.9,0
2022-05-26,31.7,25.4,27.3,86,12.1,10.0,1006.4,13.4,296,24.8,0
2022-05-27,31.3,24.8,26.6,88,36.8,19.0,1005.4,17.8,242,24.5,1
2022-05-28,29.9,24.3,26.0,89,13.3,10.0,1005.7,21.9,230,23.9,0
2022-05-29,30.1,24.2,26.5,88,6.9,12.0,1006.0,19.2,229,24.2,0
2022-05-30,31.1,24.6,26.6,88,10.9,9.0,1005.9,12.8,220,24.4,0
2022-05-31,32.1,24.1,27.5,86,12.2,9.0,1005.5,8.4,208,24.9,0
2022-06-01,30.6,24.4,26.8,90,11.0,11.0,1006.4,12.8,128,24.9,0
2022-06-02,32.3,24.1,26.8,86,20.4,9.0,1007.3,23.1,185,24.1,1
2022-06-03,30.8,23.5,26.6,87,7.6,10.0,1007.8,16.6,206,24.2,0
2022-06-04,30.7,24.3,26.5,87,16.8,10.0,1008.7,12.7,197,24.0,0
2022-06-05,32.3,23.2,27.5,83,0.0,0.0,1007.3,15.9,239,24.0,0
2022-06-06,32.2,24.5,27.8,84,2.9,6.0,1006.5,14.8,255,24.6,0
2022-06-07,32.3,24.5,27.3,86,21.8,12.0,1006.8,9.2,314,24.6,1
2022-06-08,32.6,24.3,27.8,82,2.1,4.0,1007.0,10.7,314,24.2,0
2022-06-09,33.4,24.5,28.5,80,0.7,4.0,1006.7,11.6,275,24.4,0
2022-06-10,31.9,23.8,27.0,87,23.0,9.0,1007.3,8.2,134,24.6,1
2022-06-11,33.3,24.3,28.1,81,1.1,4.0,1007.5,10.9,233,24.2,0
2022-06-12,31.5,24.2,27.1,86,6.3,7.0,1008.0,11.0,159,24.4,0
2022-06-13,32.1,24.2,27.5,85,1.6,3.0,1007.8,10.7,197,24.6,0
2022-06-14,31.8,24.6,28.1,82,1.0,2.0,1007.7,14.7,188,24.6,0
2022-06-15,32.4,25.3,27.9,84,7.3,8.0,1008.4,15.5,183,24.8,0
2022-06-16,32.1,24.6,27.7,84,2.9,4.0,1009.1,9.8,157,24.6,0
2022-06-17,32.3,24.7,27.4,85,10.6,9.0,1008.7,18.7,73,24.6,0
2022-06-18,32.6,24.0,27.8,83,9.1,3.0,1008.4,10.4,236,24.4,0
2022-06-19,32.6,24.7,27.3,84,3.1,7.0,1007.5,22.0,230,24.2,0
2022-06-20,32.1,24.0,27.3,87,10.9,4.0,1005.9,17.0,203,24.8,0
2022-06-21,31.4,24.1,26.5,86,14.5,11.0,1006.2,16.2,187,23.7,1
2022-06-22,31.6,24.5,26.9,87,33.4,12.0,1008.2,18.8,163,24.3,1
2022-06-23,31.5,24.8,26.9,87,18.8,10.0,1008.4,21.3,150,24.3,0
2022-06-24,31.2,23.9,26.6,88,9.6,11.0,1007.6,14.0,162,24.4,0
2022-06-25,31.2,23.9,26.9,86,8.4,7.0,1006.6,12.8,158,24.1,0
2022-06-26,31.7,24.7,27.4,85,11.1,5.0,1007.7,14.5,151,24.5,0
2022-06-27,32.4,24.4,28.1,82,15.2,7.0,1007.8,11.3,220,24.5,1
2022-06-28,31.1,24.1,26.4,87,17.6,17.0,1006.6,11.4,277,24.0,1
2022-06-29,32.8,25.2,27.8,85,18.9,6.0,1004.0,21.0,260,24.9,1
2022-06-30,30.3,25.6,27.1,87,17.8,8.0,1003.7,26.4,239,24.7,1
2022-07-01,29.9,24.9,26.7,88,5.8,5.0,1004.2,17.1,230,24.5,0
2022-07-02,30.6,25.0,26.9,88,10.7,10.0,1004.8,22.3,223,24.6,0
2022-07-03,30.7,24.6,27.1,89,4.6,9.0,1005.6,21.5,231,25.0,0
2022-07-04,31.8,24.7,27.4,87,6.7,10.0,1005.8,20.7,226,25.0,0
2022-07-05,30.8,24.6,27.2,87,9.8,8.0,1006.3,17.7,230,24.7,0
2022-07-06,31.2,25.1,27.2,88,15.2,8.0,1007.2,16.7,209,25.0,1
2022-07-07,31.6,24.3,27.3,85,3.0,11.0,1007.0,21.3,241,24.3,0
2022-07-08,29.9,24.9,26.5,90,16.7,14.0,1006.6,18.9,246,24.7,1
2022-07-09,30.3,25.0,26.4,89,13.9,21.0,1005.4,18.1,252,24.4,0
2022-07-10,30.7,24.4,26.2,87,27.0,14.0,1005.5,19.9,261,23.8,1
2022-07-11,30.9,24.4,26.3,87,34.9,9.0,1005.7,19.2,270,23.8,1
2022-07-12,28.8,24.4,25.8,90,21.2,19.0,1004.7,16.5,252,23.9,1
2022-07-13,29.7,23.8,26.1,87,4.4,10.0,1004.1,20.4,252,23.7,0
2022-07-14,31.2,23.9,26.8,84,9.3,13.0,1004.6,20.1,248,23.7,0
2022-07-15,29.7,24.1,26.4,89,13.2,9.0,1005.9,16.6,232,24.4,0
2022-07-16,32.0,24.4,27.1,87,8.8,5.0,1006.9,15.5,218,24.6,0
2022-07-17,30.6,24.4,26.6,88,10.4,8.0,1008.1,14.0,215,24.4,0
2022-07-18,31.4,24.0,27.2,85,6.8,8.0,1006.8,17.1,249,24.4,0
2022-07-19,31.7,24.6,27.0,87,3.9,7.0,1005.7,19.4,235,24.5,0
2022-07-20,30.1,25.0,26.2,90,14.4,22.0,1006.5,15.8,196,24.5,1
2022-07-21,28.9,24.3,25.9,90,8.6,13.0,1008.9,16.6,170,24.1,0
2022-07-22,33.0,23.4,27.7,80,0.0,0.0,1009.3,12.3,73,23.5,0
2022-07-23,31.8,24.6,27.3,85,7.9,6.0,1008.4,15.5,101,24.4,0
2022-07-24,32.4,24.7,28.0,81,0.4,2.0,1006.9,14.5,128,24.2,0
2022-07-25,31.5,24.8,27.0,87,14.5,8.0,1007.4,18.6,117,24.6,1
2022-07-26,30.8,25.3,27.1,87,9.4,13.0,1007.7,14.5,128,24.7,0
2022-07-27,31.2,24.5,26.9,86,7.0,5.0,1007.3,10.4,166,24.3,0
2022-07-28,31.5,23.9,27.3,86,2.6,8.0,1007.1,12.5,244,24.6,0
2022-07-29,32.6,24.2,28.0,82,1.3,3.0,1006.4,13.9,230,24.3,0
2022-07-30,32.0,25.1,27.7,84,3.8,6.0,1006.1,18.9,230,24.5,0
2022-07-31,32.2,24.5,27.4,83,15.7,16.0,1005.2,14.1,233,24.1,1
2022-08-01,31.3,23.9,26.6,87,22.1,22.0,1006.0,14.6,238,24.1,1
2022-08-02,31.3,24.8,27.2,87,9.7,12.0,1006.8,14.6,215,24.7,0
2022-08-03,30.4,24.3,26.6,88,8.1,10.0,1008.0,14.8,263,24.3,0
2022-08-04,31.2,23.7,26.6,87,11.1,11.0,1007.6,14.9,271,24.2,0
2022-08-05,31.6,24.5,26.8,86,13.2,9.0,1007.1,18.7,287,24.0,0
2022-08-06,27.8,24.6,25.6,89,14.9,12.0,1006.7,20.5,239,23.6,1
2022-08-07,29.3,24.3,26.1,87,12.9,9.0,1006.4,20.9,254,23.8,0
2022-08-08,27.7,24.4,25.5,88,18.1,14.0,1006.6,20.5,258,23.2,1
2022-08-09,30.0,24.1,25.9,87,11.9,8.0,1006.1,23.1,259,23.4,0
2022-08-10,30.3,23.9,26.3,86,9.1,8.0,1005.8,21.7,236,23.7,0
2022-08-11,30.3,24.0,26.1,87,12.2,9.0,1006.9,24.0,214,23.8,0
2022-08-12,32.0,23.3,26.8,86,8.5,6.0,1007.9,20.8,205,24.0,0
2022-08-13,32.8,23.8,28.1,78,0.1,1.0,1007.8,12.1,242,23.4,0
2022-08-14,32.2,24.4,27.4,85,9.4,9.0,1007.7,10.7,255,24.5,0
2022-08-15,29.2,24.4,26.6,88,4.6,11.0,1007.3,16.6,228,24.3,0
2022-08-16,31.1,23.7,26.3,89,7.9,7.0,1007.3,17.9,221,24.2,0
2022-08-17,31.3,23.8,27.0,87,2.7,10.0,1007.6,16.4,221,24.4,0
2022-08-18,32.0,24.4,27.3,86,13.0,8.0,1007.1,17.1,248,24.6,0
2022-08-19,31.3,24.5,27.1,87,2.4,7.0,1006.6,21.6,259,24.7,0
2022-08-20,30.7,24.9,26.9,88,12.5,12.0,1006.2,17.9,239,24.7,0
2022-08-21,31.5,24.6,26.9,87,8.0,8.0,1006.5,20.5,213,24.4,0
2022-08-22,31.8,24.2,27.1,86,4.0,8.0,1007.2,13.6,230,24.4,0
2022-08-23,31.2,24.2,26.7,88,15.5,9.0,1007.3,15.5,240,24.4,1
2022-08-24,31.7,24.6,27.3,85,5.9,10.0,1006.0,14.8,246,24.5,0
2022-08-25,31.2,24.7,26.5,88,13.1,11.0,1006.3,15.3,194,24.2,0
2022-08-26,29.2,24.2,26.0,90,15.0,12.0,1008.2,14.1,175,24.2,0
2022-08-27,31.7,23.4,26.8,86,18.5,13.0,1008.1,14.8,335,24.2,0
2022-08-28,31.2,23.0,26.6,88,6.4,5.0,1007.1,8.7,359,24.2,0
2022-08-29,31.3,23.7,27.1,85,8.8,12.0,1007.8,18.0,134,24.3,0
2022-08-30,31.7,24.8,27.3,87,14.3,12.0,1008.0,15.9,92,24.8,0
2022-08-31,31.9,23.9,26.9,86,12.6,15.0,1007.4,9.3,341,24.2,0
2022-09-01,32.2,23.7,27.0,86,14.7,8.0,1007.3,8.9,351,24.3,1
2022-09-02,32.1,24.2,27.2,86,10.6,11.0,1007.6,10.6,215,24.5,0
2022-09-03,31.9,24.2,26.9,86,16.2,10.0,1007.1,15.0,221,24.3,1
2022-09-04,31.3,23.9,26.5,87,9.5,14.0,1008.0,20.5,247,24.1,0
2022-09-05,31.3,24.2,26.4,89,10.4,7.0,1008.4,22.9,243,24.3,0
2022-09-06,30.3,24.3,26.2,89,14.8,15.0,1007.8,22.7,234,24.1,1
2022-09-07,27.9,24.1,25.4,91,12.4,20.0,1008.3,12.7,237,23.9,0
2022-09-08,31.3,23.7,26.4,85,2.9,9.0,1009.5,19.0,223,23.5,0
2022-09-09,32.0,23.6,26.9,83,20.3,11.0,1009.5,12.5,249,23.5,1
2022-09-10,30.4,24.0,26.3,88,4.7,9.0,1009.2,18.7,133,24.0,0
2022-09-11,30.5,23.8,26.0,88,12.2,11.0,1008.6,16.7,132,23.9,0
2022-09-12,30.3,24.2,26.1,88,15.6,12.0,1008.0,15.3,151,23.9,0
2022-09-13,31.0,23.5,26.8,87,3.1,9.0,1008.8,15.9,200,24.4,0
2022-09-14,31.5,24.3,26.7,86,8.3,8.0,1009.8,17.7,228,24.1,0
2022-09-15,30.7,23.6,26.2,88,14.8,12.0,1009.2,20.7,239,24.1,0
2022-09-16,30.8,24.1,26.3,88,12.4,12.0,1007.1,17.3,235,24.1,0
2022-09-17,31.0,24.2,26.5,87,17.8,9.0,1007.3,16.2,249,24.2,1
2022-09-18,31.2,23.8,26.5,87,9.2,13.0,1008.2,15.8,282,24.0,0
2022-09-19,30.1,23.9,26.4,87,12.2,11.0,1008.2,17.7,270,23.9,0
2022-09-20,31.0,23.9,26.2,87,14.0,10.0,1007.2,16.3,256,23.8,1
2022-09-21,29.9,23.9,26.0,88,7.1,15.0,1006.7,16.8,233,23.8,0
2022-09-22,30.5,23.9,26.1,88,13.6,15.0,1007.2,17.7,214,23.9,0
2022-09-23,30.6,24.0,26.8,85,5.1,7.0,1007.8,14.0,213,24.0,0
2022-09-24,31.3,24.3,26.8,87,19.4,7.0,1007.1,17.7,225,24.2,1
2022-09-25,31.3,24.0,26.4,87,20.4,15.0,1007.7,15.7,205,24.0,1
2022-09-26,31.1,24.2,26.0,90,29.1,20.0,1007.6,21.5,280,24.1,1
2022-09-27,29.3,23.5,25.6,88,16.9,15.0,1005.4,19.2,272,23.2,1
2022-09-28,29.3,24.3,25.7,89,11.0,12.0,1002.8,22.5,242,23.8,0
2022-09-29,29.7,23.7,26.0,88,7.8,10.0,1005.1,20.0,213,23.8,0
2022-09-30,29.8,23.7,26.5,87,2.9,14.0,1007.8,16.6,211,24.1,0
2022-10-01,29.5,24.8,26.1,90,26.5,23.0,1008.4,15.1,187,24.3,1
2022-10-02,28.3,23.8,26.0,89,20.7,9.0,1008.0,13.3,127,24.1,1
2022-10-03,30.0,24.0,26.6,86,3.8,6.0,1007.9,19.3,125,24.0,0
2022-10-04,30.0,23.4,26.8,85,5.0,10.0,1008.9,10.5,56,24.0,0
2022-10-05,30.2,24.1,26.0,89,15.5,11.0,1009.4,22.2,124,24.0,0
2022-10-06,29.5,23.7,26.0,89,4.3,7.0,1009.8,14.7,103,24.0,0
2022-10-07,31.1,23.2,26.7,85,13.7,7.0,1009.2,13.6,84,23.7,0
2022-10-08,27.5,23.5,25.2,91,7.1,17.0,1009.9,8.8,267,23.5,0
2022-10-09,29.9,23.3,25.9,87,14.2,17.0,1010.2,11.3,74,23.5,0
2022-10-10,29.2,23.6,25.7,87,6.7,11.0,1010.8,10.1,73,23.2,0
2022-10-11,30.9,23.3,26.2,86,6.7,8.0,1010.0,9.4,321,23.5,0
2022-10-12,30.8,23.6,26.3,86,9.9,12.0,1008.9,11.6,357,23.7,0
2022-10-13,31.7,23.0,27.0,79,0.4,1.0,1007.4,18.4,330,22.8,0
2022-10-14,30.0,23.8,26.4,82,0.4,2.0,1005.9,18.4,325,22.9,0
2022-10-15,30.0,22.2,25.7,79,0.0,0.0,1005.9,12.1,311,21.4,0
2022-10-16,31.0,21.3,26.0,79,0.0,0.0,1008.5,11.3,311,21.7,0
2022-10-17,31.6,23.1,27.2,79,3.4,5.0,1008.8,11.7,319,22.8,0
2022-10-18,30.4,23.3,26.0,87,16.4,13.0,1008.3,15.5,176,23.5,0
2022-10-19,29.7,24.1,25.7,88,28.3,19.0,1008.4,15.6,155,23.6,1
2022-10-20,28.6,24.2,25.8,88,9.4,13.0,1009.9,19.6,130,23.7,0
2022-10-21,30.8,24.1,26.7,85,6.2,6.0,1010.7,17.2,98,23.8,0
2022-10-22,30.5,23.6,26.6,87,12.5,7.0,1010.8,13.0,312,24.1,0
2022-10-23,30.7,23.8,26.4,86,20.5,14.0,1010.5,10.4,314,23.8,1
2022-10-24,31.3,24.1,26.6,88,9.6,15.0,1009.4,11.6,268,24.3,0
2022-10-25,30.8,23.6,26.8,85,10.4,10.0,1009.3,17.7,337,23.9,0
2022-10-26,30.5,24.2,26.4,89,20.3,12.0,1008.8,11.3,144,24.3,1
2022-10-27,29.9,23.9,25.8,90,15.5,14.0,1008.5,13.0,338,23.8,0
2022-10-28,29.8,23.4,26.2,87,3.1,12.0,1006.9,9.7,290,23.8,0
2022-10-29,31.5,22.7,26.5,82,5.3,4.0,1006.6,11.9,15,23.0,0
2022-10-30,31.1,24.1,27.0,82,0.8,3.0,1006.5,12.1,8,23.5,0
2022-10-31,31.7,22.4,27.0,75,0.0,0.0,1007.3,13.4,349,21.8,0
2022-11-01,30.9,23.8,26.8,82,0.3,3.0,1008.5,12.7,112,23.1,0
2022-11-02,29.6,23.1,25.8,85,2.0,8.0,1009.2,14.0,151,22.9,0
2022-11-03,28.9,23.7,25.3,87,13.6,13.0,1010.1,12.3,114,22.9,0
2022-11-04,29.9,23.5,25.5,88,11.8,10.0,1011.5,13.4,96,23.3,0
2022-11-05,30.6,23.0,26.2,84,2.0,4.0,1012.4,11.9,56,23.1,0
2022-11-06,30.9,22.7,26.2,86,6.5,3.0,1011.8,12.6,11,23.4,0
2022-11-07,31.0,23.3,26.6,84,2.4,6.0,1010.6,8.0,266,23.4,0
2022-11-08,32.2,23.4,27.3,82,0.1,1.0,1009.9,12.1,12,23.5,0
2022-11-09,31.7,24.0,27.5,82,0.3,3.0,1009.9,10.4,165,23.7,0
2022-11-10,31.5,24.1,27.4,85,6.4,2.0,1009.4,13.1,42,24.5,0
2022-11-11,31.8,24.0,26.8,87,6.5,3.0,1009.2,21.2,114,24.3,0
2022-11-12,30.7,24.1,26.3,88,12.1,9.0,1008.7,15.3,276,24.0,0
2022-11-13,30.7,23.4,26.7,85,1.9,5.0,1008.6,20.7,104,23.8,0
2022-11-14,31.0,23.7,27.0,85,4.1,4.0,1009.0,14.3,111,24.1,0
2022-11-15,31.0,23.6,27.1,84,1.1,2.0,1008.9,12.4,106,23.9,0
2022-11-16,31.9,23.9,27.4,83,0.4,3.0,1008.1,12.5,97,24.1,0
2022-11-17,31.8,23.9,27.4,84,6.3,3.0,1007.7,17.5,109,24.2,0
2022-11-18,31.4,23.6,26.5,87,12.1,8.0,1008.4,14.8,337,24.1,0
2022-11-19,26.9,23.5,24.9,90,8.2,15.0,1007.2,14.9,344,23.0,0
2022-11-20,25.9,23.4,24.7,92,31.5,19.0,1005.2,11.6,341,23.3,1
2022-11-21,28.9,23.1,25.7,89,7.5,12.0,1004.8,7.4,304,23.6,0
2022-11-22,27.3,23.5,25.5,92,5.0,13.0,1006.0,11.6,189,24.0,0
2022-11-23,28.8,24.3,25.9,89,11.4,12.0,1007.6,21.9,140,23.8,0
2022-11-24,29.0,24.2,25.8,89,11.7,12.0,1009.3,20.9,125,23.7,0
2022-11-25,30.6,23.7,26.3,87,5.2,5.0,1010.4,15.1,127,23.8,0
2022-11-26,29.8,23.7,25.6,89,2.4,6.0,1009.9,16.4,85,23.6,0
2022-11-27,30.1,23.8,26.5,87,1.5,7.0,1008.8,15.3,114,24.1,0
2022-11-28,30.6,23.8,26.9,85,2.9,8.0,1009.0,14.5,119,24.1,0
2022-11-29,31.4,24.4,27.3,80,0.2,2.0,1009.3,12.2,96,23.4,0
2022-11-30,31.0,22.5,26.9,82,1.1,4.0,1009.2,9.0,54,23.3,0
2022-12-01,31.9,23.2,27.6,81,0.3,2.0,1008.2,8.2,42,23.6,0
2022-12-02,30.4,23.9,27.0,79,0.6,3.0,1007.3,17.6,84,22.8,0
2022-12-03,30.3,23.8,26.2,82,5.3,9.0,1007.9,16.1,90,22.7,0
2022-12-04,30.8,23.3,26.7,84,1.7,7.0,1008.6,14.8,79,23.7,0
2022-12-05,31.3,23.7,27.0,84,3.4,5.0,1009.0,12.9,87,23.8,0
2022-12-06,31.3,23.3,26.7,84,8.4,6.0,1008.3,7.9,9,23.6,0
2022-12-07,30.0,23.3,26.0,87,3.1,7.0,1008.3,12.5,22,23.6,0
2022-12-08,31.1,23.1,26.9,82,0.2,2.0,1008.1,13.7,69,23.3,0
2022-12-09,30.9,23.2,26.3,85,7.9,4.0,1008.0,12.0,355,23.3,0
2022-12-10,30.9,22.9,26.2,83,0.0,0.0,1008.2,15.5,183,22.8,0
2022-12-11,30.2,23.3,26.3,80,0.1,1.0,1009.3,12.3,110,22.4,0
2022-12-12,30.3,21.9,25.7,77,0.0,0.0,1010.0,15.9,69,21.1,0
2022-12-13,29.5,20.3,24.7,75,0.0,0.0,1010.2,12.7,342,19.7,0
2022-12-14,29.8,20.8,25.0,80,0.3,3.0,1010.4,9.3,333,21.1,0
2022-12-15,30.6,20.9,25.9,75,0.1,1.0,1008.8,8.8,336,20.9,0
2022-12-16,31.5,22.4,26.8,80,0.0,0.0,1007.9,11.2,69,22.7,0
2022-12-17,31.3,23.0,26.8,77,0.0,0.0,1008.1,15.5,41,22.2,0
2022-12-18,30.9,23.5,26.6,59,0.0,0.0,1008.7,25.4,22,17.7,0
2022-12-19,31.1,20.9,25.5,64,0.0,0.0,1008.7,16.8,22,17.8,0
2022-12-20,31.1,20.7,25.9,67,0.0,0.0,1007.8,11.8,349,19.2,0
2022-12-21,31.8,22.1,26.7,73,0.0,0.0,1007.7,13.8,52,20.9,0
2022-12-22,31.9,22.0,26.6,72,0.0,0.0,1007.9,15.8,331,20.5,0
2022-12-23,30.8,20.3,25.5,63,0.0,0.0,1009.9,14.7,30,16.7,0
2022-12-24,30.4,18.6,24.8,56,0.0,0.0,1010.9,13.1,346,14.9,0
2022-12-25,31.0,19.1,25.2,55,0.0,0.0,1012.2,11.4,349,15.1,0
2022-12-26,30.7,19.1,25.1,61,0.0,0.0,1013.4,12.9,41,16.6,0
2022-12-27,31.1,21.1,25.8,63,0.0,0.0,1013.2,10.1,353,17.4,0
2022-12-28,32.2,20.5,26.2,68,0.0,0.0,1013.0,14.6,12,18.5,0
2022-12-29,32.5,21.3,26.7,67,0.0,0.0,1013.1,11.9,338,19.1,0
2022-12-30,29.3,23.1,26.2,70,1.1,7.0,1013.8,16.1,14,20.0,0
2022-12-31,31.4,21.6,26.2,54,0.1,1.0,1013.3,13.9,357,16.1,0
2023-01-01,29.5,22.0,25.9,62,0.6,3.0,1012.4,13.8,356,18.0,0
2023-01-02,32.4,22.4,26.5,72,2.3,7.0,1012.7,12.6,2,20.7,0
2023-01-03,32.3,22.9,26.7,78,0.2,1.0,1012.0,17.2,22,22.1,0
2023-01-04,31.7,23.2,26.9,66,0.3,2.0,1011.2,20.5,12,19.8,0
2023-01-05,26.9,22.7,24.5,75,3.5,10.0,1010.9,19.3,1,19.7,0
2023-01-06,28.1,20.9,23.9,77,20.3,13.0,1010.7,18.9,357,19.5,1
2023-01-07,27.7,21.4,23.7,80,27.1,12.0,1009.9,19.6,350,19.9,1
2023-01-08,27.1,20.8,23.7,84,0.5,2.0,1010.3,9.3,325,20.8,0
2023-01-09,27.7,23.0,24.8,89,17.0,18.0,1011.5,11.5,88,22.7,0
2023-01-10,26.3,23.0,24.5,88,14.2,14.0,1011.0,18.7,113,22.4,0
2023-01-11,28.7,23.3,25.5,82,0.7,5.0,1010.4,18.7,128,22.0,0
2023-01-12,28.6,23.1,25.5,84,3.8,6.0,1010.4,14.1,140,22.6,0
2023-01-13,29.9,22.6,26.0,86,2.3,7.0,1010.5,8.8,164,23.3,0
2023-01-14,31.2,23.0,26.8,83,0.2,2.0,1008.8,9.3,260,23.3,0
2023-01-15,30.9,22.8,26.5,82,0.0,0.0,1008.2,12.0,301,22.8,0
2023-01-16,30.5,23.2,26.5,80,0.3,3.0,1010.2,13.8,101,22.3,0
2023-01-17,30.3,21.3,25.6,80,0.1,1.0,1011.4,14.5,339,21.5,0
2023-01-18,30.1,20.4,25.3,75,0.0,0.0,1012.2,11.9,341,20.3,0
2023-01-19,30.6,21.8,25.8,71,0.0,0.0,1011.5,12.3,16,19.9,0
2023-01-20,31.1,21.8,26.4,75,0.0,0.0,1010.7,9.9,1,21.3,0
2023-01-21,31.7,22.1,27.0,72,0.1,1.0,1009.7,11.0,16,21.3,0
2023-01-22,31.5,23.2,27.1,79,0.3,2.0,1008.9,10.7,76,22.7,0
2023-01-23,32.5,23.1,27.4,77,0.4,2.0,1008.2,12.9,121,22.5,0
2023-01-24,32.5,23.3,27.4,74,0.6,2.0,1009.0,10.8,47,21.8,0
2023-01-25,32.1,22.2,26.2,62,0.0,0.0,1009.4,18.4,31,17.8,0
2023-01-26,32.3,21.4,26.4,62,0.0,0.0,1009.5,10.1,6,18.2,0
2023-01-27,32.3,21.9,26.5,75,1.8,3.0,1009.1,16.9,69,21.4,0
2023-01-28,32.3,23.2,27.1,55,0.0,0.0,1008.9,16.2,30,17.0,0
2023-01-29,31.0,21.6,25.6,57,0.0,0.0,1010.1,9.7,349,16.3,0
2023-01-30,31.4,20.4,25.3,59,0.0,0.0,1011.2,12.0,357,16.3,0
2023-01-31,32.4,20.8,26.3,69,0.0,0.0,1009.7,18.4,171,19.5,0
2023-02-01,32.0,22.9,27.1,69,1.4,5.0,1009.0,12.3,303,20.7,0
2023-02-02,33.6,23.9,27.9,71,1.4,4.0,1009.4,17.4,115,21.8,0
2023-02-03,34.8,24.2,28.7,63,0.0,0.0,1009.3,18.8,105,20.4,0
2023-02-04,34.7,23.2,28.4,62,0.3,2.0,1008.8,17.8,98,19.7,0
2023-02-05,34.4,23.0,28.0,62,0.0,0.0,1008.6,18.0,108,19.3,0
2023-02-06,34.7,22.6,27.8,64,0.0,0.0,1009.1,20.8,130,19.6,0
2023-02-07,34.0,23.5,27.7,68,0.9,4.0,1009.6,20.1,136,20.8,0
2023-02-08,34.4,23.5,28.0,69,0.7,3.0,1009.4,16.6,115,21.2,0
2023-02-09,33.8,24.1,28.3,65,0.1,1.0,1009.3,18.0,118,20.5,0
2023-02-10,35.2,22.8,27.9,63,0.0,0.0,1009.6,23.8,122,19.3,0
2023-02-11,35.4,22.7,27.7,69,0.0,0.0,1009.8,22.0,135,20.8,0
2023-02-12,35.0,23.4,28.0,69,0.2,1.0,1009.9,22.6,139,21.2,0
2023-02-13,33.7,23.5,27.6,74,0.0,0.0,1010.2,20.7,144,21.9,0
2023-02-14,33.4,23.0,27.1,75,0.0,0.0,1010.1,22.6,124,21.6,0
2023-02-15,33.7,23.4,28.0,63,0.1,1.0,1010.4,15.0,95,19.5,0
2023-02-16,33.5,21.1,27.4,59,0.0,0.0,1011.2,15.6,70,17.9,0
2023-02-17,34.0,22.7,27.8,59,0.8,2.0,1011.2,15.0,77,18.5,0
2023-02-18,31.6,24.2,27.1,68,0.0,0.0,1011.0,14.5,76,20.5,0
2023-02-19,33.6,24.4,27.4,72,1.9,10.0,1010.3,16.7,172,21.6,0
2023-02-20,31.2,23.2,26.6,72,3.7,3.0,1010.6,18.9,299,20.5,0
2023-02-21,33.5,22.0,27.3,66,0.0,0.0,1011.3,19.5,115,19.6,0
2023-02-22,32.9,22.5,27.3,65,0.1,1.0,1011.4,18.2,86,19.5,0
2023-02-23,33.6,22.3,27.5,66,0.1,1.0,1010.3,17.5,85,19.8,0
2023-02-24,33.7,22.6,27.4,68,0.0,0.0,1010.6,19.6,103,20.0,0
2023-02-25,33.3,21.9,27.1,61,0.0,0.0,1013.0,15.5,49,18.2,0
2023-02-26,35.0,21.8,27.7,51,0.0,0.0,1013.9,14.9,31,15.9,0
2023-02-27,34.5,22.4,27.7,55,0.0,0.0,1013.8,17.4,50,17.4,0
2023-02-28,34.5,23.4,28.0,61,0.3,3.0,1012.9,16.9,55,19.1,0
2023-03-01,33.4,24.0,28.1,67,0.0,0.0,1013.1,15.0,123,20.6,0
2023-03-02,34.4,23.7,28.5,61,0.0,0.0,1012.7,15.5,108,19.7,0
2023-03-03,34.2,22.5,27.7,59,0.0,0.0,1013.9,16.6,171,18.3,0
2023-03-04,33.3,22.2,27.3,56,0.0,0.0,1014.9,17.3,101,16.9,0
2023-03-05,32.3,21.6,26.7,57,0.0,0.0,1014.2,13.2,78,16.9,0
2023-03-06,33.0,21.2,26.6,58,0.0,0.0,1013.2,23.3,137,16.9,0
2023-03-07,33.7,21.6,26.8,61,0.0,0.0,1013.0,18.9,98,17.4,0
2023-03-08,34.2,22.2,27.1,60,0.0,0.0,1012.7,20.7,110,17.9,0
2023-03-09,34.2,21.6,26.8,60,0.0,0.0,1011.9,23.6,121,17.5,0
2023-03-10,34.0,21.4,26.5,66,0.0,0.0,1011.2,21.2,130,18.8,0
2023-03-11,34.7,22.2,27.0,66,0.0,0.0,1011.5,21.8,123,19.3,0
2023-03-12,33.2,22.3,26.8,65,0.1,1.0,1011.6,19.9,125,18.9,0
2023-03-13,34.3,22.6,27.5,59,0.0,0.0,1011.2,22.5,100,18.0,0
2023-03-14,34.2,22.3,27.3,59,0.0,0.0,1009.9,24.0,122,17.6,0
2023-03-15,35.7,22.4,27.6,61,0.0,0.0,1010.4,27.2,126,18.3,0
2023-03-16,35.5,23.4,28.3,59,0.0,0.0,1011.4,20.8,122,18.7,0
2023-03-17,35.6,23.3,28.3,63,0.2,2.0,1010.8,20.8,128,19.9,0
2023-03-18,35.2,24.0,28.3,63,0.0,0.0,1010.0,23.9,140,20.1,0
2023-03-19,37.0,24.1,28.9,62,0.0,0.0,1008.9,28.3,138,20.0,0
2023-03-20,34.8,24.4,28.5,68,0.5,1.0,1008.9,19.2,145,21.4,0
2023-03-21,35.4,24.5,28.7,70,0.0,0.0,1008.8,17.7,139,22.2,0
2023-03-22,35.7,24.7,28.8,70,0.0,0.0,1007.5,19.8,149,22.0,0
2023-03-23,35.0,25.0,28.9,70,0.3,3.0,1007.9,16.8,155,22.2,0
2023-03-24,36.4,24.0,29.0,70,0.0,0.0,1008.4,20.7,148,22.1,0
2023-03-25,34.1,25.3,28.5,70,0.1,1.0,1009.3,20.0,145,22.0,0
2023-03-26,35.8,23.3,28.6,72,0.0,0.0,1008.4,18.8,154,22.2,0
2023-03-27,35.8,25.0,29.4,69,0.0,0.0,1008.8,22.4,143,22.3,0
2023-03-28,35.9,25.8,29.5,70,2.1,2.0,1009.7,21.7,129,22.8,0
2023-03-29,35.2,24.9,29.3,65,0.0,0.0,1009.8,18.5,131,21.3,0
2023-03-30,34.8,25.0,29.0,68,0.5,2.0,1008.8,19.7,138,22.0,0
2023-03-31,34.4,25.5,29.0,68,0.1,1.0,1009.0,17.3,141,22.0,0
2023-04-01,34.3,24.7,28.7,71,0.0,0.0,1008.8,21.8,140,22.3,0
2023-04-02,35.0,23.7,28.7,72,0.1,1.0,1008.3,19.6,144,22.5,0
2023-04-03,34.0,25.7,28.5,73,7.7,9.0,1008.4,20.8,143,23.1,0
2023-04-04,34.5,25.0,28.8,75,1.5,2.0,1007.7,17.2,141,23.5,0
2023-04-05,34.3,25.5,29.2,71,0.5,5.0,1008.2,18.7,149,23.1,0
2023-04-06,35.2,25.4,29.5,72,1.0,2.0,1008.5,19.3,142,23.5,0
2023-04-07,35.4,26.4,30.0,67,0.0,0.0,1010.0,19.7,139,22.6,0
2023-04-08,36.3,25.3,30.3,63,0.0,0.0,1011.4,19.7,122,21.6,0
2023-04-09,36.9,26.1,30.5,65,0.7,2.0,1010.9,17.5,132,22.4,0
2023-04-10,35.4,25.9,29.5,71,2.8,5.0,1009.8,20.3,147,23.5,0
2023-04-11,33.6,26.4,29.3,73,6.1,5.0,1009.4,14.3,140,23.6,0
2023-04-12,34.9,25.9,29.5,75,0.6,3.0,1008.3,17.2,149,24.1,0
2023-04-13,34.6,25.9,29.6,73,3.0,5.0,1008.5,16.8,147,23.7,0
2023-04-14,35.0,24.2,29.5,73,4.7,10.0,1008.1,17.5,149,23.6,0
2023-04-15,33.8,25.3,28.5,77,39.5,17.0,1007.6,15.6,152,23.7,1
2023-04-16,32.1,25.3,28.1,81,7.2,7.0,1007.6,14.8,137,24.4,0
2023-04-17,33.3,25.7,28.8,78,0.1,1.0,1008.8,20.9,140,24.4,0
2023-04-18,33.3,26.1,29.1,76,0.5,4.0,1009.2,17.9,144,24.2,0
2023-04-19,34.3,24.9,29.4,76,0.7,6.0,1006.6,15.9,159,24.2,0
2023-04-20,36.4,26.4,30.8,69,0.2,1.0,1004.8,20.9,206,23.8,0
2023-04-21,36.6,26.4,30.6,70,1.4,3.0,1005.4,12.4,184,23.9,0
2023-04-22,36.3,26.6,30.6,71,0.3,2.0,1006.1,18.7,161,24.0,0
2023-04-23,36.1,26.8,30.7,68,0.3,3.0,1007.9,19.5,139,23.4,0
2023-04-24,37.5,25.8,30.9,66,0.2,1.0,1008.9,13.2,95,22.9,0
2023-04-25,37.7,26.8,31.1,66,0.8,2.0,1007.3,22.3,123,23.0,0
2023-04-26,36.3,26.8,31.0,62,0.0,0.0,1007.5,18.1,109,22.2,0
2023-04-27,37.5,26.6,31.0,64,0.3,2.0,1007.9,22.8,114,22.7,0
2023-04-28,37.4,27.0,31.3,62,1.2,3.0,1008.0,16.0,115,22.4,0
2023-04-29,36.8,27.2,30.9,65,2.7,4.0,1007.3,18.9,127,22.9,0
2023-04-30,34.9,26.0,29.8,72,2.3,5.0,1007.6,18.5,126,23.9,0
2023-05-01,36.9,26.5,30.7,64,0.3,1.0,1007.5,16.6,113,22.4,0
2023-05-02,37.5,26.7,31.1,60,2.2,3.0,1008.1,19.6,103,21.9,0
2023-05-03,37.0,27.6,31.4,63,1.5,4.0,1008.7,17.8,122,23.0,0
2023-05-04,37.2,27.6,31.3,65,0.0,0.0,1007.1,20.2,138,23.0,0
2023-05-05,36.8,27.1,31.8,63,0.2,2.0,1005.1,12.8,205,23.2,0
2023-05-06,37.9,27.5,32.2,63,0.0,0.0,1003.9,16.9,214,23.6,0
2023-05-07,36.7,28.2,31.8,65,1.3,4.0,1004.4,19.1,218,24.1,0
2023-05-08,35.7,26.6,29.3,77,18.3,8.0,1006.1,15.4,193,24.6,1
2023-05-09,32.2,25.9,27.6,86,16.3,13.0,1007.4,18.8,112,25.0,1
2023-05-10,31.6,25.7,28.3,84,7.9,6.0,1008.0,15.2,148,25.1,0
2023-05-11,31.9,26.0,28.7,82,8.3,12.0,1009.3,10.9,138,25.2,0
2023-05-12,32.0,26.3,28.5,82,3.1,12.0,1009.7,15.0,145,25.1,0
2023-05-13,32.9,26.1,29.1,81,4.8,7.0,1009.7,12.0,139,25.3,0
2023-05-14,33.2,25.6,28.5,81,3.7,10.0,1010.0,17.3,164,24.9,0
2023-05-15,33.8,25.7,29.0,80,0.8,5.0,1009.9,13.0,152,25.0,0
2023-05-16,34.2,26.5,29.2,80,5.0,8.0,1010.0,15.5,217,25.1,0
2023-05-17,33.8,26.2,28.7,82,11.1,8.0,1009.9,11.3,236,25.1,0
2023-05-18,34.0,26.2,28.5,83,11.1,9.0,1009.0,19.3,240,25.3,0
2023-05-19,34.6,25.7,29.4,78,0.3,3.0,1007.1,18.0,233,24.9,0
2023-05-20,32.7,26.4,28.6,82,4.9,10.0,1007.4,21.3,191,25.2,0
2023-05-21,31.9,26.1,27.9,86,8.3,9.0,1009.0,18.4,174,25.2,0
2023-05-22,33.6,25.0,27.6,86,13.9,13.0,1009.7,13.4,209,24.8,0
2023-05-23,32.8,25.1,27.8,85,13.0,11.0,1008.9,14.9,238,24.9,0
2023-05-24,32.6,25.6,28.1,85,7.4,9.0,1008.6,16.4,220,25.1,0
2023-05-25,31.1,24.4,27.4,86,9.8,6.0,1009.3,16.4,211,24.7,0
2023-05-26,30.8,25.3,27.4,86,10.8,8.0,1008.9,15.6,203,24.7,0
2023-05-27,30.5,24.2,26.3,88,35.9,16.0,1007.1,15.8,219,24.1,1
2023-05-28,30.3,24.3,26.7,88,20.3,15.0,1006.2,15.0,218,24.6,1
2023-05-29,31.6,24.5,27.1,87,11.6,10.0,1007.0,15.6,214,24.6,0
2023-05-30,30.6,25.2,27.1,88,8.8,11.0,1007.3,21.6,236,25.0,0
2023-05-31,31.7,25.9,27.7,86,4.9,9.0,1006.8,23.0,239,25.0,0
2023-06-01,31.3,25.3,27.4,87,12.2,10.0,1006.4,23.5,242,25.0,0
2023-06-02,31.1,25.8,27.9,87,8.3,10.0,1007.3,20.4,232,25.4,0
2023-06-03,32.8,25.6,28.1,87,6.3,7.0,1007.8,18.3,257,25.5,0
2023-06-04,32.2,25.6,27.5,87,13.7,17.0,1007.5,17.7,286,25.2,0
2023-06-05,31.3,25.2,26.7,89,28.4,22.0,1006.5,14.8,274,24.6,1
2023-06-06,30.9,25.0,27.2,87,19.1,15.0,1006.8,22.9,250,24.7,1
2023-06-07,28.5,25.0,26.6,89,6.8,16.0,1008.3,17.1,232,24.6,0
2023-06-08,30.0,25.1,27.4,87,2.3,8.0,1008.1,16.7,252,24.9,0
2023-06-09,31.1,25.3,27.6,84,7.3,15.0,1007.2,19.1,255,24.6,0
2023-06-10,31.6,25.0,27.2,88,15.0,9.0,1006.1,14.1,247,24.9,1
2023-06-11,31.9,25.5,28.0,81,1.2,6.0,1006.1,23.5,245,24.3,0
2023-06-12,31.5,25.3,27.1,86,12.0,15.0,1007.2,26.1,222,24.6,0
2023-06-13,30.9,24.4,27.3,85,1.1,4.0,1007.6,14.5,233,24.3,0
2023-06-14,31.7,25.5,27.8,85,14.0,5.0,1008.8,20.9,231,24.8,0
2023-06-15,33.1,24.6,28.3,82,7.7,3.0,1008.1,15.8,274,24.6,0
2023-06-16,32.2,25.2,27.8,87,12.5,11.0,1007.5,17.7,232,25.2,0
2023-06-17,31.7,25.2,27.2,88,14.4,13.0,1008.5,9.2,220,24.9,0
2023-06-18,31.6,24.9,26.9,85,11.0,8.0,1009.2,19.5,252,24.0,0
2023-06-19,32.1,24.0,27.5,84,14.8,5.0,1008.2,19.7,253,24.3,0
2023-06-20,32.6,25.4,28.2,83,5.1,6.0,1007.8,16.0,245,24.8,0
2023-06-21,31.2,24.9,27.7,86,7.4,10.0,1008.5,11.2,250,24.9,0
2023-06-22,31.9,24.9,27.7,83,4.7,11.0,1008.4,13.2,267,24.5,0
2023-06-23,33.2,25.6,28.5,83,7.7,6.0,1006.6,10.7,257,25.1,0
2023-06-24,32.5,25.7,28.0,86,4.4,12.0,1006.5,12.7,229,25.3,0
2023-06-25,31.8,25.0,27.1,89,7.3,9.0,1006.7,16.5,214,24.9,0
2023-06-26,32.6,24.6,27.5,86,0.3,3.0,1006.7,17.4,246,24.8,0
2023-06-27,31.7,24.0,27.3,86,10.2,12.0,1007.4,11.2,329,24.6,0
2023-06-28,31.4,25.1,27.3,87,6.6,13.0,1008.4,12.1,201,24.8,0
2023-06-29,32.1,25.1,27.7,86,14.3,12.0,1007.7,15.9,211,24.9,1
2023-06-30,31.7,25.6,27.8,86,10.4,13.0,1007.6,19.5,207,25.1,0
2023-07-01,31.7,25.4,27.2,87,16.0,16.0,1008.3,18.8,199,24.7,0
2023-07-02,29.8,24.9,26.7,87,17.2,21.0,1009.3,15.9,192,24.3,0
2023-07-03,31.9,24.4,27.1,86,8.1,7.0,1009.4,17.6,286,24.3,0
2023-07-04,32.4,24.2,27.9,81,0.0,0.0,1008.6,12.9,345,24.0,0
2023-07-05,31.6,24.6,27.1,87,19.3,13.0,1008.0,10.8,25,24.6,0
2023-07-06,32.1,23.8,27.0,88,30.5,12.0,1008.9,15.0,352,24.6,1
2023-07-07,31.6,24.6,27.9,83,2.3,5.0,1009.0,16.6,137,24.6,0
2023-07-08,30.2,25.5,27.5,85,12.5,15.0,1009.2,17.3,161,24.7,0
2023-07-09,30.6,25.0,26.8,88,7.4,11.0,1009.3,14.1,164,24.5,0
2023-07-10,32.0,24.4,27.7,84,2.5,5.0,1008.5,13.4,191,24.4,0
2023-07-11,32.5,24.7,28.2,82,3.0,5.0,1008.4,18.8,259,24.6,0
2023-07-12,32.0,24.1,28.1,84,2.5,5.0,1008.4,11.0,282,24.9,0
2023-07-13,31.6,25.2,27.4,89,21.5,14.0,1007.9,12.3,250,25.3,1
2023-07-14,31.6,24.8,26.9,87,30.0,15.0,1007.6,17.6,267,24.5,1
2023-07-15,30.1,25.1,27.2,87,12.5,13.0,1006.2,18.0,248,24.8,0
2023-07-16,30.9,26.0,27.4,84,8.0,9.0,1004.5,26.9,244,24.4,0
2023-07-17,29.9,25.3,26.7,86,13.4,17.0,1004.3,28.1,244,24.2,0
2023-07-18,29.7,24.9,26.6,88,18.8,10.0,1005.4,27.9,235,24.4,1
2023-07-19,31.0,25.1,26.8,87,14.3,12.0,1005.2,21.9,243,24.4,1
2023-07-20,28.9,24.7,26.2,89,13.4,19.0,1005.6,16.8,261,24.2,0
2023-07-21,29.9,24.9,26.5,88,16.2,15.0,1007.1,12.9,245,24.2,1
2023-07-22,29.1,24.1,26.0,90,12.6,15.0,1008.9,15.5,225,24.2,0
2023-07-23,30.4,24.5,26.3,89,14.6,14.0,1008.8,19.4,219,24.3,0
2023-07-24,30.8,24.3,26.4,89,18.8,12.0,1007.6,19.4,227,24.4,1
2023-07-25,31.2,24.6,26.8,88,10.7,13.0,1007.8,22.6,239,24.5,0
2023-07-26,30.9,25.0,27.1,87,14.8,14.0,1007.6,23.1,246,24.7,1
2023-07-27,30.3,25.6,26.8,89,24.8,15.0,1006.5,21.3,242,24.7,1
2023-07-28,31.3,25.3,27.2,87,18.0,15.0,1005.3,23.2,238,24.7,1
2023-07-29,29.5,24.9,27.0,87,11.2,11.0,1005.8,24.5,233,24.6,0
2023-07-30,30.0,24.8,27.0,87,9.7,18.0,1007.1,22.7,228,24.6,0
2023-07-31,31.1,24.9,27.2,86,8.0,10.0,1008.0,22.8,240,24.6,0
2023-08-01,30.9,25.4,27.0,88,17.2,13.0,1007.7,18.7,249,24.8,1
2023-08-02,31.5,25.3,27.3,86,12.7,8.0,1008.2,24.2,256,24.8,0
2023-08-03,31.0,25.4,27.4,85,17.5,11.0,1008.8,23.4,232,24.5,0
2023-08-04,31.9,25.0,27.5,85,5.6,6.0,1010.7,21.0,227,24.7,0
2023-08-05,31.7,24.8,27.6,85,6.4,7.0,1010.9,21.5,235,24.7,0
2023-08-06,32.8,24.3,28.0,82,8.7,6.0,1009.0,20.7,240,24.4,0
2023-08-07,32.0,25.2,28.2,82,2.2,5.0,1007.9,21.0,243,24.7,0
2023-08-08,31.7,25.2,27.8,83,2.3,4.0,1008.7,19.6,241,24.7,0
2023-08-09,31.7,25.0,28.2,82,1.6,3.0,1009.6,16.9,246,24.7,0
2023-08-10,32.4,25.3,28.2,82,1.3,7.0,1008.8,19.5,249,24.7,0
2023-08-11,31.4,25.7,28.1,83,2.1,8.0,1008.0,21.6,245,24.8,0
2023-08-12,31.3,25.2,27.6,85,11.7,9.0,1007.6,18.0,236,24.9,0
2023-08-13,30.6,25.3,27.5,86,5.4,7.0,1007.5,17.0,230,24.9,0
2023-08-14,31.8,25.2,27.5,86,4.8,7.0,1007.7,18.0,226,24.7,0
2023-08-15,31.5,24.4,27.5,84,8.9,10.0,1008.4,18.3,229,24.4,0
2023-08-16,31.8,24.7,27.4,85,10.4,9.0,1008.8,18.1,239,24.5,0
2023-08-17,31.0,25.1,27.5,86,6.0,12.0,1007.9,23.3,247,24.8,0
2023-08-18,31.3,24.4,26.9,88,8.3,15.0,1006.9,18.6,266,24.6,0
2023-08-19,31.4,25.0,26.5,90,27.8,14.0,1006.6,16.3,253,24.6,1
2023-08-20,30.3,25.1,26.5,88,21.3,15.0,1006.8,18.9,220,24.3,1
2023-08-21,31.7,24.6,27.2,86,8.8,8.0,1007.9,17.8,200,24.4,0
2023-08-22,31.8,24.4,27.3,86,4.5,7.0,1008.1,21.2,238,24.5,0
2023-08-23,32.4,24.8,28.2,80,0.9,2.0,1007.6,16.6,248,24.1,0
2023-08-24,32.4,24.5,28.1,79,0.8,6.0,1007.7,15.9,239,23.8,0
2023-08-25,32.9,24.8,28.4,81,1.4,6.0,1007.6,11.2,249,24.6,0
2023-08-26,32.0,25.6,27.7,85,32.0,14.0,1007.8,14.2,252,24.9,1
2023-08-27,31.8,24.9,27.0,87,38.3,19.0,1006.9,18.2,269,24.6,1
2023-08-28,31.9,25.2,27.1,88,21.5,14.0,1005.7,19.6,243,24.8,1
2023-08-29,31.7,24.9,27.1,87,22.3,16.0,1005.9,19.8,244,24.5,1
2023-08-30,31.0,24.3,27.0,88,8.8,18.0,1007.0,20.2,243,24.7,0
2023-08-31,30.2,25.1,26.9,89,19.9,17.0,1007.2,24.1,239,24.8,1
2023-09-01,30.4,24.9,26.5,90,20.5,19.0,1007.0,19.2,242,24.6,1
2023-09-02,29.1,25.0,26.7,88,11.4,16.0,1005.6,23.9,242,24.5,0
2023-09-03,30.6,25.0,27.0,87,13.5,10.0,1004.9,20.5,233,24.6,0
2023-09-04,30.1,24.7,26.8,88,12.7,10.0,1004.7,25.3,228,24.5,0
2023-09-05,30.5,24.6,26.8,89,21.6,17.0,1006.8,20.5,229,24.6,1
2023-09-06,30.2,24.6,27.0,87,5.8,8.0,1008.1,12.0,266,24.6,0
2023-09-07,31.3,24.6,27.2,89,11.9,11.0,1008.2,14.2,239,25.0,0
2023-09-08,31.8,24.3,27.0,88,5.7,11.0,1008.2,16.9,216,24.7,0
2023-09-09,31.1,24.4,26.7,88,10.8,14.0,1007.3,14.2,201,24.4,0
2023-09-10,30.6,24.6,26.5,89,14.5,18.0,1008.3,19.9,213,24.4,0
2023-09-11,31.4,24.2,27.4,84,4.8,9.0,1008.6,18.4,247,24.1,0
2023-09-12,30.7,23.9,26.7,86,5.8,8.0,1009.2,19.0,240,24.0,0
2023-09-13,31.4,24.8,26.9,86,9.7,10.0,1009.3,21.0,258,24.3,0
2023-09-14,31.0,24.8,26.5,89,15.1,20.0,1008.7,13.8,254,24.4,0
2023-09-15,29.6,24.8,26.4,87,18.3,17.0,1008.4,21.7,236,23.9,0
2023-09-16,30.3,24.1,26.4,88,8.0,9.0,1008.6,16.8,200,24.2,0
2023-09-17,31.5,24.1,26.7,88,23.2,10.0,1008.4,13.6,212,24.3,1
2023-09-18,31.6,23.9,27.1,86,8.5,5.0,1009.0,9.1,256,24.3,0
2023-09-19,32.0,24.6,27.2,87,14.4,12.0,1009.4,12.0,13,24.7,0
2023-09-20,31.7,24.5,27.3,86,18.0,9.0,1008.5,10.9,114,24.5,0
2023-09-21,30.2,23.9,26.4,89,34.3,17.0,1009.0,16.3,121,24.3,1
2023-09-22,31.0,23.9,26.9,87,24.0,15.0,1008.5,11.2,118,24.4,1
2023-09-23,30.3,23.9,26.2,89,4.4,9.0,1008.5,19.3,199,24.1,0
2023-09-24,30.5,24.5,26.5,89,24.4,18.0,1007.1,13.7,257,24.4,1
2023-09-25,30.3,24.3,26.4,88,8.5,16.0,1005.8,19.5,245,24.2,0
2023-09-26,28.6,24.7,26.0,90,21.2,13.0,1006.5,22.4,224,24.1,1
2023-09-27,30.1,24.2,26.2,89,23.2,17.0,1007.7,16.6,225,24.2,1
2023-09-28,30.9,23.7,26.5,90,10.0,13.0,1009.4,13.3,255,24.6,0
2023-09-29,31.8,24.2,27.4,86,28.8,10.0,1010.0,15.2,291,24.6,1
2023-09-30,30.6,24.0,26.5,85,14.0,11.0,1010.1,23.2,315,23.6,0
2023-10-01,31.6,23.7,26.6,88,32.6,19.0,1008.4,16.6,319,24.4,1
2023-10-02,28.7,23.9,25.8,91,34.1,24.0,1009.0,15.6,292,24.1,1
2023-10-03,30.9,23.6,26.4,87,10.9,18.0,1009.3,16.5,235,23.9,0
2023-10-04,31.2,24.2,27.2,86,2.3,10.0,1009.4,17.1,210,24.6,0
2023-10-05,31.5,24.4,26.9,88,8.0,11.0,1008.7,14.1,205,24.6,0
2023-10-06,31.9,24.8,27.4,87,9.8,10.0,1009.0,12.2,217,24.8,0
2023-10-07,31.7,25.0,27.1,88,14.1,14.0,1009.7,15.6,269,24.8,0
2023-10-08,32.5,25.0,27.4,85,16.1,4.0,1010.5,15.0,315,24.6,0
2023-10-09,31.8,24.3,27.6,82,0.7,3.0,1010.4,16.5,328,24.0,0
2023-10-10,31.1,24.7,27.7,86,4.3,8.0,1009.9,10.3,141,24.9,0
2023-10-11,31.2,24.8,27.2,89,11.3,11.0,1010.3,16.6,66,25.2,0
2023-10-12,31.8,23.7,26.9,88,18.6,11.0,1011.0,10.8,117,24.7,0
2023-10-13,31.0,23.6,26.5,88,7.5,7.0,1010.5,17.2,197,24.1,0
2023-10-14,30.7,24.3,26.8,88,7.5,14.0,1008.9,12.2,277,24.6,0
2023-10-15,29.9,23.8,26.3,89,18.1,18.0,1007.9,8.3,271,24.2,1
2023-10-16,30.1,24.1,25.9,89,31.3,24.0,1008.6,18.1,184,23.9,1
2023-10-17,30.9,23.7,26.3,89,17.8,15.0,1009.4,11.3,238,24.2,0
2023-10-18,31.0,24.0,26.6,89,14.8,12.0,1010.3,12.7,260,24.5,0
2023-10-19,31.8,24.3,27.2,88,14.3,16.0,1010.2,11.0,293,24.9,0
2023-10-20,32.0,24.7,27.7,85,9.1,5.0,1010.2,12.0,95,24.7,0
2023-10-21,30.9,24.5,26.6,88,9.7,8.0,1011.5,16.1,92,24.3,0
2023-10-22,31.9,24.0,26.8,85,19.0,9.0,1011.6,18.0,302,23.9,0
2023-10-23,30.0,23.9,25.9,89,16.4,8.0,1011.4,13.8,359,23.8,0
2023-10-24,31.7,22.9,27.1,84,4.5,5.0,1010.3,12.3,28,23.8,0
2023-10-25,30.5,24.2,26.5,88,18.2,10.0,1010.8,14.6,129,24.4,0
2023-10-26,31.2,24.3,27.0,87,7.8,7.0,1010.8,10.6,119,24.4,0
2023-10-27,31.2,24.6,27.5,86,9.2,11.0,1010.4,9.7,98,24.6,0
2023-10-28,31.3,24.0,27.1,87,1.1,5.0,1010.0,14.8,120,24.6,0
2023-10-29,30.7,24.6,26.5,90,17.7,11.0,1009.6,14.0,39,24.7,0
2023-10-30,31.2,24.0,26.8,88,6.3,4.0,1009.3,14.0,31,24.5,0
2023-10-31,32.0,24.2,26.7,89,10.1,3.0,1010.0,20.5,2,24.5,0
2023-11-01,31.8,24.1,26.8,88,3.7,4.0,1010.1,12.6,3,24.4,0
2023-11-02,31.8,23.8,26.9,86,5.9,6.0,1009.8,12.8,355,24.2,0
2023-11-03,30.9,24.2,26.8,87,11.3,9.0,1008.7,13.4,360,24.3,0
2023-11-04,31.7,24.1,27.6,85,0.2,2.0,1008.7,10.2,111,24.6,0
2023-11-05,31.9,25.3,27.5,86,5.2,5.0,1009.9,14.7,91,24.8,0
2023-11-06,32.1,24.2,27.7,84,0.2,1.0,1010.0,15.5,87,24.5,0
2023-11-07,30.4,25.0,27.0,86,10.2,8.0,1010.1,14.7,56,24.4,0
2023-11-08,31.6,24.1,27.4,85,1.2,4.0,1009.6,15.2,124,24.4,0
2023-11-09,31.9,24.7,27.5,85,14.8,11.0,1010.1,12.6,91,24.5,0
2023-11-10,29.5,23.9,26.4,89,2.2,5.0,1011.2,11.4,123,24.3,0
2023-11-11,32.0,24.0,27.5,84,1.3,7.0,1011.1,15.8,78,24.2,0
2023-11-12,31.5,23.8,27.2,86,5.1,6.0,1011.3,8.9,46,24.5,0
2023-11-13,32.6,23.7,27.7,84,1.1,4.0,1010.6,13.5,28,24.5,0
2023-11-14,32.0,24.3,27.0,87,2.3,5.0,1011.2,12.8,11,24.5,0
2023-11-15,30.4,24.3,26.6,88,25.2,8.0,1011.6,12.3,42,24.4,1
2023-11-16,30.2,24.1,26.9,87,0.4,2.0,1012.3,14.0,53,24.4,0
2023-11-17,31.4,23.7,26.7,85,6.1,4.0,1012.4,14.9,357,23.7,0
2023-11-18,30.8,22.5,26.1,72,0.0,0.0,1011.7,15.7,0,20.6,0
2023-11-19,30.1,21.1,25.6,76,0.0,0.0,1011.5,12.0,358,20.9,0
2023-11-20,30.6,22.4,26.4,77,0.0,0.0,1010.7,10.5,339,21.9,0
2023-11-21,30.9,22.9,26.8,79,0.3,3.0,1009.7,11.4,308,22.6,0
2023-11-22,31.1,22.7,26.8,82,0.0,0.0,1008.7,11.6,208,23.2,0
2023-11-23,29.7,24.5,26.7,86,0.3,2.0,1008.8,9.0,266,24.0,0
2023-11-24,28.1,23.9,25.6,87,0.5,3.0,1009.5,10.4,353,23.1,0
2023-11-25,31.0,22.3,26.1,79,10.4,6.0,1009.4,10.1,348,22.0,0
2023-11-26,31.0,23.6,26.6,86,0.5,4.0,1010.2,10.6,53,23.9,0
2023-11-27,31.2,23.7,27.1,79,0.0,0.0,1009.4,12.7,3,22.8,0
2023-11-28,31.4,21.6,26.5,72,0.1,1.0,1009.3,13.1,20,20.9,0
2023-11-29,32.6,23.4,27.0,79,6.8,8.0,1009.2,13.2,42,22.8,0
2023-11-30,31.7,23.3,26.9,86,9.4,4.0,1010.0,14.8,65,24.1,0
2023-12-01,32.1,24.7,27.9,80,0.3,2.0,1009.2,11.7,52,24.0,0
2023-12-02,29.1,23.3,26.5,83,2.7,7.0,1009.9,7.6,34,23.2,0
2023-12-03,30.4,24.4,26.9,84,5.9,10.0,1010.1,7.6,28,23.8,0
2023-12-04,32.0,23.5,27.1,84,0.0,0.0,1010.1,15.5,115,24.0,0
2023-12-05,32.0,23.6,27.5,81,1.1,4.0,1009.7,11.2,135,23.8,0
2023-12-06,31.3,24.0,27.4,83,0.9,7.0,1010.5,12.6,129,24.0,0
2023-12-07,31.8,24.1,27.4,81,0.3,3.0,1010.5,11.6,180,23.6,0
2023-12-08,31.1,23.7,27.1,81,0.0,0.0,1010.7,13.7,162,23.2,0
2023-12-09,32.1,23.9,27.5,79,0.2,2.0,1010.0,14.7,135,23.2,0
2023-12-10,32.7,24.0,27.9,73,0.3,3.0,1009.0,14.9,117,22.3,0
2023-12-11,33.9,23.0,28.0,72,0.0,0.0,1009.5,15.5,105,21.7,0
2023-12-12,34.4,23.4,28.5,67,0.0,0.0,1009.3,14.5,83,21.0,0
2023-12-13,33.6,23.1,28.5,69,0.3,2.0,1010.3,12.8,62,21.6,0
2023-12-14,35.4,24.7,29.5,65,0.0,0.0,1010.8,16.7,92,21.6,0
2023-12-15,34.5,24.2,28.9,65,0.0,0.0,1010.4,14.8,94,21.1,0
2023-12-16,33.4,24.4,28.6,68,0.6,3.0,1010.5,14.5,108,21.7,0
2023-12-17,34.2,23.7,28.7,68,0.2,2.0,1010.5,13.0,73,21.8,0
2023-12-18,33.5,23.7,28.0,73,4.0,5.0,1011.1,14.8,54,22.3,0
2023-12-19,33.9,23.4,28.3,69,0.4,2.0,1010.8,14.8,27,21.5,0
2023-12-20,33.9,23.6,27.8,65,9.3,3.0,1010.3,16.0,27,20.4,0
2023-12-21,34.4,25.2,28.8,56,0.0,0.0,1010.3,23.6,19,18.9,0
2023-12-22,32.5,24.3,27.5,59,1.0,2.0,1012.0,25.3,23,18.4,0
2023-12-23,33.1,24.2,27.2,57,0.0,0.0,1012.9,23.4,13,17.8,0
2023-12-24,32.4,24.8,27.3,63,0.0,0.0,1014.1,16.3,26,19.3,0
2023-12-25,32.3,23.1,27.2,60,0.0,0.0,1013.1,15.1,20,18.5,0
2023-12-26,32.3,22.0,27.1,61,0.0,0.0,1013.5,11.4,23,18.6,0
2023-12-27,32.7,22.6,27.5,67,0.2,2.0,1013.4,10.6,20,20.5,0
2023-12-28,33.8,23.7,28.3,73,0.8,4.0,1012.2,12.1,73,22.5,0
2023-12-29,33.4,24.6,28.4,76,0.2,1.0,1011.0,10.4,74,23.4,0
2023-12-30,33.4,24.5,28.7,73,0.1,1.0,1010.3,12.6,125,22.8,0
2023-12-31,33.6,24.2,28.3,72,0.3,3.0,1010.7,16.1,116,22.4,0
2024-01-01,33.4,24.0,28.1,72,0.0,0.0,1010.5,14.7,163,22.1,0
2024-01-02,33.4,23.6,28.1,73,0.1,1.0,1010.2,15.6,126,22.3,0
2024-01-03,33.4,24.2,28.3,72,0.2,1.0,1010.3,15.4,114,22.1,0
2024-01-04,33.6,23.4,27.9,67,0.0,0.0,1010.7,15.5,158,20.8,0
2024-01-05,32.9,23.3,27.5,70,0.0,0.0,1011.6,13.6,118,21.1,0
2024-01-06,33.6,23.2,28.0,70,0.6,2.0,1011.2,11.6,148,21.6,0
2024-01-07,33.0,24.2,28.0,75,0.0,0.0,1011.6,15.2,131,22.7,0
2024-01-08,31.3,23.8,27.5,73,0.6,4.0,1011.4,9.5,122,21.9,0
2024-01-09,32.8,23.8,27.9,71,0.1,1.0,1010.6,11.7,132,21.8,0
2024-01-10,33.5,23.6,28.0,70,0.0,0.0,1010.1,15.6,114,21.5,0
2024-01-11,33.6,23.6,27.9,70,0.1,1.0,1010.5,16.1,96,21.3,0
2024-01-12,32.9,22.6,26.9,71,0.0,0.0,1010.4,18.6,141,20.6,0
2024-01-13,32.0,22.2,26.8,68,0.0,0.0,1010.7,13.5,120,19.8,0
2024-01-14,32.2,21.8,26.7,65,0.0,0.0,1011.3,12.2,26,19.1,0
2024-01-15,33.0,21.9,27.2,66,0.0,0.0,1010.8,11.9,70,19.5,0
2024-01-16,33.2,22.9,27.8,64,0.0,0.0,1010.5,14.8,70,20.0,0
2024-01-17,33.1,24.0,28.2,63,0.0,0.0,1010.4,13.7,101,19.7,0
2024-01-18,34.0,24.3,28.4,65,0.0,0.0,1010.3,15.3,96,20.6,0
2024-01-19,33.1,23.6,28.0,65,0.0,0.0,1010.3,14.1,94,20.2,0
2024-01-20,33.0,23.3,27.1,71,0.0,0.0,1010.9,17.9,132,20.7,0
2024-01-21,32.9,23.4,27.5,69,0.0,0.0,1011.9,15.8,132,20.8,0
2024-01-22,34.0,23.7,28.2,62,0.0,0.0,1012.0,13.8,115,19.5,0
2024-01-23,34.0,24.1,28.4,59,0.0,0.0,1012.7,16.8,112,19.1,0
2024-01-24,33.6,23.6,28.2,62,0.0,0.0,1013.3,14.0,101,19.6,0
2024-01-25,33.7,23.7,28.3,58,0.0,0.0,1014.7,13.4,97,18.5,0
2024-01-26,33.0,24.0,27.9,60,0.0,0.0,1015.3,15.1,80,19.0,0
2024-01-27,33.4,22.7,27.6,62,0.0,0.0,1014.7,15.9,91,18.9,0
2024-01-28,33.6,23.0,27.9,56,0.0,0.0,1014.5,14.9,97,17.3,0
2024-01-29,33.4,22.7,27.8,56,0.0,0.0,1014.0,14.8,81,17.5,0
2024-01-30,34.4,23.8,28.1,57,0.0,0.0,1013.6,19.4,119,18.3,0
2024-01-31,34.1,23.5,28.0,63,0.0,0.0,1013.5,18.1,119,19.7,0
2024-02-01,33.6,23.8,28.0,65,0.3,3.0,1013.6,17.7,133,20.4,0
2024-02-02,33.5,23.6,27.6,70,0.0,0.0,1012.7,19.2,131,21.1,0
2024-02-03,34.4,23.9,27.7,68,0.0,0.0,1012.8,21.6,138,20.8,0
2024-02-04,34.4,23.7,27.8,72,0.0,0.0,1013.2,19.0,141,21.6,0
2024-02-05,33.5,24.5,28.0,74,0.5,2.0,1013.4,17.6,139,22.3,0
2024-02-06,34.6,24.3,28.3,70,0.0,0.0,1013.4,22.5,133,21.7,0
2024-02-07,32.7,24.6,28.1,73,1.4,4.0,1012.3,16.3,140,22.3,0
2024-02-08,32.4,24.4,27.6,73,0.3,3.0,1011.5,18.5,138,22.0,0
2024-02-09,34.9,24.0,28.5,69,0.0,0.0,1012.7,17.3,125,21.5,0
2024-02-10,34.6,23.9,28.8,64,0.0,0.0,1014.1,15.9,104,20.5,0
2024-02-11,33.7,23.2,28.7,56,0.0,0.0,1015.4,13.4,37,18.4,0
2024-02-12,33.7,21.8,27.9,54,0.0,0.0,1014.8,16.7,70,17.2,0
2024-02-13,35.6,23.7,28.8,56,0.0,0.0,1013.3,22.5,107,18.5,0
2024-02-14,35.9,25.1,29.7,57,0.0,0.0,1012.3,19.6,101,19.6,0
2024-02-15,36.3,25.6,29.9,56,0.1,1.0,1012.3,21.4,107,19.5,0
2024-02-16,36.5,24.9,29.4,57,0.0,0.0,1012.0,20.5,107,18.9,0
2024-02-17,35.6,23.5,28.5,56,0.0,0.0,1011.3,21.1,126,18.0,0
2024-02-18,35.7,23.7,28.7,62,0.0,0.0,1011.3,22.1,136,20.0,0
2024-02-19,35.3,25.0,28.8,68,0.0,0.0,1011.6,21.3,139,21.7,0
2024-02-20,34.8,24.7,28.6,69,0.0,0.0,1011.2,21.7,136,21.7,0
2024-02-21,34.8,24.2,28.4,72,0.0,0.0,1011.0,20.7,139,22.2,0
2024-02-22,35.7,23.4,28.1,72,0.0,0.0,1011.9,22.9,136,21.7,0
2024-02-23,34.8,24.4,28.6,71,0.2,2.0,1012.1,23.5,128,22.2,0
2024-02-24,35.5,24.8,29.1,67,1.3,3.0,1011.7,19.0,124,21.5,0
2024-02-25,35.6,24.3,29.0,61,0.0,0.0,1011.0,18.6,115,20.1,0
2024-02-26,36.7,24.0,29.5,56,0.0,0.0,1011.2,24.3,111,19.1,0
2024-02-27,35.3,25.3,29.4,62,1.1,4.0,1010.6,18.3,94,20.9,0
2024-02-28,36.2,24.4,29.0,59,0.0,0.0,1009.9,25.3,111,19.6,0
2024-02-29,36.5,24.8,29.5,55,0.0,0.0,1010.1,20.6,116,19.0,0
2024-03-01,35.5,25.0,29.3,58,0.0,0.0,1010.5,17.5,115,19.8,0
2024-03-02,36.0,25.4,29.6,59,0.2,2.0,1010.3,20.2,126,20.2,0
2024-03-03,36.1,25.2,29.2,61,0.0,0.0,1010.3,20.5,133,20.4,0
2024-03-04,36.0,25.2,29.1,65,0.0,0.0,1009.9,22.1,134,21.2,0
2024-03-05,35.3,25.2,29.2,70,0.0,0.0,1009.1,15.1,143,22.6,0
2024-03-06,36.1,25.0,29.4,71,0.0,0.0,1008.1,15.3,153,22.8,0
2024-03-07,35.2,25.7,29.0,72,0.3,3.0,1008.2,21.5,141,23.1,0
2024-03-08,37.2,25.3,29.9,60,0.0,0.0,1009.2,21.7,127,20.3,0
2024-03-09,36.3,25.0,29.4,59,0.0,0.0,1009.9,24.4,114,19.9,0
2024-03-10,37.5,25.5,29.8,57,0.0,0.0,1011.6,29.6,117,19.6,0
2024-03-11,37.0,24.5,30.0,55,0.0,0.0,1011.8,25.4,117,19.3,0
2024-03-12,37.5,25.6,30.0,60,0.0,0.0,1011.4,25.3,127,20.5,0
2024-03-13,35.3,25.4,29.5,62,0.2,2.0,1011.5,19.2,125,21.0,0
2024-03-14,36.2,25.6,29.5,65,0.5,2.0,1011.2,21.7,132,21.5,0
2024-03-15,35.7,24.7,29.0,64,0.0,0.0,1011.5,22.5,140,20.4,0
2024-03-16,37.1,24.4,29.3,65,0.0,0.0,1011.9,22.0,136,21.0,0
2024-03-17,36.9,24.6,29.6,62,0.2,2.0,1011.3,23.0,131,20.5,0
2024-03-18,37.0,24.7,29.2,65,0.0,0.0,1010.3,27.6,136,21.1,0
2024-03-19,37.2,24.9,29.4,63,0.0,0.0,1010.9,30.1,125,20.5,0
2024-03-20,36.5,23.6,29.3,59,0.0,0.0,1011.7,21.8,113,19.6,0
2024-03-21,36.1,25.3,29.5,59,1.2,4.0,1010.4,20.9,126,20.2,0
2024-03-22,36.6,25.4,29.4,62,0.0,0.0,1008.5,26.4,130,20.8,0
2024-03-23,34.3,25.5,29.1,68,0.7,3.0,1009.3,21.4,133,22.2,0
2024-03-24,35.9,25.5,29.5,68,0.0,0.0,1010.7,20.8,135,22.1,0
2024-03-25,36.4,25.3,29.6,69,0.0,0.0,1010.4,22.1,135,22.7,0
2024-03-26,38.1,25.8,30.5,62,0.0,0.0,1011.2,25.2,129,21.5,0
2024-03-27,36.9,26.8,30.7,60,0.6,3.0,1012.2,18.5,121,21.4,0
2024-03-28,36.0,26.3,30.4,66,0.0,0.0,1010.7,16.1,143,22.9,0
2024-03-29,36.0,26.1,30.1,69,0.1,1.0,1010.4,20.9,138,23.2,0
2024-03-30,36.6,26.4,30.4,69,0.0,0.0,1011.6,19.8,134,23.3,0
2024-03-31,36.8,26.1,30.5,69,0.6,2.0,1011.0,16.3,141,23.5,0
2024-04-01,36.2,26.6,30.6,70,0.2,2.0,1009.0,17.6,154,23.8,0
2024-04-02,36.0,27.2,30.4,68,0.2,2.0,1008.2,17.6,151,23.3,0
2024-04-03,36.4,26.1,30.5,66,0.0,0.0,1008.7,18.8,152,22.5,0
2024-04-04,36.4,26.8,30.7,66,0.2,2.0,1008.1,19.3,146,23.1,0
2024-04-05,35.9,27.2,30.4,68,0.5,5.0,1007.8,22.5,143,23.3,0
2024-04-06,35.7,26.6,30.3,62,0.0,0.0,1008.3,19.8,135,21.6,0
2024-04-07,37.2,26.3,30.6,66,0.0,0.0,1007.7,22.7,130,22.9,0
2024-04-08,36.6,26.5,30.8,67,0.0,0.0,1008.3,22.1,133,23.3,0
2024-04-09,39.1,26.7,31.2,62,0.0,0.0,1008.6,23.9,125,22.0,0
2024-04-10,38.0,26.8,31.5,56,0.0,0.0,1009.7,23.9,116,20.7,0
2024-04-11,39.2,26.6,31.4,56,0.4,1.0,1009.0,20.7,122,20.8,0
2024-04-12,39.2,26.7,31.4,59,0.0,0.0,1008.7,23.5,129,21.3,0
2024-04-13,35.2,27.5,30.7,65,0.2,2.0,1008.8,18.5,136,23.0,0
2024-04-14,37.2,26.3,30.6,65,0.0,0.0,1009.5,24.5,138,22.6,0
2024-04-15,36.4,26.9,30.7,66,0.1,1.0,1010.1,21.2,140,23.0,0
2024-04-16,37.8,27.0,31.1,65,0.0,0.0,1008.7,25.2,134,22.8,0
2024-04-17,36.7,27.1,31.0,62,0.0,0.0,1008.4,19.7,144,22.2,0
2024-04-18,37.2,25.8,30.7,64,0.0,0.0,1007.5,20.8,157,22.4,0
2024-04-19,36.7,26.6,30.6,67,0.7,6.0,1006.5,19.0,156,23.2,0
2024-04-20,36.4,26.7,30.8,63,0.2,1.0,1006.5,18.5,151,22.3,0
2024-04-21,37.3,26.6,31.0,61,0.1,1.0,1007.2,19.8,152,22.0,0
2024-04-22,36.7,27.0,31.2,63,0.0,0.0,1007.0,18.8,145,22.8,0
2024-04-23,37.1,26.5,31.2,62,0.0,0.0,1006.8,18.5,148,22.1,0
2024-04-24,37.8,27.5,31.7,65,0.0,0.0,1006.5,20.0,143,23.7,0
2024-04-25,38.4,27.9,32.1,66,0.0,0.0,1006.6,20.8,141,24.2,0
2024-04-26,37.7,28.4,32.0,66,0.3,2.0,1006.3,21.4,147,24.2,0
2024-04-27,38.2,27.8,32.1,66,0.0,0.0,1006.0,18.4,146,24.2,0
2024-04-28,37.9,28.0,32.1,64,0.6,2.0,1007.3,18.0,156,23.7,0
2024-04-29,38.5,27.6,32.1,66,0.3,3.0,1007.5,21.8,156,24.2,0
2024-04-30,38.3,27.8,32.1,67,0.2,2.0,1005.7,20.9,153,24.5,0
2024-05-01,37.8,28.1,32.2,65,0.0,0.0,1005.1,19.2,158,24.2,0
2024-05-02,38.2,29.3,32.5,62,0.7,5.0,1006.2,19.3,152,23.6,0
2024-05-03,37.9,28.9,32.5,62,0.1,1.0,1007.0,19.5,139,23.8,0
2024-05-04,37.5,27.9,30.9,68,4.6,7.0,1007.3,11.6,142,24.0,0
2024-05-05,34.9,27.1,29.7,76,8.0,7.0,1007.3,16.4,144,24.7,0
2024-05-06,33.3,27.0,29.8,77,0.1,1.0,1008.1,15.2,129,25.0,0
2024-05-07,33.4,26.7,29.5,78,9.8,5.0,1009.4,16.8,125,25.1,0
2024-05-08,35.1,26.9,30.2,75,1.0,2.0,1008.3,13.6,108,25.0,0
2024-05-09,35.6,27.5,30.4,74,3.6,8.0,1007.9,20.7,119,24.9,0
2024-05-10,34.9,27.4,30.5,72,1.0,6.0,1008.2,22.8,121,24.6,0
2024-05-11,36.1,27.4,30.6,74,2.2,3.0,1009.0,20.6,128,25.2,0
2024-05-12,35.3,27.8,30.7,74,2.2,8.0,1008.5,19.4,129,25.2,0
2024-05-13,35.2,26.7,30.4,75,7.4,12.0,1007.8,23.2,150,25.0,0
2024-05-14,35.7,26.2,30.4,73,1.2,3.0,1008.1,16.0,113,24.6,0
2024-05-15,35.3,26.9,30.1,74,7.7,8.0,1008.6,25.9,123,24.8,0
2024-05-16,33.4,26.5,29.1,81,5.2,7.0,1008.5,14.1,112,25.5,0
2024-05-17,32.6,26.6,29.3,81,4.1,5.0,1008.1,17.2,145,25.6,0
2024-05-18,34.3,26.0,29.3,80,0.2,2.0,1006.5,17.2,146,25.2,0
2024-05-19,33.5,26.4,29.1,83,6.1,8.0,1005.4,11.5,193,25.7,0
2024-05-20,32.0,25.8,28.1,86,49.9,15.0,1005.9,13.3,167,25.3,1
2024-05-21,32.3,25.4,27.9,85,34.2,12.0,1006.8,10.1,188,24.9,1
2024-05-22,33.4,25.8,29.0,82,7.1,5.0,1007.0,13.8,183,25.4,0
2024-05-23,32.4,26.5,29.0,85,9.1,6.0,1006.9,15.2,154,26.0,0
2024-05-24,34.2,26.8,30.0,79,0.6,3.0,1006.9,15.5,120,25.6,0
2024-05-25,33.7,27.2,30.3,78,0.6,3.0,1007.2,14.8,139,25.8,0
2024-05-26,33.7,26.3,29.3,82,2.0,8.0,1008.2,14.1,167,25.8,0
2024-05-27,34.5,27.1,30.1,80,1.4,5.0,1006.6,10.4,207,26.0,0
2024-05-28,32.7,25.2,28.6,84,28.1,11.0,1006.9,10.5,258,25.4,1
2024-05-29,33.8,26.7,28.9,83,20.8,7.0,1006.3,16.3,260,25.6,1
2024-05-30,31.4,26.2,28.2,87,12.5,13.0,1006.7,17.2,224,25.7,0
2024-05-31,32.0,25.9,27.7,86,15.2,11.0,1007.8,19.4,205,25.2,1
2024-06-01,33.3,25.8,28.5,83,3.5,5.0,1009.5,15.3,221,25.0,0
2024-06-02,33.7,25.7,29.4,80,0.4,2.0,1009.7,12.3,330,25.3,0
2024-06-03,34.6,26.4,29.8,77,0.8,2.0,1008.4,17.8,294,25.2,0
2024-06-04,34.6,26.4,30.3,76,0.0,0.0,1007.6,10.2,248,25.3,0
2024-06-05,34.0,27.4,29.6,80,5.6,6.0,1008.6,13.0,238,25.7,0
2024-06-06,34.2,27.0,30.0,77,0.1,1.0,1008.8,9.9,287,25.2,0
2024-06-07,33.3,26.9,29.1,79,1.7,7.0,1007.5,9.3,268,24.9,0
2024-06-08,34.1,26.0,28.9,79,12.7,6.0,1006.4,12.6,240,24.5,0
2024-06-09,30.9,26.1,27.6,84,10.3,10.0,1007.0,22.9,230,24.6,0
2024-06-10,31.0,25.6,27.2,84,10.2,8.0,1009.0,18.7,218,24.2,0
2024-06-11,33.3,25.1,28.6,78,0.5,3.0,1009.7,18.4,229,24.2,0
2024-06-12,33.6,25.5,28.9,78,2.3,4.0,1009.8,18.5,268,24.5,0
2024-06-13,34.5,26.0,29.4,78,2.0,5.0,1007.9,17.9,279,24.9,0
2024-06-14,33.8,26.4,29.0,81,10.7,5.0,1006.0,19.2,248,25.3,0
2024-06-15,33.8,25.8,28.5,83,5.3,7.0,1005.9,15.2,184,25.1,0
2024-06-16,33.2,26.1,28.6,78,0.2,1.0,1007.0,16.2,208,24.1,0
2024-06-17,33.7,25.4,28.0,82,6.4,7.0,1007.7,22.6,219,24.4,0
2024-06-18,34.0,25.4,28.6,81,8.5,8.0,1006.9,16.6,235,24.7,0
2024-06-19,33.4,25.5,28.6,81,6.8,5.0,1005.9,24.6,238,24.8,0
2024-06-20,31.8,26.0,27.4,87,31.0,19.0,1005.5,18.1,253,25.0,1
2024-06-21,31.8,25.3,27.1,87,17.8,15.0,1004.9,14.3,260,24.5,1
2024-06-22,28.6,25.1,26.4,89,32.5,23.0,1005.4,20.6,239,24.4,1
2024-06-23,30.1,24.5,26.4,88,16.3,17.0,1007.0,22.4,225,24.3,1
2024-06-24,30.6,24.4,26.7,87,16.3,19.0,1007.3,20.9,214,24.4,1
2024-06-25,31.3,25.0,27.7,83,2.5,8.0,1006.9,13.7,241,24.3,0
2024-06-26,32.6,24.7,28.2,79,1.3,3.0,1007.3,11.6,297,24.0,0
2024-06-27,31.2,25.3,27.2,86,19.8,16.0,1008.6,9.8,107,24.6,0
2024-06-28,31.3,24.9,27.5,86,9.3,10.0,1008.6,17.3,140,24.9,0
2024-06-29,31.5,25.7,28.3,84,2.2,9.0,1009.0,20.9,157,25.2,0
2024-06-30,32.7,25.5,28.0,83,4.8,4.0,1009.5,11.7,208,24.6,0
2024-07-01,31.2,24.7,27.9,84,1.7,10.0,1008.2,16.9,258,24.8,0
2024-07-02,32.3,25.1,27.3,86,17.1,15.0,1006.6,12.5,275,24.6,1
2024-07-03,31.1,24.9,27.1,87,16.1,19.0,1008.1,15.5,217,24.6,0
2024-07-04,29.7,24.0,26.2,89,19.7,19.0,1009.7,12.5,215,24.3,0
2024-07-05,32.2,24.1,27.1,85,6.0,5.0,1007.7,18.5,260,24.1,0
2024-07-06,32.3,24.2,27.8,82,7.3,9.0,1006.0,15.2,191,24.3,0
2024-07-07,30.7,25.2,27.5,86,5.3,11.0,1006.9,16.6,173,24.8,0
2024-07-08,31.3,25.2,27.6,86,2.1,10.0,1006.8,15.6,184,25.0,0
2024-07-09,31.6,24.8,27.5,84,18.7,8.0,1008.3,14.2,214,24.4,0
2024-07-10,31.6,24.7,27.2,85,2.1,8.0,1009.4,18.9,206,24.4,0
2024-07-11,30.2,24.6,26.4,89,15.9,15.0,1008.3,18.7,238,24.3,0
2024-07-12,30.4,24.6,26.5,88,12.8,14.0,1006.6,20.6,234,24.2,0
2024-07-13,30.2,24.9,26.6,87,21.9,14.0,1004.9,20.9,248,24.2,1
2024-07-14,30.9,25.2,26.7,86,19.5,15.0,1005.1,27.0,256,24.1,1
2024-07-15,30.9,24.9,26.6,87,19.1,11.0,1005.0,20.4,255,24.2,1
2024-07-16,30.5,24.5,26.3,89,15.4,13.0,1005.3,18.9,237,24.4,1
2024-07-17,29.3,24.6,26.0,90,14.7,19.0,1006.0,24.4,222,24.2,1
2024-07-18,31.0,24.5,26.6,89,17.7,21.0,1007.1,21.8,231,24.4,1
2024-07-19,29.2,24.3,26.2,89,17.0,15.0,1007.1,20.3,235,24.2,1
2024-07-20,28.9,24.3,26.0,90,17.1,21.0,1007.5,15.2,246,24.2,1
2024-07-21,31.1,24.6,26.8,87,16.1,12.0,1007.3,22.2,245,24.4,1
2024-07-22,31.3,25.0,27.0,88,14.3,11.0,1007.7,23.1,233,24.7,1
2024-07-23,30.9,25.2,27.6,84,5.5,5.0,1007.3,18.8,240,24.7,0
2024-07-24,31.6,25.3,28.0,82,7.0,4.0,1005.5,20.3,242,24.6,0
2024-07-25,31.6,25.2,27.3,86,20.9,15.0,1004.5,20.6,237,24.6,1
2024-07-26,29.3,24.6,27.0,88,5.8,6.0,1005.9,20.6,226,24.8,0
2024-07-27,29.3,24.7,26.4,90,26.3,15.0,1007.5,25.2,213,24.5,1
2024-07-28,29.5,24.9,26.8,87,2.1,6.0,1007.5,14.8,219,24.3,0
2024-07-29,31.2,24.4,27.2,86,7.7,8.0,1007.1,16.1,227,24.6,0
2024-07-30,32.1,24.4,27.4,87,9.7,9.0,1008.4,13.6,230,24.9,0
2024-07-31,32.3,24.7,27.8,84,3.3,4.0,1009.9,18.0,235,24.7,0
2024-08-01,32.1,25.4,27.8,85,23.1,9.0,1010.0,19.9,206,24.8,1
2024-08-02,32.0,25.0,27.6,84,24.3,11.0,1009.2,15.8,253,24.6,1
2024-08-03,31.3,24.5,27.3,86,8.4,12.0,1009.2,11.3,203,24.6,0
2024-08-04,31.0,24.5,26.6,88,8.6,5.0,1009.3,12.3,277,24.3,0
2024-08-05,31.2,23.8,26.3,89,27.2,12.0,1008.5,16.8,254,24.3,1
2024-08-06,31.6,24.3,26.8,88,14.9,7.0,1007.7,13.8,245,24.5,1
2024-08-07,30.6,24.4,27.0,87,14.6,9.0,1008.4,15.1,236,24.7,0
2024-08-08,32.4,24.4,28.1,83,1.1,8.0,1009.0,14.7,226,24.8,0
2024-08-09,32.3,25.5,28.4,82,3.0,10.0,1008.4,13.3,223,24.8,0
2024-08-10,32.9,25.2,28.6,82,1.0,4.0,1007.1,14.2,239,25.1,0
2024-08-11,32.9,25.5,28.6,83,4.6,5.0,1005.6,18.2,229,25.2,0
2024-08-12,31.8,25.3,27.7,85,12.3,12.0,1006.4,24.2,224,24.8,0
2024-08-13,32.7,24.4,28.1,82,0.2,1.0,1007.3,17.1,227,24.6,0
2024-08-14,32.9,25.4,28.5,84,0.7,5.0,1007.2,14.0,221,25.3,0
2024-08-15,32.5,25.1,28.3,85,13.1,10.0,1006.6,12.0,227,25.3,0
2024-08-16,32.5,25.3,28.1,85,2.7,6.0,1006.6,13.4,205,25.2,0
2024-08-17,32.4,25.3,27.8,85,4.1,6.0,1008.1,13.2,181,25.0,0
2024-08-18,33.2,24.8,28.6,80,0.2,2.0,1008.2,12.4,210,24.5,0
2024-08-19,33.6,25.4,29.1,78,0.1,1.0,1007.8,12.2,199,24.6,0
2024-08-20,32.5,25.3,28.5,81,1.9,5.0,1008.6,11.2,213,24.6,0
2024-08-21,33.2,24.9,28.2,82,4.8,4.0,1009.4,13.6,210,24.5,0
2024-08-22,32.8,24.9,28.2,82,2.6,5.0,1009.2,13.7,163,24.7,0
2024-08-23,31.7,24.8,27.8,83,1.4,7.0,1010.0,15.2,219,24.5,0
2024-08-24,32.1,24.8,27.3,84,7.1,10.0,1009.5,14.7,176,24.1,0
2024-08-25,31.8,23.8,26.8,85,13.0,10.0,1008.3,14.4,265,23.8,0
2024-08-26,31.9,24.4,26.9,86,28.1,17.0,1008.0,16.1,240,24.2,1
2024-08-27,30.6,24.7,26.8,89,5.8,13.0,1008.2,21.4,231,24.7,0
2024-08-28,30.9,24.9,27.0,87,15.0,16.0,1008.0,22.5,231,24.6,0
2024-08-29,30.0,23.9,26.9,85,7.9,14.0,1008.3,22.9,239,24.0,0
2024-08-30,31.1,24.9,26.9,85,14.3,9.0,1007.9,22.6,266,24.1,1
2024-08-31,30.0,24.6,26.7,87,18.2,18.0,1007.6,18.2,287,24.2,1
2024-09-01,29.2,24.5,26.3,89,25.2,18.0,1006.5,9.9,265,24.3,1
2024-09-02,28.4,24.1,26.1,89,14.8,11.0,1006.9,20.5,216,24.2,1
2024-09-03,29.9,24.5,26.5,88,10.9,9.0,1008.2,25.7,224,24.4,0
2024-09-04,30.6,24.9,27.1,86,3.7,8.0,1006.7,22.6,237,24.5,0
2024-09-05,31.7,25.2,27.4,86,12.1,13.0,1004.5,22.9,256,24.7,0
2024-09-06,30.6,25.7,27.1,86,5.7,11.0,1004.8,28.4,242,24.5,0
2024-09-07,31.7,25.3,27.5,85,16.7,10.0,1007.0,24.8,233,24.7,1
2024-09-08,31.5,25.3,27.7,85,18.1,7.0,1008.5,18.7,235,24.8,0
2024-09-09,32.1,25.1,28.1,82,6.5,10.0,1006.7,17.3,271,24.6,0
2024-09-10,32.5,25.3,27.5,86,7.5,12.0,1006.2,17.6,255,24.9,0
2024-09-11,31.4,24.9,27.2,88,10.1,13.0,1007.6,13.5,262,25.0,0
2024-09-12,31.7,24.8,27.1,88,12.4,12.0,1007.8,13.4,256,24.8,0
2024-09-13,31.7,25.1,27.0,88,27.0,17.0,1006.6,19.3,250,24.7,1
2024-09-14,29.6,25.0,26.2,90,21.5,23.0,1005.3,18.4,238,24.5,1
2024-09-15,29.8,25.0,26.6,89,13.4,15.0,1004.6,16.3,241,24.5,0
2024-09-16,31.3,24.8,27.0,86,23.8,14.0,1003.7,17.9,266,24.3,1
2024-09-17,29.0,24.9,26.1,89,12.4,20.0,1002.2,19.5,276,24.2,0
2024-09-18,29.4,23.8,25.8,91,52.6,22.0,1001.5,18.1,278,24.1,1
2024-09-19,29.6,24.3,26.3,89,10.6,15.0,1001.9,20.4,243,24.3,0
2024-09-20,30.0,25.1,26.8,87,5.5,8.0,1003.8,22.8,222,24.5,0
2024-09-21,28.3,24.9,26.0,90,21.7,16.0,1006.0,20.1,217,24.2,1
2024-09-22,29.3,24.5,26.2,90,12.3,20.0,1007.3,17.0,205,24.4,0
2024-09-23,31.2,24.7,26.7,88,26.1,9.0,1009.3,14.0,185,24.4,1
2024-09-24,31.6,24.7,27.4,86,3.9,10.0,1009.4,9.0,160,24.7,0
2024-09-25,30.8,23.9,27.1,87,4.7,10.0,1009.9,10.9,63,24.8,0
2024-09-26,31.4,23.6,26.7,87,8.3,10.0,1009.8,15.8,108,24.2,0
2024-09-27,30.8,24.5,27.1,86,5.6,10.0,1009.6,20.4,103,24.4,0
2024-09-28,32.1,25.0,28.2,82,1.3,11.0,1008.7,12.0,140,24.6,0
2024-09-29,32.3,25.4,28.1,84,8.7,8.0,1008.4,9.8,204,25.0,0
2024-09-30,32.7,25.3,27.9,86,13.1,10.0,1007.5,11.9,205,25.2,0
2024-10-01,32.4,25.4,27.9,86,8.1,9.0,1007.2,12.2,217,25.1,0
2024-10-02,32.2,25.0,27.6,88,10.6,9.0,1008.8,14.9,163,25.2,0
2024-10-03,30.7,24.9,26.8,89,9.8,11.0,1009.6,15.5,127,24.7,0
2024-10-04,31.1,24.1,26.8,87,5.6,8.0,1009.5,12.5,323,24.4,0
2024-10-05,31.8,23.9,27.2,85,4.7,4.0,1008.7,11.5,319,24.2,0
2024-10-06,30.3,24.3,26.7,85,24.2,15.0,1009.9,11.6,314,23.8,1
2024-10-07,31.2,23.8,26.4,88,23.4,9.0,1010.3,10.6,337,24.1,1
2024-10-08,30.5,24.3,26.4,87,19.3,10.0,1009.9,12.1,198,24.1,0
2024-10-09,30.6,24.3,26.6,88,15.2,11.0,1008.9,13.3,94,24.3,0
2024-10-10,31.7,24.7,27.0,86,12.3,11.0,1008.4,15.8,302,24.4,0
2024-10-11,30.9,24.4,27.1,88,1.6,8.0,1008.3,12.9,330,25.0,0
2024-10-12,31.1,24.9,26.7,90,7.6,9.0,1009.1,12.5,3,24.8,0
2024-10-13,32.3,24.4,27.4,86,14.0,4.0,1008.7,11.9,356,24.7,0
2024-10-14,32.1,24.0,27.3,86,9.8,6.0,1008.1,11.5,256,24.5,0
2024-10-15,31.0,24.6,26.7,88,29.1,22.0,1009.2,13.7,82,24.5,1
2024-10-16,30.3,24.8,26.5,87,7.3,13.0,1009.7,14.3,127,24.0,0
2024-10-17,30.5,24.8,26.6,87,19.6,15.0,1009.6,21.6,105,24.2,0
2024-10-18,28.9,23.9,25.9,90,2.9,9.0,1009.6,13.7,170,24.1,0
2024-10-19,29.6,24.1,26.1,90,8.4,11.0,1010.0,12.2,172,24.3,0
2024-10-20,30.6,24.0,26.2,88,6.8,13.0,1010.9,16.8,288,24.0,0
2024-10-21,31.1,23.7,26.4,87,16.1,12.0,1009.5,17.3,344,23.9,0
2024-10-22,30.6,23.4,26.1,87,10.8,13.0,1008.6,15.5,326,23.7,0
2024-10-23,29.3,24.4,26.3,88,10.0,11.0,1008.5,11.7,317,24.1,0
2024-10-24,31.7,24.0,27.5,82,0.6,4.0,1008.1,14.3,307,23.8,0
2024-10-25,31.9,23.1,27.2,80,1.0,4.0,1007.1,16.5,304,23.2,0
2024-10-26,32.5,24.3,27.9,79,0.1,1.0,1005.3,20.7,285,23.5,0
2024-10-27,26.9,24.5,25.6,88,7.3,12.0,1004.9,12.4,276,23.5,0
2024-10-28,26.9,23.6,24.8,92,41.9,17.0,1005.5,12.9,235,23.3,1
2024-10-29,29.2,23.7,25.6,89,9.2,12.0,1007.2,16.2,239,23.5,0
2024-10-30,31.3,23.4,26.4,87,4.7,10.0,1008.6,14.3,287,24.0,0
2024-10-31,31.5,23.4,26.9,85,0.2,2.0,1008.0,14.3,293,23.9,0
2024-11-01,31.8,24.2,27.1,85,10.5,8.0,1008.5,11.1,303,24.2,0
2024-11-02,30.3,23.9,26.6,85,3.8,12.0,1009.8,14.4,115,23.7,0
2024-11-03,31.6,23.2,26.7,84,1.8,4.0,1009.8,11.4,348,23.5,0
2024-11-04,30.3,23.5,26.3,88,14.3,8.0,1009.6,15.2,42,24.1,0
2024-11-05,30.9,23.1,26.3,86,1.2,4.0,1010.0,13.6,28,23.6,0
2024-11-06,30.9,24.3,26.5,88,8.8,8.0,1010.2,14.2,297,24.2,0
2024-11-07,31.0,23.4,26.7,85,5.3,2.0,1010.2,8.8,348,23.9,0
2024-11-08,31.4,23.5,26.7,84,3.8,3.0,1009.9,10.5,28,23.6,0
2024-11-09,31.4,24.1,26.7,84,7.7,6.0,1009.7,8.3,324,23.6,0
2024-11-10,31.9,23.8,27.4,83,0.6,4.0,1010.1,12.4,344,23.9,0
2024-11-11,31.8,23.7,27.6,81,0.2,2.0,1009.2,13.3,230,23.7,0
2024-11-12,30.7,23.8,27.2,85,1.6,8.0,1008.3,10.0,217,24.3,0
2024-11-13,31.6,24.3,27.2,86,2.8,8.0,1008.1,8.1,131,24.4,0
2024-11-14,32.3,24.9,28.3,78,0.0,0.0,1008.4,10.7,122,23.8,0
2024-11-15,32.0,24.9,28.1,80,1.0,7.0,1008.4,9.4,134,24.2,0
2024-11-16,34.1,24.3,28.8,72,0.0,0.0,1008.2,11.0,107,22.5,0
2024-11-17,33.7,24.5,28.7,73,0.1,1.0,1008.0,10.9,123,22.7,0
2024-11-18,34.2,23.0,28.9,70,0.0,0.0,1008.1,8.5,92,22.1,0
2024-11-19,33.8,24.5,28.9,71,0.9,6.0,1008.8,8.9,21,22.6,0
2024-11-20,35.2,24.3,28.2,75,1.4,5.0,1008.6,13.0,32,22.8,0
2024-11-21,33.0,24.1,27.7,81,5.9,5.0,1007.9,8.7,27,23.9,0
2024-11-22,33.3,24.0,28.2,78,0.5,2.0,1008.2,8.9,8,23.5,0
2024-11-23,33.8,23.7,28.2,78,0.3,2.0,1008.7,10.0,32,23.6,0
2024-11-24,33.2,24.8,27.9,81,3.8,8.0,1008.9,13.8,358,24.1,0
2024-11-25,34.2,24.1,28.9,72,0.1,1.0,1008.6,10.8,57,22.8,0
2024-11-26,34.8,24.8,29.7,67,0.0,0.0,1007.8,8.9,33,22.3,0
2024-11-27,34.5,24.1,29.1,65,0.9,5.0,1008.2,11.1,12,21.4,0
2024-11-28,33.7,25.0,28.8,61,0.7,3.0,1009.3,16.5,22,20.2,0
2024-11-29,30.8,24.1,27.0,63,0.0,0.0,1009.6,15.7,20,19.1,0
2024-11-30,33.5,23.0,27.8,59,0.0,0.0,1008.5,9.4,10,18.7,0
2024-12-01,33.4,25.1,28.5,69,0.3,2.0,1007.5,11.1,315,21.9,0
2024-12-02,34.2,25.8,28.7,73,0.7,6.0,1007.1,8.2,176,23.0,0
2024-12-03,28.4,25.4,26.6,87,4.5,11.0,1007.7,5.0,245,24.3,0
2024-12-04,31.4,23.1,26.7,85,2.0,7.0,1007.5,8.1,356,23.6,0
2024-12-05,29.6,23.6,26.4,86,1.2,6.0,1007.3,12.5,336,23.8,0
2024-12-06,31.5,23.5,27.0,86,4.2,6.0,1007.8,10.0,69,24.2,0
2024-12-07,29.7,23.6,26.2,91,4.4,11.0,1008.7,7.3,28,24.5,0
2024-12-08,32.1,23.7,27.6,78,0.0,0.0,1008.6,10.3,8,23.1,0
2024-12-09,32.0,24.5,27.6,71,0.0,0.0,1007.5,11.6,22,21.7,0
2024-12-10,31.4,23.8,26.7,75,0.9,4.0,1006.8,13.9,4,21.8,0
2024-12-11,30.5,23.2,25.9,86,13.8,10.0,1006.2,11.7,12,23.1,0
2024-12-12,30.0,23.8,26.1,91,14.6,12.0,1006.6,13.6,45,24.3,1
2024-12-13,29.7,24.2,26.3,89,21.0,15.0,1007.7,15.3,88,24.3,1
2024-12-14,27.0,23.8,25.3,93,9.8,17.0,1009.6,9.5,343,24.0,0
2024-12-15,28.8,23.8,25.8,89,9.2,14.0,1010.7,7.7,351,23.7,0
2024-12-16,28.4,22.8,25.3,79,0.0,0.0,1011.1,10.6,7,21.4,0
2024-12-17,29.1,21.6,25.3,79,0.0,0.0,1010.3,9.1,347,21.4,0
2024-12-18,30.8,21.4,25.9,79,0.1,1.0,1009.7,9.8,357,21.7,0
2024-12-19,30.5,22.3,26.1,78,0.1,1.0,1009.9,11.9,354,21.8,0
2024-12-20,30.3,20.8,25.4,76,0.0,0.0,1009.8,7.0,341,20.6,0
2024-12-21,29.4,19.5,24.7,76,0.0,0.0,1010.5,8.2,325,20.0,0
2024-12-22,27.8,19.6,24.0,72,0.0,0.0,1010.0,9.4,340,18.4,0
2024-12-23,31.2,19.6,25.1,72,0.0,0.0,1008.8,12.8,329,19.4,0
2024-12-24,30.5,23.6,26.8,64,0.0,0.0,1009.4,17.8,358,19.4,0
2024-12-25,32.4,23.6,27.7,60,0.0,0.0,1009.8,18.7,4,19.1,0
2024-12-26,31.5,23.9,27.6,72,1.0,7.0,1011.4,14.6,81,22.0,0
2024-12-27,32.9,24.3,26.6,85,17.3,6.0,1012.1,11.4,25,23.6,0
2024-12-28,31.0,23.8,25.9,89,8.8,10.0,1012.1,10.5,278,23.7,0
2024-12-29,30.4,21.9,25.8,78,0.0,0.0,1011.6,12.3,2,21.3,0
2024-12-30,30.4,20.5,25.4,76,0.0,0.0,1011.4,7.9,327,20.7,0
2024-12-31,30.4,21.8,26.0,78,0.0,0.0,1010.4,13.4,6,21.6,0
2025-01-01,28.6,22.3,25.3,77,0.0,0.0,1009.2,9.4,3,20.9,0
2025-01-02,30.7,22.4,26.0,81,0.3,3.0,1009.2,8.6,352,22.4,0
2025-01-03,30.6,23.4,26.6,79,0.8,2.0,1009.4,8.3,39,22.5,0
2025-01-04,31.7,22.3,26.9,72,0.2,2.0,1009.4,12.0,344,20.9,0
2025-01-05,33.1,22.6,27.1,71,0.0,0.0,1010.4,10.2,5,20.5,0
2025-01-06,32.4,21.9,27.0,68,0.0,0.0,1010.4,10.1,330,19.9,0
2025-01-07,32.6,21.6,27.0,72,0.0,0.0,1010.7,11.4,166,20.7,0
2025-01-08,33.1,22.6,27.4,69,0.0,0.0,1010.5,11.8,217,20.3,0
2025-01-09,32.6,22.1,27.2,65,0.0,0.0,1011.3,9.5,358,19.5,0
2025-01-10,33.6,23.9,28.1,58,0.0,0.0,1012.6,13.1,19,18.4,0
2025-01-11,33.0,22.3,27.1,51,0.0,0.0,1013.4,14.5,11,15.7,0
2025-01-12,31.8,21.3,26.3,52,0.0,0.0,1012.6,12.7,8,15.4,0
2025-01-13,31.0,19.5,25.4,53,0.0,0.0,1011.8,9.9,317,14.9,0
2025-01-14,34.0,22.0,26.4,70,9.5,7.0,1011.4,13.7,24,19.8,0
2025-01-15,31.1,23.3,26.5,84,5.3,1.0,1011.1,8.9,19,23.4,0
2025-01-16,31.2,23.3,26.8,74,0.7,5.0,1011.3,15.3,27,21.5,0
2025-01-17,30.4,20.8,25.3,69,0.0,0.0,1010.6,11.4,45,18.8,0
2025-01-18,31.0,20.4,25.6,72,0.0,0.0,1010.1,9.7,318,19.9,0
2025-01-19,31.8,21.7,26.4,77,0.0,0.0,1009.0,10.4,320,21.5,0
2025-01-20,31.8,21.8,26.3,72,0.0,0.0,1008.9,13.2,176,20.2,0
2025-01-21,32.8,21.1,26.5,66,0.0,0.0,1009.6,10.0,19,18.7,0
2025-01-22,34.0,21.3,26.5,66,0.0,0.0,1009.9,16.9,151,18.7,0
2025-01-23,34.3,22.8,27.7,66,0.0,0.0,1009.8,10.9,157,19.9,0
2025-01-24,34.9,23.1,27.8,67,0.3,2.0,1008.8,12.6,124,20.5,0
2025-01-25,34.3,23.6,27.7,66,0.0,0.0,1008.8,13.9,135,20.2,0
2025-01-26,34.0,23.8,27.9,65,0.4,3.0,1009.2,15.0,109,20.1,0
2025-01-27,32.6,21.6,26.8,61,0.0,0.0,1009.5,12.1,272,18.1,0
2025-01-28,32.9,21.4,26.5,61,0.0,0.0,1012.0,11.4,275,17.7,0
2025-01-29,31.9,19.5,25.4,58,0.0,0.0,1013.4,12.6,104,15.6,0
2025-01-30,30.7,20.3,25.6,62,0.0,0.0,1010.8,8.1,296,17.0,0
2025-01-31,32.8,20.4,26.9,62,0.0,0.0,1009.5,9.8,295,17.8,0
2025-02-01,33.8,22.4,27.4,67,0.0,0.0,1008.6,14.4,190,19.7,0
2025-02-02,34.6,22.1,27.6,63,0.0,0.0,1008.7,13.5,142,18.7,0
2025-02-03,34.6,23.3,28.1,65,0.0,0.0,1009.1,12.7,136,20.1,0
2025-02-04,34.3,23.8,28.2,56,0.0,0.0,1010.1,12.0,286,18.0,0
2025-02-05,34.0,22.0,27.2,57,0.0,0.0,1009.7,17.2,121,17.1,0
2025-02-06,33.3,21.7,26.8,66,0.0,0.0,1009.6,13.8,24,19.0,0
2025-02-07,33.8,21.7,27.4,61,0.0,0.0,1009.9,11.8,271,18.0,0
2025-02-08,34.7,22.9,28.0,57,0.0,0.0,1009.9,12.1,282,17.7,0
2025-02-09,33.1,21.6,27.1,54,0.0,0.0,1010.3,12.5,45,16.5,0
2025-02-10,33.4,22.8,27.5,55,0.0,0.0,1010.5,11.5,273,17.2,0
2025-02-11,34.4,24.4,28.1,67,7.6,4.0,1010.4,17.2,175,20.7,0
2025-02-12,32.6,23.5,27.7,77,6.7,13.0,1010.4,10.3,236,22.8,0
2025-02-13,31.1,24.0,26.6,85,4.7,11.0,1011.0,9.4,151,23.8,0
2025-02-14,31.6,23.6,27.0,83,5.2,14.0,1010.2,9.6,154,23.6,0
2025-02-15,31.8,23.3,26.8,81,2.4,12.0,1009.4,13.4,130,23.0,0
2025-02-16,32.6,23.7,27.5,75,0.6,5.0,1010.2,13.5,120,22.4,0
2025-02-17,33.0,23.2,27.6,70,0.2,2.0,1011.1,12.5,124,21.2,0
2025-02-18,34.0,23.5,27.8,70,1.2,5.0,1011.3,15.3,127,21.2,0
2025-02-19,33.7,23.3,27.2,78,11.8,2.0,1011.1,12.6,164,22.6,0
2025-02-20,34.3,23.7,28.2,72,0.3,1.0,1010.8,12.9,125,22.0,0
2025-02-21,33.8,24.8,28.0,71,2.2,5.0,1011.5,10.9,99,21.8,0
2025-02-22,31.8,23.8,27.0,81,1.7,4.0,1011.8,12.6,65,23.1,0
2025-02-23,31.5,24.4,27.4,78,1.5,4.0,1012.7,16.9,74,23.0,0
2025-02-24,32.7,24.4,27.8,76,0.2,2.0,1013.1,18.6,82,22.8,0
2025-02-25,32.3,22.9,27.8,72,0.2,2.0,1014.0,15.6,71,21.7,0
2025-02-26,34.2,24.4,28.5,68,0.1,1.0,1013.6,8.3,67,21.4,0
2025-02-27,35.3,24.1,28.7,66,0.0,0.0,1011.6,13.7,133,21.1,0
2025-02-28,35.9,24.2,28.9,60,0.0,0.0,1010.9,17.0,124,19.8,0
2025-03-01,36.4,24.0,28.3,65,0.0,0.0,1009.9,18.5,133,20.5,0
2025-03-02,34.9,24.3,28.4,63,0.0,0.0,1008.9,17.8,131,19.8,0
2025-03-03,35.6,24.3,28.9,65,0.0,0.0,1008.1,14.6,138,20.7,0
2025-03-04,35.5,24.4,29.0,71,0.0,0.0,1007.8,14.5,146,22.3,0
2025-03-05,36.0,25.2,29.2,71,0.0,0.0,1007.5,14.9,134,22.7,0
2025-03-06,35.0,25.6,29.1,70,0.6,2.0,1009.1,14.3,130,22.5,0
2025-03-07,35.7,25.0,29.2,68,0.8,4.0,1008.7,13.9,112,22.2,0
2025-03-08,35.2,24.5,29.3,68,0.9,5.0,1009.4,13.4,24,22.1,0
2025-03-09,32.1,24.9,28.8,64,0.9,2.0,1010.8,8.8,42,20.9,0
2025-03-10,35.2,24.8,29.6,68,6.2,6.0,1011.1,15.7,85,22.3,0
2025-03-11,36.4,25.1,30.3,60,0.0,0.0,1009.8,16.5,108,21.1,0
2025-03-12,36.6,25.7,30.0,61,1.0,2.0,1008.7,15.8,119,21.1,0
2025-03-13,35.9,25.8,29.7,62,0.0,0.0,1009.0,17.1,123,21.0,0
2025-03-14,36.6,25.1,29.6,63,0.0,0.0,1009.9,17.0,124,21.0,0
2025-03-15,36.4,24.9,29.4,70,0.0,0.0,1010.0,14.7,138,22.6,0
2025-03-16,35.2,25.4,29.0,72,1.6,4.0,1009.7,17.1,134,22.8,0
2025-03-17,35.5,23.5,28.7,71,8.2,16.0,1010.1,11.9,16,22.4,0
2025-03-18,35.2,24.4,29.3,69,1.1,5.0,1010.7,10.4,129,22.3,0
2025-03-19,36.2,25.5,30.2,57,0.0,0.0,1012.2,12.4,23,19.7,0
2025-03-20,35.7,23.6,29.1,54,0.0,0.0,1013.3,15.1,15,18.1,0
2025-03-21,36.2,23.9,29.4,54,0.0,0.0,1013.2,13.5,33,18.2,0
2025-03-22,36.0,24.2,29.6,59,0.0,0.0,1011.7,13.0,102,19.9,0
2025-03-23,35.6,24.9,29.1,61,0.0,0.0,1011.3,13.9,143,20.0,0
2025-03-24,36.6,23.9,28.6,65,0.0,0.0,1009.7,20.1,132,20.4,0
2025-03-25,33.0,24.5,27.7,66,0.0,0.0,1007.8,15.7,148,20.3,0
2025-03-26,34.2,23.8,28.1,67,0.0,0.0,1006.4,12.3,141,20.8,0
2025-03-27,35.4,24.1,28.5,66,0.0,0.0,1005.8,14.0,143,20.5,0
2025-03-28,34.8,23.7,28.6,69,0.1,1.0,1006.5,14.0,151,21.6,0
2025-03-29,35.7,25.2,29.2,70,0.4,2.0,1007.8,16.6,133,22.6,0
2025-03-30,37.1,26.0,29.9,66,2.1,2.0,1009.1,18.1,122,22.1,0
2025-03-31,33.6,25.0,28.9,71,2.9,8.0,1009.0,10.9,143,22.8,0
2025-04-01,32.5,24.9,27.2,85,21.0,16.0,1009.0,9.0,140,24.2,1
2025-04-02,29.3,24.4,26.6,86,0.8,5.0,1009.8,13.0,122,23.8,0
2025-04-03,32.9,23.9,27.7,75,0.1,1.0,1010.7,11.7,107,22.6,0
2025-04-04,33.6,23.2,27.8,73,0.0,0.0,1010.0,13.1,126,22.1,0
2025-04-05,33.6,23.9,28.0,75,0.0,0.0,1009.6,13.9,132,22.7,0
2025-04-06,33.8,24.5,28.4,73,0.0,0.0,1009.7,14.1,129,22.5,0
2025-04-07,36.1,24.6,29.2,66,0.0,0.0,1010.6,15.6,126,21.4,0
2025-04-08,35.4,24.9,29.5,63,0.1,1.0,1011.1,15.1,121,21.2,0
2025-04-09,35.8,25.7,29.4,68,1.3,3.0,1009.6,14.7,133,22.4,0
2025-04-10,35.7,25.8,29.6,71,1.3,3.0,1007.9,9.9,154,23.2,0
2025-04-11,34.4,25.8,29.0,75,1.0,7.0,1007.5,12.2,144,23.7,0
2025-04-12,35.5,25.3,29.9,71,0.4,3.0,1008.3,12.1,150,23.5,0
2025-04-13,36.3,26.4,30.1,71,1.7,5.0,1008.7,14.7,129,23.6,0
2025-04-14,36.6,26.3,30.1,67,4.7,2.0,1009.3,14.7,115,22.7,0
2025-04-15,35.5,26.3,30.2,65,1.7,7.0,1008.9,15.4,116,22.7,0
2025-04-16,35.6,26.7,29.9,66,1.8,6.0,1009.0,15.8,136,22.5,0
2025-04-17,36.4,26.2,30.1,70,1.7,5.0,1008.6,12.7,139,23.4,0
2025-04-18,36.0,25.5,30.1,70,1.6,6.0,1008.1,13.7,157,23.4,0
2025-04-19,35.9,26.3,30.3,69,0.4,4.0,1007.8,14.0,140,23.3,0
2025-04-20,36.7,26.0,30.4,68,0.0,0.0,1008.4,14.5,138,22.7,0
2025-04-21,35.7,26.4,30.0,72,1.9,7.0,1009.8,15.7,131,23.9,0
2025-04-22,33.2,26.6,29.2,75,3.9,5.0,1009.9,15.5,137,24.0,0
2025-04-23,35.9,25.7,29.3,75,2.8,6.0,1009.0,12.7,160,24.0,0
2025-04-24,34.9,25.4,28.6,80,4.5,5.0,1008.6,14.6,194,24.4,0
2025-04-25,34.7,25.7,29.4,75,3.0,3.0,1009.0,10.1,159,24.1,0
2025-04-26,34.1,24.9,28.4,81,15.2,8.0,1009.4,17.2,112,24.4,0
2025-04-27,34.1,24.5,28.9,75,0.0,0.0,1009.3,12.9,121,23.4,0
2025-04-28,36.1,25.9,30.1,70,0.0,0.0,1008.2,15.1,132,23.1,0
2025-04-29,36.7,25.9,30.7,63,0.1,1.0,1008.3,15.5,125,21.8,0
2025-04-30,36.8,26.6,31.1,58,0.0,0.0,1008.1,15.5,123,21.1,0
2025-05-01,36.0,27.8,30.3,66,2.5,5.0,1008.7,12.4,122,22.9,0
2025-05-02,34.9,27.2,29.9,68,3.2,6.0,1008.2,15.7,128,23.1,0
2025-05-03,32.0,26.0,28.1,81,7.6,10.0,1008.2,12.8,122,24.4,0
2025-05-04,33.2,25.3,28.8,79,1.1,8.0,1007.0,12.6,137,24.4,0
2025-05-05,33.5,25.6,29.0,77,0.9,9.0,1007.3,14.4,163,24.3,0
2025-05-06,34.6,25.7,29.4,76,3.7,8.0,1007.1,12.2,176,24.3,0
2025-05-07,35.4,25.9,29.8,74,3.7,4.0,1006.4,12.3,202,24.3,0
2025-05-08,37.4,26.0,30.9,68,0.4,2.0,1006.3,18.2,217,23.5,0
2025-05-09,37.2,27.3,31.1,68,1.4,4.0,1006.5,11.9,198,23.9,0
2025-05-10,30.3,26.1,28.0,85,8.0,8.0,1006.9,11.6,166,25.1,0
2025-05-11,32.9,25.1,27.8,85,10.5,12.0,1006.1,12.3,222,24.8,0
2025-05-12,32.4,25.1,27.6,85,7.5,10.0,1006.4,11.9,161,24.7,0
2025-05-13,32.8,24.5,27.4,85,7.7,8.0,1008.0,12.3,128,24.4,0
2025-05-14,33.3,25.8,28.7,82,5.9,3.0,1008.6,13.6,120,25.2,0
2025-05-15,32.3,25.6,27.7,86,12.1,10.0,1008.9,9.5,77,25.0,0
2025-05-16,33.2,25.5,28.5,83,5.7,4.0,1008.2,12.1,124,25.2,0
2025-05-17,32.3,25.4,28.7,80,3.3,4.0,1008.2,13.0,133,24.7,0
2025-05-18,33.7,25.9,29.1,78,1.4,4.0,1007.8,10.4,114,24.6,0
2025-05-19,32.8,25.8,27.8,85,14.1,9.0,1007.6,15.3,131,25.0,1
2025-05-20,32.0,25.1,28.2,83,1.2,4.0,1007.4,10.8,121,24.9,0
2025-05-21,33.3,25.0,27.9,87,12.0,11.0,1007.1,12.8,175,25.2,0
2025-05-22,31.8,23.9,26.9,88,32.0,15.0,1006.1,11.8,204,24.7,1
2025-05-23,31.6,25.3,27.6,86,9.9,11.0,1004.9,9.5,183,24.9,0
2025-05-24,30.6,25.4,27.0,88,17.7,12.0,1006.1,11.0,130,24.8,1
2025-05-25,31.1,25.1,27.1,87,19.0,16.0,1008.1,11.5,144,24.7,0
2025-05-26,32.7,24.4,27.7,86,6.0,9.0,1008.3,10.4,118,25.0,0
2025-05-27,32.7,24.7,27.7,86,25.0,14.0,1007.8,11.3,174,24.9,1
2025-05-28,32.7,24.5,27.5,88,25.9,10.0,1006.6,10.1,84,25.1,1
2025-05-29,32.9,24.9,27.0,90,24.9,21.0,1007.9,11.7,228,25.0,1
2025-05-30,32.4,24.6,26.9,88,21.0,13.0,1009.5,14.9,228,24.6,1
2025-05-31,32.9,24.7,27.5,84,10.4,7.0,1009.8,22.3,240,24.5,0
2025-06-01,33.7,25.5,28.5,83,1.0,4.0,1009.0,14.2,238,24.9,0
2025-06-02,31.3,25.8,27.6,86,2.0,9.0,1008.5,16.9,224,25.0,0
2025-06-03,30.6,25.5,27.3,87,5.9,6.0,1007.9,16.2,239,24.8,0
2025-06-04,32.7,26.1,28.2,83,6.5,8.0,1007.5,11.9,233,25.0,0
2025-06-05,32.7,25.3,28.1,84,2.5,7.0,1007.7,12.7,228,25.1,0
2025-06-06,32.8,24.5,27.7,86,18.3,14.0,1007.8,10.7,240,24.9,1
2025-06-07,30.0,24.5,27.0,89,23.4,16.0,1007.4,14.3,204,25.0,1
2025-06-08,29.7,24.7,27.0,88,24.4,15.0,1006.9,14.6,228,24.7,1
2025-06-09,32.0,25.3,26.8,88,20.8,16.0,1006.0,16.5,231,24.7,1
2025-06-10,31.1,25.3,26.7,90,18.1,19.0,1004.9,15.5,250,24.9,1
2025-06-11,29.8,25.0,26.4,89,13.0,14.0,1004.8,22.1,257,24.4,0
2025-06-12,30.3,24.8,26.7,88,3.3,14.0,1005.3,19.0,243,24.4,0
2025-06-13,30.6,24.8,27.0,88,10.2,9.0,1007.4,16.8,220,24.7,0
2025-06-14,32.0,25.1,27.6,87,19.2,6.0,1008.5,16.9,203,25.1,0
2025-06-15,32.9,25.3,28.4,84,6.0,6.0,1007.6,13.7,268,25.1,0
2025-06-16,32.9,25.6,28.0,86,10.6,10.0,1007.8,8.3,279,25.1,0
2025-06-17,33.0,25.0,27.5,87,15.1,8.0,1008.3,11.0,70,24.9,0
2025-06-18,32.4,24.6,27.2,88,8.1,9.0,1008.3,12.4,128,24.9,0
2025-06-19,32.5,24.1,27.3,87,8.2,5.0,1007.6,11.8,223,24.8,0
2025-06-20,32.2,24.1,27.2,88,15.2,14.0,1007.6,10.6,224,25.0,1
2025-06-21,31.7,24.1,26.6,88,3.0,10.0,1007.4,13.4,223,24.2,0
2025-06-22,30.7,24.5,26.5,87,11.7,11.0,1008.2,16.8,227,24.0,0
2025-06-23,31.8,24.5,27.4,82,2.0,9.0,1007.4,16.4,240,23.8,0
2025-06-24,31.9,24.5,27.1,86,11.1,9.0,1007.2,18.8,245,24.5,0
2025-06-25,31.3,24.9,26.7,87,19.1,11.0,1007.8,14.3,236,24.3,1
2025-06-26,29.8,24.4,26.1,92,26.0,17.0,1008.3,10.4,220,24.5,1
2025-06-27,31.1,24.2,26.8,88,13.0,12.0,1007.9,13.4,215,24.5,0
2025-06-28,31.0,24.8,26.8,87,19.8,6.0,1007.4,19.7,232,24.5,1
2025-06-29,31.7,24.7,27.2,84,5.9,8.0,1006.1,23.4,240,24.1,0
2025-06-30,32.9,24.6,27.9,79,0.9,5.0,1005.7,16.4,273,23.6,0
2025-07-01,30.9,24.9,26.9,88,16.7,13.0,1006.2,9.9,246,24.6,1
2025-07-02,31.1,24.1,26.5,89,21.0,15.0,1007.2,14.3,292,24.4,1
2025-07-03,32.1,24.2,26.7,87,10.6,10.0,1008.0,11.8,287,24.1,0
2025-07-04,31.9,24.0,27.4,83,2.4,7.0,1007.4,17.3,262,24.1,0
2025-07-05,32.4,24.8,27.6,85,9.9,6.0,1006.5,15.3,238,24.6,0
2025-07-06,31.2,25.5,27.5,86,10.4,9.0,1007.0,13.4,226,24.8,0
2025-07-07,31.2,24.8,26.7,89,16.0,11.0,1008.0,16.6,225,24.6,0
2025-07-08,31.1,24.6,27.0,87,15.0,12.0,1008.2,16.3,222,24.5,0
2025-07-09,30.4,24.7,26.9,85,25.4,9.0,1007.3,15.1,245,24.2,1
2025-07-10,32.2,24.3,27.5,85,6.3,8.0,1005.0,22.0,240,24.5,0
2025-07-11,31.8,25.4,27.8,83,6.5,8.0,1004.2,16.1,234,24.5,0
2025-07-12,31.9,25.1,27.4,87,18.1,11.0,1005.8,12.1,223,24.9,1
2025-07-13,31.7,25.2,27.4,86,7.8,8.0,1006.8,14.8,235,24.7,0
2025-07-14,31.4,24.9,27.1,89,19.8,9.0,1006.8,12.8,226,25.0,1
2025-07-15,30.8,24.7,27.1,88,15.7,13.0,1006.6,15.2,218,24.9,1
2025-07-16,30.7,24.5,26.7,89,11.1,7.0,1007.2,13.2,209,24.6,0
2025-07-17,28.7,24.6,26.7,89,15.1,8.0,1007.6,15.2,230,24.8,1
2025-07-18,30.1,24.9,26.5,88,11.0,12.0,1006.5,14.8,260,24.3,0
2025-07-19,31.8,25.0,27.1,86,12.1,6.0,1004.1,18.3,242,24.5,0
2025-07-20,29.9,25.3,27.1,85,3.4,6.0,1004.4,17.1,236,24.4,0
2025-07-21,31.1,24.7,27.2,84,5.4,14.0,1005.4,21.9,239,24.3,0
2025-07-22,32.5,25.2,28.4,77,2.0,7.0,1004.6,22.6,236,23.8,0
2025-07-23,31.4,25.4,28.1,81,18.4,8.0,1004.4,16.8,235,24.5,1
2025-07-24,33.0,25.9,28.9,76,0.0,0.0,1005.2,15.4,263,24.0,0
2025-07-25,33.3,24.8,28.7,76,4.0,3.0,1005.5,18.8,276,23.6,0
2025-07-26,32.8,25.3,28.3,81,1.1,5.0,1006.1,15.5,255,24.6,0
2025-07-27,31.2,25.3,27.2,85,15.9,10.0,1006.5,17.2,235,24.4,1
2025-07-28,30.0,24.7,26.9,87,3.6,13.0,1006.1,20.8,222,24.5,0
2025-07-29,30.8,25.7,27.9,84,14.7,8.0,1005.9,17.9,224,24.8,1
2025-07-30,32.2,26.0,28.7,79,0.3,3.0,1006.7,18.4,234,24.5,0
2025-07-31,32.3,25.7,28.0,84,11.5,9.0,1006.9,14.7,222,24.9,0
2025-08-01,32.3,25.4,28.4,83,0.8,4.0,1006.1,15.6,225,25.1,0
2025-08-02,32.5,25.6,28.6,81,1.7,5.0,1007.1,12.6,224,24.9,0
2025-08-03,33.4,25.6,28.4,83,3.2,3.0,1008.5,13.0,220,25.0,0
2025-08-04,33.7,24.8,28.1,86,9.0,6.0,1008.3,11.5,200,25.2,0
2025-08-05,33.2,25.3,28.1,83,4.8,5.0,1008.0,15.5,201,24.6,0
2025-08-06,32.8,25.1,27.7,82,7.6,4.0,1008.1,16.1,192,24.1,0
2025-08-07,33.3,24.6,28.4,79,1.7,3.0,1008.7,11.7,212,24.1,0
2025-08-08,33.7,24.5,28.3,82,6.8,4.0,1009.1,10.1,264,24.6,0
2025-08-09,32.6,23.8,27.2,86,27.9,17.0,1009.1,11.9,271,24.5,1
2025-08-10,32.8,23.1,26.8,86,7.8,6.0,1007.6,13.2,251,23.9,0
2025-08-11,31.5,24.2,26.5,87,13.5,15.0,1007.0,16.0,234,24.0,0
2025-08-12,31.4,24.1,26.8,85,4.4,14.0,1007.0,12.7,232,24.0,0
2025-08-13,31.1,24.3,26.5,87,17.1,9.0,1007.8,16.5,246,24.2,1
2025-08-14,32.0,23.5,26.2,90,35.1,18.0,1006.8,10.7,281,24.3,1
2025-08-15,31.0,23.9,26.0,90,17.5,18.0,1005.1,19.0,243,24.2,1
2025-08-16,29.1,23.9,25.1,92,28.8,19.0,1005.7,16.8,246,23.6,1
2025-08-17,30.2,23.7,25.7,89,17.0,13.0,1007.6,15.3,254,23.6,1
2025-08-18,31.6,23.6,27.1,81,0.6,5.0,1008.9,13.7,241,23.3,0
2025-08-19,32.1,24.4,27.6,83,3.0,9.0,1009.2,9.6,231,24.3,0
2025-08-20,33.0,23.5,27.3,84,28.5,8.0,1008.6,17.5,224,24.1,1
2025-08-21,27.9,23.1,24.8,92,45.9,24.0,1009.8,10.3,169,23.4,1
2025-08-22,30.9,22.9,26.2,85,4.8,9.0,1009.2,17.3,206,23.2,0
2025-08-23,30.7,23.7,26.7,86,11.6,6.0,1008.1,12.4,228,24.2,0
2025-08-24,31.2,24.7,26.6,85,15.5,10.0,1006.8,15.0,235,23.7,1
2025-08-25,28.9,24.4,26.0,89,13.7,15.0,1006.5,22.3,214,24.0,0
2025-08-26,29.1,24.1,26.4,87,4.8,9.0,1008.4,15.2,205,24.0,0
2025-08-27,30.6,24.4,26.5,87,11.4,14.0,1008.7,10.5,256,24.0,0
2025-08-28,32.1,23.6,26.6,85,29.7,12.0,1007.5,15.8,268,23.7,1
2025-08-29,31.7,23.4,26.3,89,34.7,22.0,1007.0,15.7,279,24.1,1
2025-08-30,31.0,24.8,26.6,89,8.2,17.0,1006.3,20.1,239,24.5,0
2025-08-31,32.0,24.4,26.7,88,23.5,13.0,1006.2,12.8,224,24.4,1
2025-09-01,30.8,24.6,26.5,90,7.2,20.0,1006.0,17.6,240,24.6,0
2025-09-02,29.8,24.4,25.8,93,44.4,23.0,1007.0,12.8,233,24.5,1
2025-09-03,30.4,24.1,26.3,90,12.7,13.0,1007.0,11.5,289,24.4,0
2025-09-04,31.2,23.9,26.6,88,15.4,12.0,1006.6,12.3,229,24.4,1
2025-09-05,31.7,24.6,26.9,88,25.6,9.0,1006.9,9.9,224,24.6,1
2025-09-06,31.9,23.7,26.7,87,24.6,16.0,1007.4,12.7,237,24.2,1
2025-09-07,28.8,23.8,25.7,92,40.3,22.0,1008.2,14.6,211,24.3,1
2025-09-08,31.5,24.2,26.4,90,13.4,16.0,1008.9,18.8,182,24.4,0
2025-09-09,30.8,24.2,26.5,89,10.9,5.0,1010.0,21.1,189,24.3,0
2025-09-10,31.8,24.0,26.9,88,6.6,10.0,1009.4,8.4,327,24.6,0
2025-09-11,32.2,23.8,26.6,88,5.5,13.0,1008.6,11.4,44,24.3,0
2025-09-12,31.3,23.5,26.5,87,12.0,8.0,1008.6,17.6,109,24.0,0
2025-09-13,30.0,24.4,26.6,87,6.4,11.0,1009.0,14.5,125,24.2,0
2025-09-14,29.9,24.3,26.2,89,21.1,16.0,1009.7,12.9,204,24.2,1
2025-09-15,31.8,23.3,26.6,89,12.4,11.0,1009.7,15.0,283,24.4,0
2025-09-16,30.5,24.1,26.4,88,11.7,9.0,1008.8,10.3,297,24.2,0
2025-09-17,31.9,23.9,26.6,86,17.0,10.0,1007.5,21.0,269,23.8,1
2025-09-18,31.8,23.9,26.6,88,14.6,11.0,1007.0,12.4,255,24.3,1
2025-09-19,31.4,24.7,26.7,85,12.9,14.0,1008.5,14.0,249,23.9,0
2025-09-20,32.9,24.4,27.8,80,5.1,7.0,1008.2,14.2,252,23.8,0
2025-09-21,31.5,24.5,27.1,86,20.9,13.0,1007.5,12.6,254,24.4,1
2025-09-22,27.3,23.6,25.3,90,17.6,23.0,1008.1,14.1,255,23.6,0
2025-09-23,29.6,23.3,25.9,86,2.6,12.0,1007.4,13.0,268,23.2,0
2025-09-24,31.5,24.7,27.0,85,1.9,7.0,1005.6,21.1,241,24.2,0
2025-09-25,31.4,24.9,27.1,85,15.1,12.0,1006.3,18.4,241,24.3,1
2025-09-26,30.0,24.9,26.3,89,15.6,18.0,1008.0,10.7,263,24.3,0
2025-09-27,30.2,24.2,25.6,93,14.1,21.0,1007.3,16.3,276,24.3,1
2025-09-28,30.6,23.9,26.0,90,14.2,17.0,1005.8,16.2,217,24.2,1
2025-09-29,29.7,24.1,26.1,89,20.6,15.0,1008.0,16.4,186,24.0,1
2025-09-30,30.0,24.2,26.4,88,8.6,11.0,1009.7,12.3,149,24.1,0
2025-10-01,31.6,24.1,26.6,87,7.8,9.0,1009.8,10.1,112,24.0,0
2025-10-02,31.7,23.9,27.5,82,0.0,0.0,1009.7,7.0,99,23.8,0
2025-10-03,31.1,24.5,26.7,88,13.0,10.0,1010.4,15.1,173,24.4,0
2025-10-04,32.4,24.4,27.6,82,5.9,6.0,1010.7,13.7,208,24.0,0
2025-10-05,31.5,24.4,27.2,84,2.0,1.0,1010.7,12.3,208,24.1,0
2025-10-06,32.9,24.7,27.5,83,10.9,4.0,1010.2,18.8,217,24.2,0
2025-10-07,32.5,24.7,27.3,85,3.7,4.0,1010.3,17.1,218,24.3,0
2025-10-08,32.0,23.2,26.4,88,24.4,17.0,1009.6,9.4,129,24.0,1
2025-10-09,31.1,23.7,26.5,87,3.2,7.0,1008.9,9.2,111,23.9,0
2025-10-10,30.1,23.9,26.5,88,5.9,6.0,1008.3,9.4,105,24.2,0
2025-10-11,30.3,23.5,26.5,87,18.0,19.0,1008.2,9.4,152,23.9,0
2025-10-12,31.2,23.9,26.7,87,9.6,17.0,1008.4,10.2,152,24.2,0
2025-10-13,30.3,24.2,26.5,90,20.1,16.0,1008.5,10.0,112,24.7,1
2025-10-14,31.2,24.4,27.0,86,11.9,15.0,1008.5,9.3,103,24.4,0
2025-10-15,32.8,24.8,27.7,84,9.4,3.0,1007.2,14.1,62,24.4,0
2025-10-16,32.3,24.4,27.6,84,0.7,2.0,1006.9,10.7,1,24.6,0
2025-10-17,32.7,24.7,27.7,84,4.8,9.0,1007.7,7.5,8,24.6,0
2025-10-18,31.9,24.5,26.6,88,5.5,10.0,1007.5,14.0,71,24.4,0
2025-10-19,32.9,24.5,28.0,82,0.3,1.0,1005.9,7.6,347,24.3,0
2025-10-20,33.2,24.6,28.0,83,12.0,9.0,1005.8,10.5,323,24.6,0
2025-10-21,32.3,24.7,27.6,86,8.5,14.0,1006.7,10.3,352,24.8,0
2025-10-22,32.1,24.1,27.2,88,10.8,16.0,1007.3,9.0,81,24.8,0
2025-10-23,31.4,24.3,26.8,87,4.6,4.0,1008.0,8.9,344,24.3,0
2025-10-24,32.1,24.7,27.0,88,17.9,13.0,1008.1,8.1,318,24.7,0
2025-10-25,29.0,23.8,26.0,90,2.2,9.0,1008.0,9.5,348,24.2,0
2025-10-26,30.5,23.6,26.4,87,10.6,10.0,1008.4,10.2,268,23.9,0
2025-10-27,30.4,23.2,26.1,87,4.0,11.0,1008.5,12.3,321,23.6,0
2025-10-28,29.8,24.3,25.7,92,35.4,21.0,1007.8,6.6,279,24.2,1
2025-10-29,29.2,24.4,26.1,90,6.9,16.0,1007.2,9.0,84,24.3,0
2025-10-30,28.5,24.5,26.2,91,4.4,21.0,1008.4,12.0,153,24.5,0
2025-10-31,30.8,24.3,27.0,87,9.4,10.0,1010.6,14.9,156,24.5,0
2025-11-01,30.7,24.5,26.2,91,32.0,18.0,1010.7,10.6,355,24.6,1
2025-11-02,31.2,23.9,26.5,85,6.8,8.0,1009.7,10.1,286,23.6,0
2025-11-03,28.7,24.1,26.1,89,19.3,15.0,1008.9,9.2,291,24.2,0
2025-11-04,30.8,24.0,26.5,87,15.1,18.0,1008.4,10.7,314,24.1,0
2025-11-05,29.9,24.0,26.2,90,8.7,13.0,1007.3,9.5,150,24.3,0
2025-11-06,28.6,23.9,25.8,91,9.1,13.0,1005.5,14.1,279,24.2,0
2025-11-07,31.3,24.3,26.3,90,8.9,18.0,1007.0,13.7,214,24.4,0
2025-11-08,31.1,24.4,27.0,88,5.3,12.0,1009.2,8.6,145,24.7,0
2025-11-09,31.5,24.1,27.0,88,9.8,9.0,1008.7,11.5,192,24.6,0
2025-11-10,31.7,24.5,27.0,88,2.0,7.0,1008.0,11.8,200,24.5,0
2025-11-11,31.6,23.8,26.9,86,3.8,12.0,1008.7,9.9,99,24.3,0
2025-11-12,30.4,24.2,26.4,88,7.1,11.0,1009.9,11.4,122,24.2,0
2025-11-13,31.8,23.7,26.8,86,9.1,9.0,1010.7,10.3,17,24.2,0
2025-11-14,31.7,23.4,26.9,79,0.2,1.0,1010.1,10.7,339,22.2,0
2025-11-15,31.2,20.6,25.9,75,0.0,0.0,1010.2,8.9,12,20.9,0
2025-11-16,29.6,23.6,25.1,88,21.7,11.0,1010.4,9.4,328,22.9,1
2025-11-17,28.6,23.4,25.5,90,11.9,17.0,1010.5,8.3,44,23.7,0
2025-11-18,30.1,24.1,26.0,90,10.1,8.0,1009.5,13.1,347,24.2,0
2025-11-19,31.3,23.1,25.4,91,23.2,13.0,1009.9,15.3,354,23.6,1
2025-11-20,29.0,22.4,25.4,82,0.6,4.0,1010.4,12.9,350,22.0,0
2025-11-21,29.5,22.9,25.7,80,0.3,1.0,1010.8,9.5,356,21.9,0
2025-11-22,27.6,23.3,25.1,83,2.7,7.0,1010.3,10.6,6,22.0,0
2025-11-23,31.1,23.5,26.0,86,4.4,9.0,1009.4,11.2,355,23.3,0
2025-11-24,31.9,23.6,27.2,83,1.2,6.0,1008.6,8.6,1,23.7,0
2025-11-25,31.7,23.6,26.9,74,0.0,0.0,1008.2,14.9,8,21.7,0
2025-11-26,31.1,21.8,25.9,70,0.0,0.0,1008.8,13.3,349,20.0,0
2025-11-27,30.6,21.9,25.6,69,0.0,0.0,1009.3,15.2,354,19.3,0
2025-11-28,29.3,19.5,24.5,63,0.0,0.0,1009.3,15.5,337,16.8,0
2025-11-29,31.5,20.8,26.0,67,0.0,0.0,1009.0,10.7,321,19.3,0
2025-11-30,33.0,22.5,27.9,65,0.6,3.0,1009.3,9.8,324,20.5,0
2025-12-01,34.2,24.2,29.2,64,0.1,1.0,1009.4,9.6,319,21.2,0
2025-12-02,33.4,24.9,28.2,75,5.3,11.0,1009.7,9.3,176,22.9,0
2025-12-03,31.4,23.9,26.2,86,29.1,14.0,1010.3,10.6,8,23.5,1
2025-12-04,29.9,23.5,26.4,84,9.3,15.0,1010.7,19.0,109,23.2,0
2025-12-05,31.1,23.6,26.9,83,0.8,4.0,1011.8,6.9,316,23.5,0
2025-12-06,30.8,21.9,26.2,79,0.3,3.0,1011.6,9.9,307,22.0,0
2025-12-07,31.1,21.1,26.0,76,0.4,3.0,1011.4,9.6,344,21.0,0
2025-12-08,30.6,20.2,25.5,64,0.0,0.0,1011.3,11.3,2,18.0,0
2025-12-09,31.6,21.7,26.8,64,0.1,1.0,1010.4,14.2,5,19.0,0
2025-12-10,31.0,24.0,26.1,76,13.1,9.0,1009.9,13.0,12,21.1,0
2025-12-11,31.2,23.1,26.4,82,8.0,4.0,1009.9,14.5,120,22.8,0
2025-12-12,31.6,23.4,27.4,76,0.0,0.0,1009.5,10.3,99,22.5,0
2025-12-13,32.0,23.7,27.1,83,15.9,5.0,1009.4,14.6,56,23.6,0
2025-12-14,31.7,23.6,27.4,78,0.1,1.0,1009.5,7.3,13,22.9,0
2025-12-15,33.1,23.7,27.9,72,0.0,0.0,1010.3,9.3,11,21.8,0
2025-12-16,34.0,23.9,28.0,72,0.3,2.0,1010.2,6.4,25,21.9,0
2025-12-17,33.7,23.5,27.9,74,0.7,5.0,1010.3,9.1,51,22.0,0
2025-12-18,32.7,23.5,27.8,70,0.5,4.0,1009.9,7.7,326,21.3,0
2025-12-19,33.7,23.1,28.1,69,0.3,3.0,1008.4,10.1,282,21.1,0
2025-12-20,33.4,23.7,28.2,74,0.4,4.0,1008.0,10.3,291,22.5,0
2025-12-21,34.5,23.8,28.3,71,0.2,2.0,1008.4,8.5,275,21.8,0
2025-12-22,33.9,24.3,28.6,71,1.0,5.0,1008.3,11.3,281,22.0,0
2025-12-23,33.3,24.7,28.0,74,0.8,5.0,1008.2,9.0,262,22.4,0
2025-12-24,33.4,24.7,27.9,76,7.1,9.0,1007.7,8.3,183,22.7,0
2025-12-25,31.3,24.3,26.6,87,26.7,12.0,1008.6,18.2,22,24.0,1
2025-12-26,30.7,23.3,26.1,85,1.6,4.0,1009.6,9.7,343,23.3,0
2025-12-27,30.3,22.3,25.6,82,0.7,5.0,1010.6,9.7,269,22.1,0
2025-12-28,31.0,22.3,26.1,80,0.0,0.0,1011.2,10.7,149,21.9,0
2025-12-29,31.2,22.8,26.1,78,0.0,0.0,1010.8,10.2,356,21.2,0
2025-12-30,30.5,21.6,25.4,75,0.0,0.0,1010.0,9.3,138,20.2,0
2025-12-31,31.2,21.0,25.5,74,0.0,0.0,1008.9,11.8,111,19.8,0
2026-01-01,31.2,21.1,25.6,69,0.0,0.0,1010.0,11.7,112,18.9,0
2026-01-02,31.2,21.0,25.9,65,0.0,0.0,1011.4,10.4,184,18.2,0
2026-01-03,30.7,20.9,25.7,59,0.0,0.0,1012.4,11.5,194,16.7,0
2026-01-04,33.2,20.1,26.4,58,0.0,0.0,1012.1,10.6,4,16.8,0
2026-01-05,32.0,23.7,27.0,69,0.3,2.0,1012.0,10.1,349,20.4,0
2026-01-06,31.2,23.6,25.9,81,22.2,11.0,1012.6,9.8,254,22.1,1
2026-01-07,30.7,21.9,25.9,67,0.0,0.0,1013.1,12.7,346,19.1,0
2026-01-08,30.7,20.5,25.3,60,0.0,0.0,1014.2,10.8,9,16.4,0
2026-01-09,29.6,17.9,23.7,55,0.0,0.0,1014.1,11.5,14,13.7,0
2026-01-10,30.5,18.7,24.8,57,0.0,0.0,1013.5,8.7,309,14.8,0
2026-01-11,30.9,20.6,25.7,61,0.0,0.0,1014.4,10.2,231,17.0,0
2026-01-12,32.3,23.4,27.1,67,0.0,0.0,1013.7,11.7,167,19.9,0
2026-01-13,30.1,22.6,26.0,74,4.0,8.0,1013.2,11.4,186,20.6,0
2026-01-14,31.1,22.2,26.2,72,0.4,3.0,1012.0,12.4,149,20.3,0
2026-01-15,32.4,22.4,26.6,72,0.5,3.0,1011.3,13.5,133,20.4,0
2026-01-16,32.4,22.3,26.6,70,0.0,0.0,1010.3,13.9,156,20.1,0
2026-01-17,32.9,22.3,26.5,70,0.0,0.0,1008.8,15.6,133,19.8,0
2026-01-18,32.4,22.4,26.5,70,0.2,2.0,1008.2,15.2,143,19.8,0
2026-01-19,30.9,22.7,26.2,71,0.4,3.0,1009.3,12.4,153,20.0,0
2026-01-20,32.2,22.7,26.6,67,0.1,1.0,1010.3,15.7,136,19.2,0
2026-01-21,33.6,21.9,26.7,61,0.0,0.0,1011.5,14.3,105,16.9,0
2026-01-22,33.6,21.5,27.2,59,0.0,0.0,1012.6,10.8,54,17.3,0
2026-01-23,34.1,22.9,27.7,55,0.0,0.0,1013.6,14.2,27,16.9,0
2026-01-24,32.4,21.7,26.7,65,0.0,0.0,1013.9,13.1,158,18.7,0
2026-01-25,33.1,21.9,26.4,64,0.0,0.0,1013.2,15.6,120,18.2,0
2026-01-26,33.3,22.0,26.5,64,0.0,0.0,1013.3,19.0,129,18.3,0
2026-01-27,33.8,22.2,26.9,62,0.0,0.0,1013.8,15.4,118,17.7,0
2026-01-28,34.2,22.0,27.0,63,0.0,0.0,1013.1,14.1,132,18.0,0
2026-01-29,32.9,22.3,27.1,63,0.0,0.0,1013.0,13.8,135,18.7,0
2026-01-30,33.5,22.6,27.0,64,0.0,0.0,1013.6,17.3,139,18.9,0
2026-01-31,34.4,22.8,27.4,63,0.0,0.0,1013.4,17.4,132,18.9,0
2026-02-01,34.1,22.1,27.3,58,0.0,0.0,1013.3,10.6,99,16.7,0
2026-02-02,34.1,21.5,27.1,63,0.0,0.0,1013.3,16.9,133,18.2,0
2026-02-03,33.9,24.4,28.5,60,0.9,6.0,1013.4,10.1,130,19.4,0
2026-02-04,33.4,24.2,27.8,64,3.3,3.0,1013.0,9.8,179,19.9,0
2026-02-05,32.8,24.1,27.2,72,0.7,5.0,1012.4,15.4,141,21.4,0
2026-02-06,30.5,23.3,26.3,75,1.2,5.0,1012.0,13.7,157,21.3,0
2026-02-07,33.3,23.3,26.9,72,0.0,0.0,1011.4,14.7,132,20.8,0
2026-02-08,34.3,23.0,27.6,64,0.1,1.0,1011.6,18.8,119,19.0,0
2026-02-09,35.1,22.2,28.1,55,0.0,0.0,1010.8,9.9,3,17.4,0
2026-02-10,34.3,22.5,28.0,65,1.2,3.0,1011.4,11.9,201,20.2,0
2026-02-11,31.0,24.4,26.7,78,2.3,8.0,1013.0,11.1,91,22.3,0
2026-02-12,31.9,24.0,27.1,82,5.1,6.0,1011.7,8.5,167,23.4,0
2026-02-13,32.5,23.4,27.2,75,1.2,2.0,1010.2,10.5,136,22.1,0
2026-02-14,33.2,23.6,27.8,72,0.4,3.0,1009.6,9.1,142,21.9,0
2026-02-15,33.8,23.5,28.2,69,0.0,0.0,1009.2,11.8,140,21.5,0
2026-02-16,35.7,25.0,29.5,54,0.1,1.0,1008.5,14.5,111,18.8,0
2026-02-17,35.7,25.9,29.8,51,0.0,0.0,1009.0,16.6,111,17.9,0
2026-02-18,35.7,24.1,29.4,55,0.1,1.0,1010.2,13.9,103,18.7,0
2026-02-19,34.9,24.7,29.5,57,0.0,0.0,1011.6,12.1,119,19.4,0
2026-02-20,35.2,24.7,29.4,57,0.3,2.0,1011.6,11.1,168,19.6,0
2026-02-21,34.6,23.5,28.4,64,0.0,0.0,1009.0,15.5,167,20.2,0
2026-02-22,33.7,23.9,27.8,67,0.1,1.0,1007.7,14.3,147,20.5,0
2026-02-23,34.3,24.5,28.3,64,0.3,1.0,1008.1,14.2,148,20.3,0
2026-02-24,34.7,24.4,28.2,64,0.0,0.0,1008.7,15.4,140,20.2,0
2026-02-25,34.5,24.4,28.2,66,0.0,0.0,1009.1,13.9,141,20.6,0
2026-02-26,26.4,23.6,24.8,91,31.1,22.0,1008.1,10.6,159,23.2,1
2026-02-27,29.8,24.0,25.7,88,21.5,13.0,1007.2,10.1,120,23.4,1
2026-02-28,31.3,23.4,26.7,84,1.5,3.0,1007.2,11.5,135,23.5,0
2026-03-01,32.2,24.3,27.6,80,0.0,0.0,1007.5,12.4,136,23.5,0
2026-03-02,32.4,24.8,27.8,80,0.1,1.0,1008.6,12.3,144,23.7,0
2026-03-03,32.5,25.1,28.2,78,0.3,3.0,1009.0,10.3,141,23.7,0
2026-03-04,32.2,24.9,27.8,80,0.3,3.0,1009.2,12.2,138,23.8,0
2026-03-05,32.5,24.7,27.7,77,2.1,6.0,1009.0,11.0,121,22.9,0
2026-03-06,31.9,23.1,26.2,83,6.0,9.0,1010.0,11.0,333,22.8,0
2026-03-07,31.8,23.0,26.3,82,2.0,6.0,1010.6,4.4,56,22.6,0
2026-03-08,32.5,23.1,27.2,73,0.1,1.0,1010.5,11.7,82,21.3,0
2026-03-09,32.8,23.3,27.3,78,6.2,6.0,1011.1,13.6,80,22.5,0
2026-03-10,33.4,23.9,27.8,75,0.8,5.0,1011.6,14.5,110,22.3,0
2026-03-11,34.2,23.7,28.2,68,0.0,0.0,1010.7,13.4,88,21.0,0
2026-03-12,34.6,25.3,28.7,60,0.3,2.0,1009.9,14.3,127,19.5,0
2026-03-13,34.8,24.5,28.6,57,1.5,4.0,1010.5,9.4,113,18.7,0
2026-03-14,32.3,24.6,27.7,69,1.0,7.0,1011.7,10.0,85,21.0,0
2026-03-15,34.1,23.6,28.1,66,1.2,5.0,1012.1,12.2,126,20.6,0
2026-03-16,33.5,24.0,28.2,63,0.2,2.0,1010.8,12.9,123,19.9,0
2026-03-17,34.6,24.0,27.9,64,0.1,1.0,1010.8,16.5,131,19.8,0
2026-03-18,34.6,23.8,27.9,63,0.0,0.0,1011.2,16.5,134,19.5,0
2026-03-19,33.2,23.9,27.8,66,0.0,0.0,1010.9,15.6,134,20.3,0
2026-03-20,32.4,24.3,27.6,68,0.4,3.0,1011.0,13.4,139,20.9,0
2026-03-21,34.8,23.9,28.2,68,0.0,0.0,1011.1,16.2,129,21.1,0
2026-03-22,35.4,24.6,28.7,63,0.0,0.0,1010.4,18.1,129,20.0,0
2026-03-23,35.6,24.5,28.8,62,0.0,0.0,1010.1,15.8,128,19.8,0
2026-03-24,35.2,24.0,28.3,66,0.0,0.0,1009.2,16.2,138,20.4,0
2026-03-25,36.0,23.9,28.6,66,0.0,0.0,1009.2,17.5,134,20.7,0
2026-03-26,35.5,24.5,28.6,66,0.0,0.0,1009.2,15.8,129,20.8,0
2026-03-27,33.6,23.9,28.2,66,0.0,0.0,1009.1,14.8,137,20.4,0
2026-03-28,34.7,23.6,28.0,70,0.0,0.0,1008.5,17.4,137,21.4,0
2026-03-29,35.3,24.2,29.1,68,0.0,0.0,1008.9,15.3,138,21.7,0
2026-03-30,34.9,24.6,28.9,70,0.1,1.0,1009.6,14.9,136,22.1,0
2026-03-31,35.4,24.3,29.0,68,0.0,0.0,1009.8,15.6,138,21.5,0
2026-04-01,35.2,24.6,28.9,68,0.0,0.0,1009.6,17.1,140,21.7,0
2026-04-02,35.9,25.4,29.4,65,0.0,0.0,1010.2,18.1,135,21.3,0
2026-04-03,35.4,25.0,29.3,60,0.0,0.0,1009.4,16.5,139,19.9,0
2026-04-04,35.8,23.5,29.4,65,0.0,0.0,1008.0,13.3,182,21.1,0
2026-04-05,36.4,24.9,29.8,68,0.0,0.0,1007.5,13.8,174,22.4,0
2026-04-06,37.0,25.0,30.0,66,0.0,0.0,1008.8,15.9,165,22.2,0
2026-04-07,37.4,25.3,30.7,63,0.0,0.0,1009.2,13.8,191,21.4,0
2026-04-08,37.0,26.6,30.7,69,0.3,2.0,1009.3,16.2,162,23.4,0
2026-04-09,35.4,26.3,29.9,67,0.0,0.0,1010.1,14.4,148,22.3,0
2026-04-10,36.4,25.3,30.1,66,0.3,3.0,1010.1,15.2,157,22.3,0
2026-04-11,36.5,26.0,30.3,65,0.0,0.0,1009.1,14.5,176,22.4,0
2026-04-12,36.6,26.1,30.4,65,0.6,2.0,1008.1,15.6,163,22.5,0
2026-04-13,34.8,26.2,29.9,70,0.2,2.0,1009.2,13.3,158,23.4,0
2026-04-14,34.6,26.4,29.7,70,0.6,6.0,1008.9,12.6,148,23.2,0
2026-04-15,34.8,26.0,29.8,67,0.2,2.0,1008.1,13.8,157,22.5,0
2026-04-16,36.2,26.3,30.6,63,0.0,0.0,1008.1,14.6,147,22.2,0
2026-04-17,35.9,27.2,30.7,62,0.1,1.0,1008.6,15.8,146,22.1,0
2026-04-18,35.0,26.3,30.3,63,0.5,4.0,1008.4,15.7,134,21.9,0
2026-04-19,34.1,26.0,29.7,65,0.9,3.0,1008.5,13.6,137,22.2,0
2026-04-20,33.7,26.8,29.7,59,0.3,3.0,1008.8,14.7,132,20.7,0
2026-04-21,34.2,25.8,29.4,59,0.1,1.0,1008.2,15.5,135,20.2,0
2026-04-22,34.2,25.5,29.4,63,0.0,0.0,1007.8,14.1,141,21.3,0
2026-04-23,35.5,25.7,29.8,63,0.0,0.0,1007.3,14.9,154,21.4,0
2026-04-24,36.2,25.5,30.1,61,0.0,0.0,1008.0,14.2,147,21.0,0
2026-04-25,36.1,27.0,30.8,63,1.8,3.0,1009.3,13.4,127,22.4,0
2026-04-26,37.3,27.0,31.1,60,0.6,2.0,1008.9,12.5,128,21.3,0
2026-04-27,36.9,26.7,31.0,63,0.0,0.0,1008.0,14.3,131,22.2,0
2026-04-28,37.2,27.6,31.2,65,0.0,0.0,1008.1,15.3,133,23.0,0
2026-04-29,36.7,26.8,31.3,62,1.4,5.0,1008.7,9.2,135,22.5,0
2026-04-30,36.9,27.9,31.7,61,0.6,3.0,1009.0,15.1,126,22.6,0
2026-05-01,39.4,27.8,31.8,56,0.5,3.0,1008.6,18.5,122,21.1,0
2026-05-02,36.4,27.8,30.6,66,4.0,5.0,1008.3,14.8,113,23.1,0
2026-05-03,34.4,27.1,29.9,73,0.1,1.0,1008.2,12.8,130,24.3,0
2026-05-04,35.2,24.0,29.8,72,6.9,10.0,1009.3,13.0,99,23.8,0
2026-05-05,35.6,27.1,29.8,72,8.0,9.0,1008.5,11.7,102,23.7,0
2026-05-06,35.0,26.3,29.5,74,1.8,4.0,1008.0,13.1,115,23.9,0
2026-05-07,36.3,27.0,30.8,67,0.1,1.0,1007.2,13.4,124,23.5,0
2026-05-08,35.9,27.6,31.1,62,1.6,8.0,1007.8,11.0,105,22.4,0
2026-05-09,37.7,27.1,31.3,62,0.5,3.0,1008.2,14.0,117,22.4,0
2026-05-10,38.5,28.3,31.9,58,4.1,6.0,1007.5,15.6,111,22.3,0
2026-05-11,37.9,26.0,31.6,62,0.4,2.0,1008.2,16.3,115,22.8,0
2026-05-12,37.4,28.3,31.5,62,0.0,0.0,1007.2,15.7,135,22.8,0
2026-05-13,36.6,27.8,31.7,64,0.5,4.0,1006.5,15.8,149,23.5,0
2026-05-14,37.5,27.6,32.0,62,1.9,3.0,1006.3,15.5,207,23.2,0
2026-05-15,37.4,28.2,32.0,64,5.8,8.0,1006.0,12.9,219,24.0,0
2026-05-16,35.9,27.5,31.0,71,14.9,10.0,1006.2,7.9,315,24.7,1
2026-05-17,35.9,26.2,29.7,77,8.8,15.0,1006.2,12.9,213,24.8,0
2026-05-18,34.7,26.5,29.4,77,4.7,11.0,1006.1,15.7,173,24.8,0
2026-05-19,33.1,26.7,29.2,80,7.9,9.0,1005.9,13.0,182,25.1,0
2026-05-20,34.1,27.4,29.7,77,2.5,11.0,1005.9,13.8,165,24.9,0
2026-05-21,31.7,25.1,28.5,83,23.2,18.0,1008.4,14.6,192,25.3,1
2026-05-22,34.3,26.5,29.7,77,1.2,4.0,1009.6,9.9,182,25.0,0
2026-05-23,35.0,26.4,30.1,74,0.6,1.0,1009.8,10.6,204,24.4,0
2026-05-24,35.2,27.1,30.2,75,1.2,6.0,1010.0,7.7,193,24.9,0
2026-05-25,35.7,26.9,30.4,74,0.9,3.0,1009.1,11.1,221,25.0,0
2026-05-26,35.0,27.0,30.3,72,4.6,3.0,1008.2,12.3,262,24.5,0
2026-05-27,34.4,27.4,30.5,72,0.6,2.0,1008.3,13.2,234,24.6,0
2026-05-28,33.6,24.6,29.1,81,7.6,10.0,1008.6,11.7,212,25.3,0
2026-05-29,27.2,24.5,26.0,92,21.6,12.0,1008.9,9.2,271,24.5,1
2026-05-30,30.6,25.3,27.2,82,0.8,3.0,1008.5,11.1,293,23.8,0
2026-05-31,28.8,24.1,26.1,86,4.7,12.0,1008.5,9.2,335,23.6,0
2026-06-01,30.3,24.9,27.3,81,0.6,6.0,1008.5,9.2,309,23.6,0
2026-06-02,31.4,24.6,27.1,86,4.4,17.0,1007.4,12.2,240,24.5,0
2026-06-03,30.5,24.2,26.8,88,10.2,19.0,1007.0,15.5,228,24.5,0
2026-06-04,31.4,25.3,27.8,85,10.6,11.0,1007.2,20.7,210,24.8,0
2026-06-05,32.7,25.9,29.0,79,4.7,8.0,1008.3,12.9,214,24.8,0
2026-06-06,34.0,26.5,29.2,79,3.5,11.0,1009.4,14.4,200,25.0,0
2026-06-07,34.4,26.4,29.7,77,0.7,6.0,1009.7,13.8,227,24.8,0
2026-06-08,33.6,26.5,28.8,82,6.8,10.0,1008.7,19.1,235,25.3,0
2026-06-09,33.4,24.9,28.5,84,8.4,17.0,1008.4,13.5,240,25.3,0
2026-06-10,32.0,25.1,28.3,84,6.0,9.0,1009.5,12.0,222,25.2,0
2026-06-11,34.4,23.8,28.3,83,28.1,14.0,1011.5,10.2,68,24.7,1
2026-06-12,33.1,25.4,28.1,87,7.7,12.0,1012.3,9.4,65,25.5,0
2026-06-13,34.0,25.2,28.6,85,12.3,12.0,1010.5,11.2,288,25.5,0
2026-06-14,31.4,25.4,27.9,86,6.2,10.0,1009.3,12.4,200,25.1,0
2026-06-15,33.1,25.0,28.3,82,4.7,8.0,1009.2,8.8,246,24.6,0
2026-06-16,33.1,25.7,28.5,82,7.2,9.0,1009.5,10.3,218,25.1,0
2026-06-17,33.8,25.3,28.7,81,4.3,12.0,1009.8,11.5,236,24.8,0
2026-06-18,33.2,25.2,28.3,82,4.8,9.0,1009.7,8.8,213,24.6,0
2026-06-19,33.6,25.1,28.7,80,0.6,4.0,1009.2,11.7,174,24.5,0
2026-06-20,34.2,25.7,29.0,80,1.3,5.0,1009.5,14.4,192,24.8,0
2026-06-21,34.0,25.9,29.7,76,1.1,5.0,1009.6,7.4,212,24.5,0
2026-06-22,34.5,26.2,30.0,75,1.3,6.0,1008.2,8.8,275,24.8,0
2026-06-23,32.5,25.2,28.6,83,12.8,9.0,1007.5,11.2,247,25.1,0
2026-06-24,35.2,25.8,29.4,79,4.2,8.0,1006.9,15.3,223,25.0,0
2026-06-25,34.2,25.5,28.7,79,8.9,7.0,1007.8,19.9,224,24.5,0
2026-06-26,33.1,25.3,28.7,80,2.2,10.0,1008.1,11.8,235,24.6,0
2026-06-27,33.8,25.7,29.2,77,0.8,5.0,1007.6,16.1,243,24.3,0
2026-06-28,32.3,26.3,27.6,88,22.0,14.0,1007.3,19.3,241,25.3,1
2026-06-29,32.7,26.1,27.9,87,17.4,13.0,1006.9,14.4,234,25.4,1
2026-06-30,32.2,25.0,27.8,86,13.9,17.0,1007.2,13.9,250,25.2,0
2026-07-01,32.9,25.8,28.8,79,0.5,5.0,1006.4,14.7,248,24.4,0
2026-07-02,30.1,24.4,26.7,89,21.5,19.0,1007.1,13.7,236,24.7,1
2026-07-03,29.6,24.9,26.8,88,6.3,15.0,1008.3,12.4,219,24.6,0
2026-07-04,29.6,24.7,26.2,91,18.8,18.0,1009.9,15.8,226,24.5,0
2026-07-05,31.1,24.9,27.4,84,1.0,6.0,1010.2,9.3,259,24.2,0
2026-07-06,30.9,25.4,27.9,84,1.0,4.0,1009.6,10.3,217,24.8,0
2026-07-07,31.5,25.3,27.8,85,8.5,13.0,1009.6,11.5,241,24.7,0
2026-07-08,31.3,24.0,27.0,87,15.3,9.0,1009.1,18.1,219,24.6,0
2026-07-09,33.0,25.4,28.7,78,2.1,9.0,1008.3,17.7,242,24.2,0
2026-07-10,33.6,26.0,29.4,74,0.5,2.0,1007.7,16.6,250,24.1,0
2026-07-11,33.1,26.6,29.3,73,2.8,3.0,1005.8,22.3,249,23.8,0
2026-07-12,30.6,26.2,27.8,81,6.0,10.0,1006.0,17.3,240,24.2,0
2026-07-13,31.5,25.1,27.1,84,12.7,6.0,1007.3,16.3,232,24.2,0
2026-07-14,32.1,25.0,28.0,80,2.8,8.0,1008.6,20.5,249,24.0,0
2026-07-15,31.7,25.0,27.3,87,23.1,14.0,1010.5,14.3,237,24.8,1
2026-07-16,32.6,23.9,27.7,82,6.2,10.0,1010.9,14.5,272,24.0,0
2026-07-17,32.8,25.0,28.3,80,2.0,9.0,1009.6,14.8,269,24.1,0
2026-07-18,32.8,25.7,28.2,82,5.8,13.0,1008.9,12.5,233,24.6,0
2026-07-19,33.0,25.1,28.6,81,1.0,7.0,1008.8,12.6,238,24.7,0
2026-07-20,34.1,25.3,29.2,73,0.0,0.0,1008.8,12.2,238,23.4,0
2026-07-21,34.2,24.8,29.1,72,0.0,0.0,1009.2,11.6,239,23.1,0
2026-07-22,33.5,25.0,29.2,72,0.4,4.0,1008.8,12.3,243,23.2,0
2026-07-23,33.6,25.8,28.7,78,8.9,13.0,1007.3,16.4,257,24.1,0
2026-07-24,32.6,24.9,27.1,88,11.7,19.0,1006.2,12.0,250,24.8,0
2026-07-25,31.2,24.4,26.5,90,13.4,18.0,1006.1,16.1,244,24.7,0
2026-07-26,29.7,24.7,26.4,90,14.6,19.0,1006.8,15.1,236,24.6,1
2026-07-27,32.5,24.6,28.0,78,0.7,5.0,1006.8,17.1,244,23.6,0
2026-07-28,29.6,24.5,26.4,89,19.1,20.0,1007.3,14.0,244,24.3,1
2026-07-29,31.5,24.2,26.9,86,30.6,19.0,1006.5,10.4,258,24.2,1
2026-07-30,31.2,24.1,27.3,83,6.5,12.0,1006.6,11.6,232,24.0,0
2026-07-31,30.0,24.7,26.7,89,8.6,10.0,1007.7,13.3,218,24.6,0
2026-08-01,32.0,24.7,27.7,84,4.8,12.0,1007.7,12.0,222,24.4,0
2026-08-02,33.5,25.2,28.6,80,4.7,10.0,1007.9,11.9,229,24.3,0
2026-08-03,33.8,25.4,29.1,78,2.0,10.0,1007.9,12.2,226,24.4,0
2026-08-04,33.2,26.1,28.8,80,2.2,4.0,1008.6,12.8,238,24.8,0
2026-08-05,31.3,24.4,27.5,86,7.2,13.0,1007.8,17.1,220,24.8,0
2026-08-06,30.7,25.6,27.4,87,16.6,8.0,1007.4,18.3,232,25.0,1
2026-08-07,32.1,25.3,27.8,83,7.6,7.0,1007.7,18.1,228,24.4,0
2026-08-08,32.8,25.7,28.4,80,3.2,9.0,1008.2,18.8,241,24.4,0
2026-08-09,31.4,25.1,27.1,85,13.0,13.0,1007.8,17.9,254,24.3,0
2026-08-10,30.3,24.6,27.1,86,3.7,11.0,1006.8,13.7,259,24.4,0
2026-08-11,30.8,24.8,27.0,84,17.1,11.0,1007.0,17.1,259,24.1,1
2026-08-12,32.7,26.0,29.0,76,5.8,7.0,1007.5,19.0,258,24.2,0
2026-08-13,33.2,25.4,29.2,72,1.7,7.0,1007.0,19.4,252,23.4,0
2026-08-14,32.7,25.7,28.4,80,9.4,13.0,1007.4,20.8,244,24.4,0
2026-08-15,31.4,25.8,27.7,81,4.4,6.0,1009.1,21.0,242,24.0,0
2026-08-16,31.9,25.5,27.7,82,6.7,8.0,1009.4,18.4,244,24.3,0
2026-08-17,32.1,25.8,28.0,83,5.7,12.0,1009.5,15.7,251,24.7,0
2026-08-18,30.5,25.1,27.2,87,20.9,15.0,1008.4,20.5,244,24.7,1
2026-08-19,29.4,25.0,27.0,85,10.3,8.0,1007.3,21.7,237,24.3,0
2026-08-20,32.0,25.9,28.5,74,1.2,6.0,1008.4,22.9,233,23.2,0
2026-08-21,32.4,25.2,28.6,75,0.7,2.0,1009.2,17.3,238,23.6,0
2026-08-22,33.1,24.7,28.8,73,0.4,4.0,1009.4,17.1,247,23.2,0
2026-08-23,31.1,25.4,27.7,83,8.5,8.0,1009.2,21.4,244,24.6,0
2026-08-24,33.3,26.1,28.6,78,4.6,7.0,1008.1,22.7,252,24.2,0
2026-08-25,33.2,25.9,28.9,72,1.1,6.0,1008.1,21.8,248,23.0,0
2026-08-26,33.2,25.9,28.4,76,7.2,9.0,1008.2,19.8,246,23.7,0
2026-08-27,32.5,24.9,28.5,77,5.5,11.0,1008.9,22.4,242,23.8,0
2026-08-28,31.1,25.5,27.3,82,7.5,10.0,1009.5,17.0,235,23.8,0
2026-08-29,31.9,25.3,27.2,85,19.6,11.0,1009.5,18.0,229,24.3,0
2026-08-30,31.7,24.4,27.1,86,13.6,16.0,1009.3,16.0,236,24.4,0
2026-08-31,31.4,25.7,27.7,82,3.0,4.0,1008.9,15.2,235,24.3,0
