date,temperature_2m_max,temperature_2m_min,temperature_2m_mean,relative_humidity_2m_mean,precipitation_sum,precipitation_hours,surface_pressure_mean,wind_speed_10m_max,wind_direction_10m_dominant,dew_point_2m_mean,Rain_Flood_Risk,temperature_2m_max_minmax,temperature_2m_max_zscore,temperature_2m_min_minmax,temperature_2m_min_zscore,temperature_2m_mean_minmax,temperature_2m_mean_zscore,relative_humidity_2m_mean_minmax,relative_humidity_2m_mean_zscore,surface_pressure_mean_minmax,surface_pressure_mean_zscore,wind_speed_10m_max_minmax,wind_speed_10m_max_zscore,wind_direction_10m_dominant_minmax,wind_direction_10m_dominant_zscore,dew_point_2m_mean_minmax,dew_point_2m_mean_zscore
2020-01-01,33.9,23.1,28.8,52,0.0,0.0,1013.5,18.3,45,17.5,0,0.5925925925925926,0.7089028007579968,0.4561403508771931,-0.8986179239388299,0.5795454545454547,0.8624212228687879,0.06818181818181818,-2.4709896238034506,0.863309352517987,2.395277508455522,0.5408560311284046,0.6574100251809567,0.125,-1.576064830641,0.30400000000000005,-2.4388983968630447
2020-01-02,33.9,22.9,28.6,57,0.0,0.0,1013.9,16.0,47,18.9,0,0.5925925925925926,0.7089028007579968,0.4385964912280701,-1.0427400806844964,0.556818181818182,0.7155837808042849,0.18181818181818182,-1.9911532892131671,0.8920863309352516,2.5998225901889875,0.4513618677042801,0.11435199308178762,0.13055555555555556,-1.5519154821637489,0.4159999999999999,-1.8088959997526102
2020-01-03,33.6,23.1,28.4,60,0.0,0.0,1012.8,14.1,59,19.4,0,0.5703703703703705,0.5701164539207784,0.4561403508771931,-0.8986179239388299,0.534090909090909,0.5687463387397792,0.25,-1.703251488458997,0.8129496402877678,2.037323615421914,0.37743190661478593,-0.3342611638696999,0.1638888888888889,-1.4070193913002422,0.45599999999999996,-1.5838951436417406
2020-01-04,33.5,23.5,27.8,65,0.0,0.0,1011.1,12.7,109,20.3,0,0.5629629629629631,0.5238543383083711,0.4912280701754386,-0.6103736104475019,0.46590909090909105,0.12823401254627018,0.36363636363636365,-1.2234151538687135,0.6906474820143913,1.1680070180546713,0.3229571984435797,-0.6648182268865854,0.30277777777777776,-0.803285679368965,0.5280000000000001,-1.1788936026421744
2020-01-05,33.0,22.8,27.6,62,0.0,0.0,1011.1,14.7,115,18.7,0,0.525925925925926,0.2925437602463384,0.4298245614035089,-1.114801159057327,0.4431818181818184,-0.018603429518232836,0.29545454545454547,-1.5113169546228835,0.6906474820143913,1.1680070180546713,0.4007782101167314,-0.19259385114817762,0.3194444444444444,-0.7308376339372117,0.4,-1.8988963421969578
2020-01-06,34.0,22.0,27.7,63,0.0,0.0,1011.4,15.2,56,19.3,0,0.6000000000000001,0.755164916370404,0.3596491228070176,-1.6912897860399854,0.45454545454545453,0.05481529151401737,0.3181818181818182,-1.4153496877048268,0.7122302158273377,1.3214158293547558,0.42023346303501935,-0.07453775721357567,0.15555555555555556,-1.443243414016119,0.4480000000000001,-1.6288953148639136
2020-01-07,34.4,24.3,29.0,61,0.3,2.0,1010.3,14.5,99,20.1,0,0.6296296296296297,0.9402133788200295,0.5614035087719299,-0.03388498346484352,0.6022727272727273,1.0092586649332909,0.2727272727272727,-1.6072842215409402,0.6330935251798538,0.7589168545876823,0.3929961089494163,-0.23981628872201824,0.275,-0.9240324217552205,0.5120000000000001,-1.2688939450865218
2020-01-08,35.5,25.2,29.7,58,0.0,0.0,1009.9,12.9,91,20.0,0,0.7111111111111112,1.4490966505565024,0.6403508771929824,0.6146647218906456,0.6818181818181818,1.5231897121590527,0.20454545454545456,-1.8951860222951105,0.6043165467625893,0.5543717728542169,0.33073929961089493,-0.6175957893127444,0.25277777777777777,-1.0206298156642248,0.504,-1.3138941163086963
2020-01-09,34.9,24.5,28.9,64,0.2,2.0,1009.0,15.0,145,20.8,0,0.6666666666666666,1.1715239568820623,0.5789473684210527,0.11023717328082044,0.5909090909090908,0.9358399439010381,0.3409090909090909,-1.3193824207867701,0.5395683453237419,0.0941453389539052,0.4124513618677042,-0.12176019478741629,0.4027777777777778,-0.3685974067784453,0.5680000000000001,-0.9538927465313046
2020-01-10,34.3,24.6,28.9,59,0.0,0.0,1008.9,16.0,80,19.6,0,0.6222222222222221,0.8939512632076224,0.5877192982456142,0.1822982516536537,0.5909090909090908,0.9358399439010381,0.22727272727272727,-1.7992187553770538,0.5323741007194237,0.04300906852052431,0.4513618677042801,0.11435199308178762,0.2222222222222222,-1.153451232289106,0.4720000000000002,-1.4938948011973914
2020-01-11,32.5,24.2,28.0,66,0.1,1.0,1009.2,16.0,206,20.5,0,0.488888888888889,0.061233182184305575,0.5526315789473684,-0.10594606183767678,0.4886363636363637,0.2750714546107732,0.38636363636363635,-1.1274478869506568,0.5539568345323783,0.19641787982066697,0.4513618677042801,0.11435199308178762,0.5722222222222222,0.367957721777713,0.544,-1.0888932601978267
2020-01-12,31.6,24.8,27.3,72,0.9,9.0,1009.3,17.6,142,21.5,0,0.42222222222222244,-0.35512585832735283,0.605263157894737,0.3264204083993177,0.4090909090909092,-0.23885959261498868,0.5227272727272727,-0.5516442854423164,0.5611510791366883,0.24755415025398972,0.5136186770428015,0.4921314936725142,0.39444444444444443,-0.404821429494322,0.6240000000000001,-0.6388915479760875
2020-01-13,33.0,22.3,27.3,66,0.0,0.0,1009.1,17.3,77,19.3,0,0.525925925925926,0.2925437602463384,0.38596491228070184,-1.4751065509214882,0.4090909090909092,-0.23885959261498868,0.38636363636363635,-1.1274478869506568,0.54676258992806,0.14528160938728607,0.5019455252918288,0.42129783731175285,0.21388888888888888,-1.1896752550049825,0.4480000000000001,-1.6288953148639136
2020-01-14,33.4,22.3,27.1,62,0.0,0.0,1010.3,21.5,118,18.4,0,0.5555555555555556,0.47759222269596396,0.38596491228070184,-1.4751065509214882,0.3863636363636366,-0.3856970346794917,0.29545454545454547,-1.5113169546228835,0.6330935251798538,0.7589168545876823,0.6653696498054474,1.412969026362409,0.3277777777777778,-0.6946136112213351,0.37599999999999995,-2.03389685586348
2020-01-15,33.3,21.7,27.0,58,0.0,0.0,1010.8,17.1,106,17.4,0,0.548148148148148,0.43133010708355674,0.3333333333333333,-1.9074730211584827,0.37500000000000006,-0.4591157557117445,0.20454545454545456,-1.8951860222951105,0.6690647482014367,1.0145982067545287,0.4941634241245136,0.3740753997379122,0.29444444444444445,-0.8395097020848417,0.29599999999999993,-2.4838985680852192
2020-01-16,34.1,22.3,27.9,63,0.0,0.0,1010.9,15.9,120,19.5,0,0.6074074074074076,0.8014270319828112,0.38596491228070184,-1.4751065509214882,0.4772727272727271,0.2016527335785204,0.3181818181818182,-1.4153496877048268,0.6762589928057549,1.0657344771879096,0.44747081712062253,0.09074077429486731,0.3333333333333333,-0.670464262744084,0.4640000000000001,-1.538894972419566
2020-01-17,33.9,23.5,28.0,65,0.0,0.0,1011.5,19.4,112,20.2,0,0.5925925925925926,0.7089028007579968,0.4912280701754386,-0.6103736104475019,0.4886363636363637,0.2750714546107732,0.36363636363636365,-1.2234151538687135,0.7194244604316559,1.3725520997881366,0.583657587548638,0.9171334318370805,0.3111111111111111,-0.7670616566530883,0.52,-1.223893773864349
2020-01-18,32.3,23.7,27.4,66,0.1,1.0,1011.2,17.1,142,20.2,0,0.474074074074074,-0.03129104904050886,0.5087719298245613,-0.46625145370183796,0.42045454545454536,-0.16544087158273846,0.38636363636363635,-1.1274478869506568,0.6978417266187095,1.2191432884880522,0.4941634241245136,0.3740753997379122,0.39444444444444443,-0.404821429494322,0.52,-1.223893773864349
2020-01-19,33.8,23.2,27.8,59,0.0,0.0,1011.5,16.8,108,18.5,0,0.585185185185185,0.6626406851455896,0.4649122807017544,-0.8265568455659992,0.46590909090909105,0.12823401254627018,0.22727272727272727,-1.7992187553770538,0.7194244604316559,1.3725520997881366,0.4824902723735408,0.3032417433771509,0.3,-0.8153603536075905,0.38400000000000006,-1.9888966846413052
2020-01-20,34.6,23.4,28.2,62,0.0,0.0,1012.0,19.1,124,19.4,0,0.6444444444444447,1.032737610044844,0.4824561403508771,-0.6824346888203352,0.5113636363636364,0.4219088966752762,0.29545454545454547,-1.5113169546228835,0.7553956834532386,1.628233451954983,0.5719844357976653,0.8462997754763201,0.34444444444444444,-0.6221655657895818,0.45599999999999996,-1.5838951436417406
2020-01-21,35.1,24.1,28.7,55,0.0,0.0,1013.3,19.2,113,18.3,0,0.6814814814814817,1.2640481881068768,0.5438596491228072,-0.17800714021050748,0.5681818181818181,0.7890025018365351,0.13636363636363635,-2.1830878230492807,0.8489208633093507,2.29300496758876,0.5758754863813228,0.8699109942632399,0.3138888888888889,-0.7549869824144628,0.3680000000000001,-2.078897027085653
2020-01-22,35.0,23.7,28.7,58,0.0,0.0,1012.3,20.4,121,19.0,0,0.6740740740740742,1.2177860724944696,0.5087719298245613,-0.46625145370183796,0.5681818181818181,0.7890025018365351,0.20454545454545456,-1.8951860222951105,0.776978417266185,1.7816422632550677,0.6225680933852139,1.1532456197062844,0.33611111111111114,-0.6583895885054585,0.42400000000000004,-1.7638958285304356
2020-01-23,34.8,24.2,28.5,54,0.0,0.0,1011.5,20.0,112,17.9,0,0.6592592592592591,1.1252618412696551,0.5526315789473684,-0.10594606183767678,0.5454545454545455,0.6421650597720321,0.11363636363636363,-2.279055089967337,0.7194244604316559,1.3725520997881366,0.6070038910505836,1.0588007445586032,0.3111111111111111,-0.7670616566530883,0.33599999999999997,-2.2588977119743494
2020-01-24,35.6,22.9,28.2,54,0.0,0.0,1011.2,24.0,127,16.9,0,0.7185185185185188,1.4953587661689096,0.4385964912280701,-1.0427400806844964,0.5113636363636364,0.4219088966752762,0.11363636363636363,-2.279055089967337,0.6978417266187095,1.2191432884880522,0.7626459143968871,2.003249496035419,0.3527777777777778,-0.5859415430737052,0.25599999999999995,-2.7088994241960886
2020-01-25,33.0,23.8,27.5,66,0.0,0.0,1010.2,19.7,145,20.3,0,0.525925925925926,0.2925437602463384,0.5175438596491229,-0.3941903753290047,0.4318181818181819,-0.09202215055048565,0.38636363636363635,-1.1274478869506568,0.6258992805755439,0.7077805841543596,0.5953307392996108,0.9879670881978418,0.4027777777777778,-0.3685974067784453,0.5280000000000001,-1.1788936026421744
2020-01-26,34.1,23.0,27.4,72,0.0,0.0,1009.7,21.0,139,21.2,0,0.6074074074074076,0.8014270319828112,0.44736842105263164,-0.970679002311663,0.42045454545454536,-0.16544087158273846,0.5227272727272727,-0.5516442854423164,0.589928057553961,0.4520992319875133,0.6459143968871596,1.294912932427807,0.3861111111111111,-0.4410454522101986,0.6,-0.7738920616426096
2020-01-27,32.8,23.5,26.9,74,0.4,4.0,1009.8,21.9,145,21.4,0,0.511111111111111,0.20001952902152395,0.4912280701754386,-0.6103736104475019,0.36363636363636354,-0.5325344767439973,0.5681818181818182,-0.35970975160620294,0.5971223021582711,0.503235502420836,0.6809338521400777,1.5074139015100902,0.4027777777777778,-0.3685974067784453,0.616,-0.6838917191982621
2020-01-28,33.6,22.7,26.9,72,0.0,0.0,1010.5,23.1,140,20.6,0,0.5703703703703705,0.5701164539207784,0.42105263157894735,-1.1868622374301603,0.36363636363636354,-0.5325344767439973,0.5227272727272727,-0.5516442854423164,0.6474820143884903,0.8611893954544442,0.727626459143969,1.7907485269531356,0.3888888888888889,-0.42897077797157307,0.5520000000000002,-1.0438930889756521
2020-01-29,32.9,22.0,26.6,73,0.0,0.0,1011.7,21.1,136,20.6,0,0.5185185185185185,0.24628164463393118,0.3596491228070176,-1.6912897860399854,0.32954545454545475,-0.7527906398407506,0.5454545454545454,-0.4556770185242597,0.7338129496402922,1.4748246406548986,0.6498054474708171,1.3185241512147279,0.37777777777777777,-0.47726947492607524,0.5520000000000002,-1.0438930889756521
2020-01-30,31.9,23.4,27.1,72,0.4,3.0,1011.2,16.1,101,21.2,0,0.4444444444444444,-0.21633951149013445,0.4824561403508771,-0.6824346888203352,0.3863636363636366,-0.3856970346794917,0.5227272727272727,-0.5516442854423164,0.6978417266187095,1.2191432884880522,0.45525291828793774,0.13796321186870833,0.28055555555555556,-0.8998830732779693,0.6,-0.7738920616426096
2020-01-31,31.6,23.5,26.8,64,0.4,3.0,1012.0,16.8,119,19.0,0,0.42222222222222244,-0.35512585832735283,0.4912280701754386,-0.6103736104475019,0.3522727272727274,-0.6059531977762476,0.3409090909090909,-1.3193824207867701,0.7553956834532386,1.628233451954983,0.4824902723735408,0.3032417433771509,0.33055555555555555,-0.6825389369827095,0.42400000000000004,-1.7638958285304356
2020-02-01,33.2,22.7,26.7,57,0.0,0.0,1012.2,21.7,124,16.9,0,0.5407407407407411,0.38506799147115284,0.42105263157894735,-1.1868622374301603,0.3409090909090909,-0.6793719188085003,0.18181818181818182,-1.9911532892131671,0.769784172661875,1.7305059928217448,0.6731517509727625,1.4601914639362497,0.34444444444444444,-0.6221655657895818,0.25599999999999995,-2.7088994241960886
2020-02-02,32.5,21.4,26.3,59,0.0,0.0,1013.4,18.5,127,17.1,0,0.488888888888889,0.061233182184305575,0.3070175438596491,-2.12365625627698,0.2954545454545456,-0.9730468029375063,0.22727272727272727,-1.7992187553770538,0.8561151079136688,2.344141238022141,0.5486381322957198,0.7046324627547973,0.3527777777777778,-0.5859415430737052,0.2720000000000002,-2.6188990817517395
2020-02-03,34.0,21.6,26.9,59,0.0,0.0,1012.6,21.3,121,17.1,0,0.6000000000000001,0.755164916370404,0.3245614035087721,-1.9795340995313133,0.36363636363636354,-0.5325344767439973,0.22727272727272727,-1.7992187553770538,0.7985611510791396,1.9350510745552103,0.6575875486381322,1.3657465887885685,0.33611111111111114,-0.6583895885054585,0.2720000000000002,-2.6188990817517395
2020-02-04,34.0,22.7,27.6,57,0.0,0.0,1011.5,19.6,113,17.7,0,0.6000000000000001,0.755164916370404,0.42105263157894735,-1.1868622374301603,0.4431818181818184,-0.018603429518232836,0.18181818181818182,-1.9911532892131671,0.7194244604316559,1.3725520997881366,0.5914396887159533,0.964355869410922,0.3138888888888889,-0.7549869824144628,0.32,-2.348898054418697
2020-02-05,34.5,22.6,27.6,51,0.0,0.0,1011.0,18.4,111,15.8,0,0.6370370370370372,0.9864754944324368,0.41228070175438614,-1.258923315802991,0.4431818181818184,-0.018603429518232836,0.045454545454545456,-2.5669568907215075,0.683453237410073,1.1168707476212905,0.5447470817120621,0.6810212439678767,0.30833333333333335,-0.7791363308917139,0.16800000000000012,-3.203901307640001
2020-02-06,33.0,21.4,26.6,53,0.0,0.0,1012.1,22.0,126,15.5,0,0.525925925925926,0.2925437602463384,0.3070175438596491,-2.12365625627698,0.32954545454545475,-0.7527906398407506,0.09090909090909091,-2.375022356885394,0.7625899280575569,1.679369722388364,0.6848249027237354,1.5310251202970109,0.35,-0.5980162173123307,0.14400000000000004,-3.338901821306523
2020-02-07,34.2,21.4,27.1,53,0.0,0.0,1012.3,18.9,121,16.0,0,0.6148148148148151,0.8476891475952184,0.3070175438596491,-2.12365625627698,0.3863636363636366,-0.3856970346794917,0.09090909090909091,-2.375022356885394,0.776978417266185,1.7816422632550677,0.5642023346303501,0.7990773379024786,0.33611111111111114,-0.6583895885054585,0.18400000000000005,-3.1139009651956533
2020-02-08,33.4,21.5,27.9,61,0.0,0.0,1012.2,11.2,345,19.0,0,0.5555555555555556,0.47759222269596396,0.31578947368421056,-2.051595177904147,0.4772727272727271,0.2016527335785204,0.2727272727272727,-1.6072842215409402,0.769784172661875,1.7305059928217448,0.2645914396887159,-1.0189865086903913,0.9583333333333334,2.046337440946664,0.42400000000000004,-1.7638958285304356
2020-02-09,30.7,25.2,27.8,55,0.4,3.0,1012.1,21.5,43,17.8,0,0.3555555555555556,-0.7714848988390128,0.6403508771929824,0.6146647218906456,0.46590909090909105,0.12823401254627018,0.13636363636363635,-2.1830878230492807,0.7625899280575569,1.679369722388364,0.6653696498054474,1.412969026362409,0.11944444444444445,-1.6002141791182511,0.3280000000000001,-2.3038978831965222
2020-02-10,32.0,23.4,27.7,57,0.0,0.0,1012.3,13.0,60,18.0,0,0.45185185185185195,-0.17007739587772722,0.4824561403508771,-0.6824346888203352,0.45454545454545453,0.05481529151401737,0.18181818181818182,-1.9911532892131671,0.776978417266185,1.7816422632550677,0.3346303501945525,-0.5939845705258241,0.16666666666666666,-1.3949447170616167,0.3440000000000001,-2.213897540752175
2020-02-11,35.0,23.7,28.9,58,0.0,0.0,1012.5,21.5,113,19.1,0,0.6740740740740742,1.2177860724944696,0.5087719298245613,-0.46625145370183796,0.5909090909090908,0.9358399439010381,0.20454545454545456,-1.8951860222951105,0.7913669064748214,1.8839148041218294,0.6653696498054474,1.412969026362409,0.3138888888888889,-0.7549869824144628,0.43200000000000016,-1.718895657308261
2020-02-12,34.7,24.9,29.1,59,0.3,3.0,1012.2,21.2,124,19.8,0,0.6518518518518521,1.0789997256572512,0.6140350877192982,0.39848148677214834,0.6136363636363639,1.0826773859655436,0.22727272727272727,-1.7992187553770538,0.769784172661875,1.7305059928217448,0.6536964980544745,1.3421353700016476,0.34444444444444444,-0.6221655657895818,0.4880000000000001,-1.403894458753044
2020-02-13,35.8,24.5,28.4,68,0.0,0.0,1011.4,24.4,141,21.1,0,0.7333333333333333,1.5878829973937207,0.5789473684210527,0.11023717328082044,0.534090909090909,0.5687463387397792,0.4318181818181818,-0.9355133531145432,0.7122302158273377,1.3214158293547558,0.7782101167315174,2.0976943711831,0.39166666666666666,-0.4168961037329475,0.5920000000000002,-0.8188922328647825
2020-02-14,33.5,24.5,27.7,72,0.0,0.0,1010.2,22.0,145,21.7,0,0.5629629629629631,0.5238543383083711,0.5789473684210527,0.11023717328082044,0.45454545454545453,0.05481529151401737,0.5227272727272727,-0.5516442854423164,0.6258992805755439,0.7077805841543596,0.6848249027237354,1.5310251202970109,0.4027777777777778,-0.3685974067784453,0.64,-0.54889120553174
2020-02-15,33.1,23.5,27.6,73,0.0,0.0,1010.9,19.6,145,21.6,0,0.5333333333333335,0.3388058758587456,0.4912280701754386,-0.6103736104475019,0.4431818181818184,-0.018603429518232836,0.5454545454545454,-0.4556770185242597,0.6762589928057549,1.0657344771879096,0.5914396887159533,0.964355869410922,0.4027777777777778,-0.3685974067784453,0.6320000000000001,-0.5938913767539129
2020-02-16,34.6,23.7,28.4,71,0.0,0.0,1011.8,18.6,139,21.9,0,0.6444444444444447,1.032737610044844,0.5087719298245613,-0.46625145370183796,0.534090909090909,0.5687463387397792,0.5,-0.647611552360373,0.7410071942446023,1.5259609110882213,0.5525291828793775,0.728243681541718,0.3861111111111111,-0.4410454522101986,0.6559999999999999,-0.4588908630873924
2020-02-17,33.6,25.5,28.7,70,2.2,13.0,1012.6,20.5,112,22.2,0,0.5703703703703705,0.5701164539207784,0.6666666666666666,0.8308479570091428,0.5681818181818181,0.7890025018365351,0.4772727272727273,-0.7435788192784298,0.7985611510791396,1.9350510745552103,0.6264591439688716,1.1768568384932052,0.3111111111111111,-0.7670616566530883,0.68,-0.3238903494208703
2020-02-18,33.5,24.9,28.3,64,1.2,5.0,1012.6,18.6,122,20.4,0,0.5629629629629631,0.5238543383083711,0.6140350877192982,0.39848148677214834,0.5227272727272728,0.49532761770752903,0.3409090909090909,-1.3193824207867701,0.7985611510791396,1.9350510745552103,0.5525291828793775,0.728243681541718,0.3388888888888889,-0.6463149142668329,0.5359999999999999,-1.1338934314200013
2020-02-19,34.7,22.3,28.2,53,0.0,0.0,1012.8,18.4,99,17.1,0,0.6518518518518521,1.0789997256572512,0.38596491228070184,-1.4751065509214882,0.5113636363636364,0.4219088966752762,0.09090909090909091,-2.375022356885394,0.8129496402877678,2.037323615421914,0.5447470817120621,0.6810212439678767,0.275,-0.9240324217552205,0.2720000000000002,-2.6188990817517395
2020-02-20,35.0,22.6,28.5,56,0.0,0.0,1012.7,17.7,112,18.0,0,0.6740740740740742,1.2177860724944696,0.41228070175438614,-1.258923315802991,0.5454545454545455,0.6421650597720321,0.1590909090909091,-2.087120556131224,0.8057553956834578,1.9861873449885912,0.5175097276264591,0.515742712459434,0.3111111111111111,-0.7670616566530883,0.3440000000000001,-2.213897540752175
2020-02-21,35.8,23.4,29.3,51,0.0,0.0,1013.8,17.9,74,17.5,0,0.7333333333333333,1.5878829973937207,0.4824561403508771,-0.6824346888203352,0.6363636363636365,1.2295148280300467,0.045454545454545456,-2.5669568907215075,0.8848920863309334,2.5486863197556064,0.5252918287937742,0.5629651500332746,0.20555555555555555,-1.225899277720859,0.30400000000000005,-2.4388983968630447
2020-02-22,35.2,22.1,28.4,52,0.0,0.0,1014.2,20.9,71,16.8,0,0.6888888888888892,1.310310303719284,0.36842105263157915,-1.619228707667152,0.534090909090909,0.5687463387397792,0.06818181818181818,-2.4709896238034506,0.9136690647482062,2.75323140148913,0.6420233463035019,1.2713017136408864,0.19722222222222222,-1.2621233004367358,0.2480000000000001,-2.7538995954182615
2020-02-23,34.7,22.6,28.3,49,0.0,0.0,1013.4,21.9,61,16.0,0,0.6518518518518521,1.0789997256572512,0.41228070175438614,-1.258923315802991,0.5227272727272728,0.49532761770752903,0.0,-2.758891424557621,0.8561151079136688,2.344141238022141,0.6809338521400777,1.5074139015100902,0.16944444444444445,-1.3828700428229912,0.18400000000000005,-3.1139009651956533
2020-02-24,35.7,23.1,28.5,49,0.0,0.0,1011.8,23.8,119,15.8,0,0.7259259259259262,1.5416208817813168,0.4561403508771931,-0.8986179239388299,0.5454545454545455,0.6421650597720321,0.0,-2.758891424557621,0.7410071942446023,1.5259609110882213,0.7548638132295719,1.9560270584615782,0.33055555555555555,-0.6825389369827095,0.16800000000000012,-3.203901307640001
2020-02-25,35.2,23.2,28.6,54,0.0,0.0,1010.6,24.4,123,17.8,0,0.6888888888888892,1.310310303719284,0.4649122807017544,-0.8265568455659992,0.556818181818182,0.7155837808042849,0.11363636363636363,-2.279055089967337,0.6546762589928085,0.912325665887825,0.7782101167315174,2.0976943711831,0.3416666666666667,-0.6342402400282073,0.3280000000000001,-2.3038978831965222
2020-02-26,35.8,24.9,29.5,54,0.2,2.0,1010.6,23.3,104,18.7,0,0.7333333333333333,1.5878829973937207,0.6140350877192982,0.39848148677214834,0.6590909090909092,1.3763522700945499,0.11363636363636363,-2.279055089967337,0.6546762589928085,0.912325665887825,0.7354085603112839,1.8379709645269762,0.28888888888888886,-0.8636590505620927,0.4,-1.8988963421969578
2020-02-27,36.3,24.5,29.5,51,0.0,0.0,1009.8,19.9,108,17.8,0,0.7703703703703703,1.8191935754557536,0.5789473684210527,0.11023717328082044,0.6590909090909092,1.3763522700945499,0.045454545454545456,-2.5669568907215075,0.5971223021582711,0.503235502420836,0.6031128404669259,1.0351895257716826,0.3,-0.8153603536075905,0.3280000000000001,-2.3038978831965222
2020-02-28,35.2,23.9,28.8,52,0.0,0.0,1009.5,25.5,138,17.4,0,0.6888888888888892,1.310310303719284,0.5263157894736841,-0.322129296956174,0.5795454545454547,0.8624212228687879,0.06818181818181818,-2.4709896238034506,0.5755395683453247,0.3498266911207515,0.8210116731517509,2.3574177778392245,0.38333333333333336,-0.45312012644882416,0.29599999999999993,-2.4838985680852192
2020-02-29,35.6,24.1,28.7,59,0.0,0.0,1009.1,22.2,130,19.3,0,0.7185185185185188,1.4953587661689096,0.5438596491228072,-0.17800714021050748,0.5681818181818181,0.7890025018365351,0.22727272727272727,-1.7992187553770538,0.54676258992806,0.14528160938728607,0.6926070038910503,1.5782475578708517,0.3611111111111111,-0.5497175203578285,0.4480000000000001,-1.6288953148639136
2020-03-01,35.2,24.5,28.9,62,0.1,1.0,1009.7,22.6,134,20.2,0,0.6888888888888892,1.310310303719284,0.5789473684210527,0.11023717328082044,0.5909090909090908,0.9358399439010381,0.29545454545454547,-1.5113169546228835,0.589928057553961,0.4520992319875133,0.708171206225681,1.6726924330185335,0.37222222222222223,-0.5014188234033263,0.52,-1.223893773864349
2020-03-02,36.1,25.1,29.0,62,0.0,0.0,1009.5,23.8,126,20.4,0,0.7555555555555558,1.7266693442309424,0.6315789473684211,0.5426036435178149,0.6022727272727273,1.0092586649332909,0.29545454545454547,-1.5113169546228835,0.5755395683453247,0.3498266911207515,0.7548638132295719,1.9560270584615782,0.35,-0.5980162173123307,0.5359999999999999,-1.1338934314200013
2020-03-03,36.1,25.0,29.1,57,0.0,0.0,1009.8,22.3,122,19.2,0,0.7555555555555558,1.7266693442309424,0.6228070175438597,0.4705425651449816,0.6136363636363639,1.0826773859655436,0.18181818181818182,-1.9911532892131671,0.5971223021582711,0.503235502420836,0.696498054474708,1.6018587766577723,0.3388888888888889,-0.6463149142668329,0.44,-1.6738954860860882
2020-03-04,34.9,25.0,28.7,61,0.0,0.0,1010.0,21.3,131,20.1,0,0.6666666666666666,1.1715239568820623,0.6228070175438597,0.4705425651449816,0.5681818181818181,0.7890025018365351,0.2727272727272727,-1.6072842215409402,0.6115107913669074,0.6055080432875978,0.6575875486381322,1.3657465887885685,0.3638888888888889,-0.537642846119203,0.5120000000000001,-1.2688939450865218
2020-03-05,34.5,24.9,28.8,62,0.1,1.0,1010.6,23.4,125,20.2,0,0.6370370370370372,0.9864754944324368,0.6140350877192982,0.39848148677214834,0.5795454545454547,0.8624212228687879,0.29545454545454547,-1.5113169546228835,0.6546762589928085,0.912325665887825,0.7392996108949416,1.8615821833138961,0.3472222222222222,-0.6100908915509563,0.52,-1.223893773864349
2020-03-06,34.3,24.9,28.3,64,0.0,0.0,1011.8,20.5,139,20.3,0,0.6222222222222221,0.8939512632076224,0.6140350877192982,0.39848148677214834,0.5227272727272728,0.49532761770752903,0.3409090909090909,-1.3193824207867701,0.7410071942446023,1.5259609110882213,0.6264591439688716,1.1768568384932052,0.3861111111111111,-0.4410454522101986,0.5280000000000001,-1.1788936026421744
2020-03-07,34.9,24.7,28.4,68,0.0,0.0,1011.5,20.5,140,21.5,0,0.6666666666666666,1.1715239568820623,0.5964912280701754,0.2543593300264844,0.534090909090909,0.5687463387397792,0.4318181818181818,-0.9355133531145432,0.7194244604316559,1.3725520997881366,0.6264591439688716,1.1768568384932052,0.3888888888888889,-0.42897077797157307,0.6240000000000001,-0.6388915479760875
2020-03-08,34.8,24.5,29.2,68,0.0,0.0,1009.3,15.3,175,21.9,0,0.6592592592592591,1.1252618412696551,0.5789473684210527,0.11023717328082044,0.625,1.156096106997794,0.4318181818181818,-0.9355133531145432,0.5611510791366883,0.24755415025398972,0.42412451361867703,-0.05092653842665494,0.4861111111111111,-0.006357179619678942,0.6559999999999999,-0.4588908630873924
2020-03-09,34.7,25.5,29.3,72,0.8,6.0,1008.0,14.9,169,23.5,0,0.6518518518518521,1.0789997256572512,0.6666666666666666,0.8308479570091428,0.6363636363636365,1.2295148280300467,0.5227272727272727,-0.5516442854423164,0.4676258992805763,-0.41721736537978743,0.40856031128404663,-0.14537141357433658,0.46944444444444444,-0.07880522505143223,0.784,0.26111187646739104
2020-03-10,35.2,25.5,29.5,72,0.1,1.0,1008.2,17.6,153,23.5,0,0.6888888888888892,1.310310303719284,0.6666666666666666,0.8308479570091428,0.6590909090909092,1.3763522700945499,0.5227272727272727,-0.5516442854423164,0.4820143884892127,-0.31494482451302563,0.5136186770428015,0.4921314936725142,0.425,-0.272000012869441,0.784,0.26111187646739104
2020-03-11,33.0,26.0,28.9,71,1.5,9.0,1010.4,20.6,135,22.7,0,0.525925925925926,0.2925437602463384,0.7105263157894737,1.191153348873304,0.5909090909090908,0.9358399439010381,0.5,-0.647611552360373,0.6402877697841721,0.8100531250210632,0.6303501945525293,1.2004680572801258,0.375,-0.4893441491647008,0.72,-0.0988894933100007
2020-03-12,36.8,24.4,29.2,63,0.0,0.0,1011.3,24.2,135,20.9,0,0.8074074074074074,2.0505041535177866,0.5701754385964911,0.03817609490798718,0.625,1.156096106997794,0.3181818181818182,-1.4153496877048268,0.7050359712230194,1.270279558921375,0.7704280155642022,2.050471933609259,0.375,-0.4893441491647008,0.576,-0.9088925753091317
2020-03-13,35.5,25.3,29.2,67,0.0,0.0,1011.4,22.3,143,21.9,0,0.7111111111111112,1.4490966505565024,0.6491228070175439,0.6867258002634788,0.625,1.156096106997794,0.4090909090909091,-1.0314806200325999,0.7122302158273377,1.3214158293547558,0.696498054474708,1.6018587766577723,0.3972222222222222,-0.3927467552556964,0.6559999999999999,-0.4588908630873924
2020-03-14,37.2,25.5,29.3,65,0.0,0.0,1010.6,26.2,132,21.4,0,0.8370370370370374,2.2355526159674155,0.6666666666666666,0.8308479570091428,0.6363636363636365,1.2295148280300467,0.36363636363636365,-1.2234151538687135,0.6546762589928085,0.912325665887825,0.8482490272373538,2.5226963093476673,0.36666666666666664,-0.5255681718805775,0.616,-0.6838917191982621
2020-03-15,37.1,24.4,29.4,61,0.1,1.0,1010.5,26.0,129,20.3,0,0.8296296296296298,2.1892905003550083,0.5701754385964911,0.03817609490798718,0.6477272727272726,1.3029335490622969,0.2727272727272727,-1.6072842215409402,0.6474820143884903,0.8611893954544442,0.8404669260700389,2.4754738717738265,0.35833333333333334,-0.561792194596454,0.5280000000000001,-1.1788936026421744
2020-03-16,37.7,25.2,30.0,58,0.0,0.0,1010.8,27.5,116,19.9,0,0.8740740740740743,2.466863194029448,0.6403508771929824,0.6146647218906456,0.7159090909090909,1.7434458752558086,0.20454545454545456,-1.8951860222951105,0.6690647482014367,1.0145982067545287,0.8988326848249026,2.8296421535776326,0.32222222222222224,-0.7187629596985862,0.49599999999999994,-1.358894287530871
2020-03-17,36.2,25.4,29.7,61,0.0,0.0,1011.5,22.0,125,20.4,0,0.7629629629629633,1.7729314598433497,0.6578947368421051,0.7587868786363096,0.6818181818181818,1.5231897121590527,0.2727272727272727,-1.6072842215409402,0.7194244604316559,1.3725520997881366,0.6848249027237354,1.5310251202970109,0.3472222222222222,-0.6100908915509563,0.5359999999999999,-1.1338934314200013
2020-03-18,36.4,24.6,29.2,64,0.0,0.0,1010.3,23.1,143,20.8,0,0.7777777777777778,1.8654556910681608,0.5877192982456142,0.1822982516536537,0.625,1.156096106997794,0.3409090909090909,-1.3193824207867701,0.6330935251798538,0.7589168545876823,0.727626459143969,1.7907485269531356,0.3972222222222222,-0.3927467552556964,0.5680000000000001,-0.9538927465313046
2020-03-19,35.6,25.9,29.1,67,0.0,0.0,1010.4,25.9,142,21.5,0,0.7185185185185188,1.4953587661689096,0.7017543859649121,1.1190922705004707,0.6136363636363639,1.0826773859655436,0.4090909090909091,-1.0314806200325999,0.6402877697841721,0.8100531250210632,0.8365758754863812,2.4518626529869056,0.39444444444444443,-0.404821429494322,0.6240000000000001,-0.6388915479760875
2020-03-20,35.5,25.1,29.0,64,0.0,0.0,1011.2,24.0,139,20.2,0,0.7111111111111112,1.4490966505565024,0.6315789473684211,0.5426036435178149,0.6022727272727273,1.0092586649332909,0.3409090909090909,-1.3193824207867701,0.6978417266187095,1.2191432884880522,0.7626459143968871,2.003249496035419,0.3861111111111111,-0.4410454522101986,0.52,-1.223893773864349
2020-03-21,35.7,24.9,29.0,68,0.0,0.0,1011.1,23.8,137,21.6,0,0.7259259259259262,1.5416208817813168,0.6140350877192982,0.39848148677214834,0.6022727272727273,1.0092586649332909,0.4318181818181818,-0.9355133531145432,0.6906474820143913,1.1680070180546713,0.7548638132295719,1.9560270584615782,0.38055555555555554,-0.4651948006874497,0.6320000000000001,-0.5938913767539129
2020-03-22,34.9,24.8,28.9,68,0.7,3.0,1010.4,19.5,139,21.7,0,0.6666666666666666,1.1715239568820623,0.605263157894737,0.3264204083993177,0.5909090909090908,0.9358399439010381,0.4318181818181818,-0.9355133531145432,0.6402877697841721,0.8100531250210632,0.5875486381322956,0.9407446506240013,0.3861111111111111,-0.4410454522101986,0.64,-0.54889120553174
2020-03-23,35.3,25.5,29.1,65,0.1,1.0,1009.9,21.7,143,21.1,0,0.6962962962962962,1.356572419331688,0.6666666666666666,0.8308479570091428,0.6136363636363639,1.0826773859655436,0.36363636363636365,-1.2234151538687135,0.6043165467625893,0.5543717728542169,0.6731517509727625,1.4601914639362497,0.3972222222222222,-0.3927467552556964,0.5920000000000002,-0.8188922328647825
2020-03-24,35.0,25.0,28.8,64,0.1,1.0,1009.4,21.5,134,20.6,0,0.6740740740740742,1.2177860724944696,0.6228070175438597,0.4705425651449816,0.5795454545454547,0.8624212228687879,0.3409090909090909,-1.3193824207867701,0.5683453237410064,0.2986904206873706,0.6653696498054474,1.412969026362409,0.37222222222222223,-0.5014188234033263,0.5520000000000002,-1.0438930889756521
2020-03-25,36.1,25.1,29.6,65,0.0,0.0,1008.0,22.0,129,21.5,0,0.7555555555555558,1.7266693442309424,0.6315789473684211,0.5426036435178149,0.6704545454545456,1.4497709911268026,0.36363636363636365,-1.2234151538687135,0.4676258992805763,-0.41721736537978743,0.6848249027237354,1.5310251202970109,0.35833333333333334,-0.561792194596454,0.6240000000000001,-0.6388915479760875
2020-03-26,35.5,25.5,29.5,66,0.1,1.0,1009.3,23.2,136,21.9,0,0.7111111111111112,1.4490966505565024,0.6666666666666666,0.8308479570091428,0.6590909090909092,1.3763522700945499,0.38636363636363635,-1.1274478869506568,0.5611510791366883,0.24755415025398972,0.7315175097276263,1.8143597457400555,0.37777777777777777,-0.47726947492607524,0.6559999999999999,-0.4588908630873924
2020-03-27,35.7,25.6,29.3,68,0.1,1.0,1009.8,20.3,135,22.3,0,0.7259259259259262,1.5416208817813168,0.6754385964912282,0.9029090353819761,0.6363636363636365,1.2295148280300467,0.4318181818181818,-0.9355133531145432,0.5971223021582711,0.503235502420836,0.6186770428015563,1.1296344009193646,0.375,-0.4893441491647008,0.6880000000000002,-0.27889017819869577
2020-03-28,34.8,25.9,29.2,68,0.2,2.0,1009.1,19.5,142,22.4,0,0.6592592592592591,1.1252618412696551,0.7017543859649121,1.1190922705004707,0.625,1.156096106997794,0.4318181818181818,-0.9355133531145432,0.54676258992806,0.14528160938728607,0.5875486381322956,0.9407446506240013,0.39444444444444443,-0.404821429494322,0.696,-0.2338900069765228
2020-03-29,35.6,25.7,29.5,66,0.0,0.0,1008.5,23.7,142,21.6,0,0.7185185185185188,1.4953587661689096,0.6842105263157894,0.9749701137548068,0.6590909090909092,1.3763522700945499,0.38636363636363635,-1.1274478869506568,0.5035971223021591,-0.16153601321294112,0.7509727626459142,1.9324158396746574,0.39444444444444443,-0.404821429494322,0.6320000000000001,-0.5938913767539129
2020-03-30,35.4,25.8,29.7,69,0.1,1.0,1008.8,17.9,145,22.8,0,0.7037037037037037,1.4028345349440952,0.6929824561403509,1.04703119212764,0.6818181818181818,1.5231897121590527,0.45454545454545453,-0.8395460861964865,0.5251798561151055,-0.008127201912856584,0.5252918287937742,0.5629651500332746,0.4027777777777778,-0.3685974067784453,0.7280000000000001,-0.05388932208782614
2020-03-31,35.6,26.2,29.8,71,0.7,6.0,1009.2,20.3,144,23.4,0,0.7185185185185188,1.4953587661689096,0.7280701754385964,1.335275505618968,0.6931818181818182,1.5966084331913055,0.5,-0.647611552360373,0.5539568345323783,0.19641787982066697,0.6186770428015563,1.1296344009193646,0.4,-0.3806720810170709,0.7759999999999999,0.21611170524521645
2020-04-01,36.4,26.3,29.9,69,0.2,2.0,1009.1,23.8,138,22.9,0,0.7777777777777778,1.8654556910681608,0.736842105263158,1.4073365839918013,0.7045454545454544,1.6700271542235559,0.45454545454545453,-0.8395460861964865,0.54676258992806,0.14528160938728607,0.7548638132295719,1.9560270584615782,0.38333333333333336,-0.45312012644882416,0.736,-0.008889150865653173
2020-04-02,36.1,26.1,30.1,63,0.0,0.0,1009.7,21.1,128,21.7,0,0.7555555555555558,1.7266693442309424,0.7192982456140352,1.2632144272461372,0.7272727272727274,1.8168645962880614,0.3181818181818182,-1.4153496877048268,0.589928057553961,0.4520992319875133,0.6498054474708171,1.3185241512147279,0.35555555555555557,-0.5738668688350796,0.64,-0.54889120553174
2020-04-03,37.1,26.2,30.5,61,0.0,0.0,1010.0,27.7,131,21.0,0,0.8296296296296298,2.1892905003550083,0.7280701754385964,1.335275505618968,0.7727272727272727,2.1105394804170676,0.2727272727272727,-1.6072842215409402,0.6115107913669074,0.6055080432875978,0.9066147859922177,2.876864591151473,0.3638888888888889,-0.537642846119203,0.5840000000000001,-0.8638924040869571
2020-04-04,37.2,26.3,30.7,62,0.0,0.0,1009.8,24.2,118,21.6,0,0.8370370370370374,2.2355526159674155,0.736842105263158,1.4073365839918013,0.7954545454545454,2.2573769224815705,0.29545454545454547,-1.5113169546228835,0.5971223021582711,0.503235502420836,0.7704280155642022,2.050471933609259,0.3277777777777778,-0.6946136112213351,0.6320000000000001,-0.5938913767539129
2020-04-05,38.8,26.0,31.0,59,0.0,0.0,1010.0,27.8,123,20.8,0,0.9555555555555555,2.975746465765918,0.7105263157894737,1.191153348873304,0.8295454545454546,2.477633085578326,0.22727272727272727,-1.7992187553770538,0.6115107913669074,0.6055080432875978,0.9105058365758754,2.900475809938394,0.3416666666666667,-0.6342402400282073,0.5680000000000001,-0.9538927465313046
2020-04-06,35.6,26.2,30.1,65,1.2,7.0,1009.7,19.3,135,22.4,0,0.7185185185185188,1.4953587661689096,0.7280701754385964,1.335275505618968,0.7272727272727274,1.8168645962880614,0.36363636363636365,-1.2234151538687135,0.589928057553961,0.4520992319875133,0.5797665369649805,0.8935222130501607,0.375,-0.4893441491647008,0.696,-0.2338900069765228
2020-04-07,36.0,26.7,30.1,63,1.0,5.0,1009.6,19.0,137,21.6,0,0.7481481481481482,1.6804072286185352,0.7719298245614035,1.695580897483129,0.7272727272727274,1.8168645962880614,0.3181818181818182,-1.4153496877048268,0.5827338129496429,0.4009629615541324,0.5680933852140077,0.8226885566893993,0.38055555555555554,-0.4651948006874497,0.6320000000000001,-0.5938913767539129
2020-04-08,32.2,26.1,28.6,73,7.7,12.0,1010.4,18.6,134,23.3,0,0.466666666666667,-0.07755316465291279,0.7192982456140352,1.2632144272461372,0.556818181818182,0.7155837808042849,0.5454545454545454,-0.4556770185242597,0.6402877697841721,0.8100531250210632,0.5525291828793775,0.728243681541718,0.37222222222222223,-0.5014188234033263,0.7680000000000001,0.1711115340230435
2020-04-09,30.7,25.3,27.5,85,7.4,22.0,1011.1,14.5,120,24.6,0,0.3555555555555556,-0.7714848988390128,0.6491228070175439,0.6867258002634788,0.4318181818181819,-0.09202215055048565,0.8181818181818182,0.695930184492421,0.6906474820143913,1.1680070180546713,0.3929961089494163,-0.23981628872201824,0.3333333333333333,-0.670464262744084,0.8720000000000002,0.7561137599113048
2020-04-10,30.8,25.2,27.8,83,4.2,8.0,1011.8,12.9,125,24.5,0,0.3629629629629631,-0.7252227832266056,0.6403508771929824,0.6146647218906456,0.46590909090909105,0.12823401254627018,0.7727272727272727,0.5039956506563075,0.7410071942446023,1.5259609110882213,0.33073929961089493,-0.6175957893127444,0.3472222222222222,-0.6100908915509563,0.8640000000000001,0.7111135886891303
2020-04-11,32.3,25.6,28.3,77,0.7,5.0,1011.1,16.5,135,23.8,0,0.474074074074074,-0.03129104904050886,0.6754385964912282,0.9029090353819761,0.5227272727272728,0.49532761770752903,0.6363636363636364,-0.07180795085203279,0.6906474820143913,1.1680070180546713,0.47081712062256803,0.23240808701638957,0.375,-0.4893441491647008,0.8080000000000002,0.39611239013391314
2020-04-12,32.3,25.5,28.2,80,2.4,8.0,1010.1,15.8,121,24.4,0,0.474074074074074,-0.03129104904050886,0.6666666666666666,0.8308479570091428,0.5113636363636364,0.4219088966752762,0.7045454545454546,0.21609384990213737,0.6187050359712256,0.6566443137209788,0.44357976653696496,0.067129555507947,0.33611111111111114,-0.6583895885054585,0.856,0.6661134174669557
2020-04-13,30.1,25.4,27.0,86,11.0,16.0,1010.4,15.5,58,24.4,0,0.31111111111111134,-1.0490575925134513,0.6578947368421051,0.7587868786363096,0.37500000000000006,-0.4591157557117445,0.8409090909090909,0.7918974514104776,0.6402877697841721,0.8100531250210632,0.4319066147859922,-0.003704100852814333,0.16111111111111112,-1.419094065538868,0.856,0.6661134174669557
2020-04-14,32.0,24.4,27.6,84,6.8,5.0,1010.6,11.0,52,24.4,0,0.45185185185185195,-0.17007739587772722,0.5701754385964911,0.03817609490798718,0.4431818181818184,-0.018603429518232836,0.7954545454545454,0.5999629175743643,0.6546762589928085,0.912325665887825,0.25680933852140075,-1.066208946264232,0.14444444444444443,-1.491542110970621,0.856,0.6661134174669557
2020-04-15,31.7,24.8,27.8,80,2.1,7.0,1010.6,15.8,82,23.9,0,0.4296296296296297,-0.30886374271494726,0.605263157894737,0.3264204083993177,0.46590909090909105,0.12823401254627018,0.7045454545454546,0.21609384990213737,0.6546762589928085,0.912325665887825,0.44357976653696496,0.067129555507947,0.22777777777777777,-1.1293018838118547,0.816,0.44111256135608606
2020-04-16,33.6,24.9,28.5,72,1.1,3.0,1009.7,16.3,134,22.7,0,0.5703703703703705,0.5701164539207784,0.6140350877192982,0.39848148677214834,0.5454545454545455,0.6421650597720321,0.5227272727272727,-0.5516442854423164,0.589928057553961,0.4520992319875133,0.4630350194552529,0.18518564944254895,0.37222222222222223,-0.5014188234033263,0.72,-0.0988894933100007
2020-04-17,33.1,25.5,28.5,75,0.5,5.0,1010.0,15.8,136,23.4,0,0.5333333333333335,0.3388058758587456,0.6666666666666666,0.8308479570091428,0.5454545454545455,0.6421650597720321,0.5909090909090909,-0.2637424846881462,0.6115107913669074,0.6055080432875978,0.44357976653696496,0.067129555507947,0.37777777777777777,-0.47726947492607524,0.7759999999999999,0.21611170524521645
2020-04-18,32.9,24.5,28.2,80,0.3,3.0,1011.0,17.7,115,24.1,0,0.5185185185185185,0.24628164463393118,0.5789473684210527,0.11023717328082044,0.5113636363636364,0.4219088966752762,0.7045454545454546,0.21609384990213737,0.683453237410073,1.1168707476212905,0.5175097276264591,0.515742712459434,0.3194444444444444,-0.7308376339372117,0.8320000000000002,0.5311129038004352
2020-04-19,34.0,25.6,28.9,76,0.2,2.0,1009.9,17.3,137,23.9,0,0.6000000000000001,0.755164916370404,0.6754385964912282,0.9029090353819761,0.5909090909090908,0.9358399439010381,0.6136363636363636,-0.1677752177700895,0.6043165467625893,0.5543717728542169,0.5019455252918288,0.42129783731175285,0.38055555555555554,-0.4651948006874497,0.816,0.44111256135608606
2020-04-20,35.1,25.3,29.0,76,0.0,0.0,1009.8,20.6,136,23.9,0,0.6814814814814817,1.2640481881068768,0.6491228070175439,0.6867258002634788,0.6022727272727273,1.0092586649332909,0.6136363636363636,-0.1677752177700895,0.5971223021582711,0.503235502420836,0.6303501945525293,1.2004680572801258,0.37777777777777777,-0.47726947492607524,0.816,0.44111256135608606
2020-04-21,35.6,24.7,29.1,76,0.0,0.0,1008.9,22.7,138,24.1,0,0.7185185185185188,1.4953587661689096,0.5964912280701754,0.2543593300264844,0.6136363636363639,1.0826773859655436,0.6136363636363636,-0.1677752177700895,0.5323741007194237,0.04300906852052431,0.7120622568093383,1.6963036518054535,0.38333333333333336,-0.45312012644882416,0.8320000000000002,0.5311129038004352
2020-04-22,33.9,25.6,29.3,77,0.2,2.0,1008.7,16.3,139,24.5,0,0.5925925925925926,0.7089028007579968,0.6754385964912282,0.9029090353819761,0.6363636363636365,1.2295148280300467,0.6363636363636364,-0.07180795085203279,0.5179856115107955,-0.05926347234617934,0.4630350194552529,0.18518564944254895,0.3861111111111111,-0.4410454522101986,0.8640000000000001,0.7111135886891303
2020-04-23,35.5,26.3,30.1,71,0.4,3.0,1008.9,18.1,129,23.8,0,0.7111111111111112,1.4490966505565024,0.736842105263158,1.4073365839918013,0.7272727272727274,1.8168645962880614,0.5,-0.647611552360373,0.5323741007194237,0.04300906852052431,0.5330739299610895,0.6101875876071161,0.35833333333333334,-0.561792194596454,0.8080000000000002,0.39611239013391314
2020-04-24,34.6,27.0,29.7,72,3.2,6.0,1009.0,15.6,102,23.9,0,0.6444444444444447,1.032737610044844,0.7982456140350876,1.9117641326016264,0.6818181818181818,1.5231897121590527,0.5227272727272727,-0.5516442854423164,0.5395683453237419,0.0941453389539052,0.43579766536964976,0.01990711793410597,0.2833333333333333,-0.8878083990393438,0.816,0.44111256135608606
2020-04-25,34.6,25.5,29.7,74,0.4,4.0,1008.8,15.1,102,24.2,0,0.6444444444444447,1.032737610044844,0.6666666666666666,0.8308479570091428,0.6818181818181818,1.5231897121590527,0.5681818181818182,-0.35970975160620294,0.5251798561151055,-0.008127201912856584,0.4163424124513618,-0.09814897600049598,0.2833333333333333,-0.8878083990393438,0.84,0.5761130750226082
2020-04-26,35.2,25.8,29.0,75,9.2,3.0,1009.6,16.4,10,23.8,0,0.6888888888888892,1.310310303719284,0.6929824561403509,1.04703119212764,0.6022727272727273,1.0092586649332909,0.5909090909090909,-0.2637424846881462,0.5827338129496429,0.4009629615541324,0.4669260700389104,0.20879686822946883,0.027777777777777776,-1.998678428992894,0.8080000000000002,0.39611239013391314
2020-04-27,33.0,24.6,28.5,78,0.2,2.0,1010.2,12.7,202,24.0,0,0.525925925925926,0.2925437602463384,0.5877192982456142,0.1822982516536537,0.5454545454545455,0.6421650597720321,0.6590909090909091,0.02415931606602393,0.6258992805755439,0.7077805841543596,0.3229571984435797,-0.6648182268865854,0.5611111111111111,0.3196590248232108,0.8240000000000001,0.48611273257826065
2020-04-28,33.2,26.0,29.3,71,0.1,1.0,1009.8,16.5,144,23.1,0,0.5407407407407411,0.38506799147115284,0.7105263157894737,1.191153348873304,0.6363636363636365,1.2295148280300467,0.5,-0.647611552360373,0.5971223021582711,0.503235502420836,0.47081712062256803,0.23240808701638957,0.4,-0.3806720810170709,0.7520000000000002,0.08111119157869595
2020-04-29,36.7,24.7,30.0,62,0.0,0.0,1008.9,16.0,114,21.3,0,0.8000000000000003,2.0042420379053825,0.5964912280701754,0.2543593300264844,0.7159090909090909,1.7434458752558086,0.29545454545454547,-1.5113169546228835,0.5323741007194237,0.04300906852052431,0.4513618677042801,0.11435199308178762,0.31666666666666665,-0.7429123081758373,0.6080000000000001,-0.728891890420435
2020-04-30,35.5,26.5,30.6,58,0.2,2.0,1009.3,18.9,112,21.2,0,0.7111111111111112,1.4490966505565024,0.7543859649122807,1.5514587407374651,0.7840909090909093,2.1839582014493204,0.20454545454545456,-1.8951860222951105,0.5611510791366883,0.24755415025398972,0.5642023346303501,0.7990773379024786,0.3111111111111111,-0.7670616566530883,0.6,-0.7738920616426096
2020-05-01,36.9,26.2,30.6,61,0.0,0.0,1008.1,22.3,135,21.4,0,0.8148148148148148,2.096766269130194,0.7280701754385964,1.335275505618968,0.7840909090909093,2.1839582014493204,0.2727272727272727,-1.6072842215409402,0.4748201438848945,-0.36608109494640656,0.696498054474708,1.6018587766577723,0.375,-0.4893441491647008,0.616,-0.6838917191982621
2020-05-02,34.9,26.5,30.0,66,0.0,0.0,1007.9,19.7,141,22.5,0,0.6666666666666666,1.1715239568820623,0.7543859649122807,1.5514587407374651,0.7159090909090909,1.7434458752558086,0.38636363636363635,-1.1274478869506568,0.46043165467625813,-0.4683536358131683,0.5953307392996108,0.9879670881978418,0.39166666666666666,-0.4168961037329475,0.7040000000000001,-0.18888983575434823
2020-05-03,35.3,26.8,30.4,70,0.1,1.0,1008.0,19.2,140,23.9,0,0.6962962962962962,1.356572419331688,0.780701754385965,1.7676419758559623,0.7613636363636362,2.037120759384815,0.4772727272727273,-0.7435788192784298,0.4676258992805763,-0.41721736537978743,0.5758754863813228,0.8699109942632399,0.3888888888888889,-0.42897077797157307,0.816,0.44111256135608606
2020-05-04,35.1,27.2,30.5,71,0.6,5.0,1008.7,16.8,144,24.2,0,0.6814814814814817,1.2640481881068768,0.8157894736842104,2.0558862893472902,0.7727272727272727,2.1105394804170676,0.5,-0.647611552360373,0.5179856115107955,-0.05926347234617934,0.4824902723735408,0.3032417433771509,0.4,-0.3806720810170709,0.84,0.5761130750226082
2020-05-05,35.5,27.4,30.7,69,0.2,2.0,1007.9,18.8,146,23.9,0,0.7111111111111112,1.4490966505565024,0.8333333333333331,2.200008446092954,0.7954545454545454,2.2573769224815705,0.45454545454545453,-0.8395460861964865,0.46043165467625813,-0.4683536358131683,0.5603112840466925,0.7754661191155587,0.40555555555555556,-0.3565227325398198,0.816,0.44111256135608606
2020-05-06,35.5,27.1,30.6,69,0.4,3.0,1007.7,17.0,152,23.7,0,0.7111111111111112,1.4490966505565024,0.8070175438596492,1.9838252109744596,0.7840909090909093,2.1839582014493204,0.45454545454545453,-0.8395460861964865,0.4460431654676299,-0.5706261766798719,0.49027237354085595,0.3504641809509915,0.4222222222222222,-0.2840746871080665,0.8,0.35111221891173855
2020-05-07,35.8,27.5,30.9,71,0.5,5.0,1007.1,18.8,147,24.6,0,0.7333333333333333,1.5878829973937207,0.8421052631578947,2.2720695244657874,0.818181818181818,2.4042143645460734,0.5,-0.647611552360373,0.4028776978417289,-0.8774437992800992,0.5603112840466925,0.7754661191155587,0.4083333333333333,-0.34444805830119424,0.8720000000000002,0.7561137599113048
2020-05-08,36.3,27.5,30.9,71,0.9,8.0,1007.2,19.2,151,24.6,0,0.7703703703703703,1.8191935754557536,0.8421052631578947,2.2720695244657874,0.818181818181818,2.4042143645460734,0.5,-0.647611552360373,0.4100719424460471,-0.8263075288467183,0.5758754863813228,0.8699109942632399,0.41944444444444445,-0.29614936134669206,0.8720000000000002,0.7561137599113048
2020-05-09,36.8,27.8,31.3,69,0.5,5.0,1007.9,18.1,152,24.2,0,0.8074074074074074,2.0505041535177866,0.868421052631579,2.488252759584285,0.8636363636363638,2.6978892486750823,0.45454545454545453,-0.8395460861964865,0.46043165467625813,-0.4683536358131683,0.5330739299610895,0.6101875876071161,0.4222222222222222,-0.2840746871080665,0.84,0.5761130750226082
2020-05-10,36.9,27.8,31.2,68,0.1,1.0,1007.9,22.7,145,24.0,0,0.8148148148148148,2.096766269130194,0.868421052631579,2.488252759584285,0.8522727272727272,2.6244705276428295,0.4318181818181818,-0.9355133531145432,0.46043165467625813,-0.4683536358131683,0.7120622568093383,1.6963036518054535,0.4027777777777778,-0.3685974067784453,0.8240000000000001,0.48611273257826065
2020-05-11,36.2,28.0,31.4,65,0.0,0.0,1008.3,16.7,143,23.5,0,0.7629629629629633,1.7729314598433497,0.8859649122807017,2.632374916329949,0.8749999999999999,2.7713079697073324,0.36363636363636365,-1.2234151538687135,0.4892086330935227,-0.2638085540797029,0.4785992217898832,0.2796305245902302,0.3972222222222222,-0.3927467552556964,0.784,0.26111187646739104
2020-05-12,36.7,27.7,31.3,67,1.3,3.0,1008.1,16.9,137,23.9,0,0.8000000000000003,2.0042420379053825,0.8596491228070174,2.4161916812114517,0.8636363636363638,2.6978892486750823,0.4090909090909091,-1.0314806200325999,0.4748201438848945,-0.36608109494640656,0.4863813229571983,0.3268529621640708,0.38055555555555554,-0.4651948006874497,0.816,0.44111256135608606
2020-05-13,35.8,27.7,31.1,68,2.7,8.0,1008.0,19.2,138,24.2,0,0.7333333333333333,1.5878829973937207,0.8596491228070174,2.4161916812114517,0.840909090909091,2.551051806610579,0.4318181818181818,-0.9355133531145432,0.4676258992805763,-0.41721736537978743,0.5758754863813228,0.8699109942632399,0.38333333333333336,-0.45312012644882416,0.84,0.5761130750226082
2020-05-14,36.0,27.3,31.0,69,0.4,3.0,1007.6,17.7,129,24.2,0,0.7481481481481482,1.6804072286185352,0.8245614035087719,2.1279473677201235,0.8295454545454546,2.477633085578326,0.45454545454545453,-0.8395460861964865,0.43884892086331173,-0.6217624471132528,0.5175097276264591,0.515742712459434,0.35833333333333334,-0.561792194596454,0.84,0.5761130750226082
2020-05-15,34.5,28.1,30.8,70,1.2,9.0,1005.9,18.2,146,24.5,0,0.6370370370370372,0.9864754944324368,0.8947368421052633,2.704435994702782,0.8068181818181819,2.3307956435138233,0.4772727272727273,-0.7435788192784298,0.3165467625899269,-1.4910790444805535,0.536964980544747,0.633798806394036,0.40555555555555556,-0.3565227325398198,0.8640000000000001,0.7111135886891303
2020-05-16,35.3,27.5,30.7,72,2.4,8.0,1005.6,10.5,129,24.7,0,0.6962962962962962,1.356572419331688,0.8421052631578947,2.2720695244657874,0.7954545454545454,2.2573769224815705,0.5227272727272727,-0.5516442854423164,0.2949640287769805,-1.6444878557806382,0.2373540856031128,-1.1842650401988337,0.35833333333333334,-0.561792194596454,0.88,0.8011139311334778
2020-05-17,33.4,26.7,30.0,74,9.1,10.0,1005.8,8.1,175,24.7,0,0.5555555555555556,0.47759222269596396,0.7719298245614035,1.695580897483129,0.7159090909090909,1.7434458752558086,0.5681818181818182,-0.35970975160620294,0.30935251798560875,-1.5422153149139344,0.1439688715953307,-1.7509342910849233,0.4861111111111111,-0.006357179619678942,0.88,0.8011139311334778
2020-05-18,34.9,27.2,30.1,75,1.7,6.0,1005.6,14.5,176,25.0,0,0.6666666666666666,1.1715239568820623,0.8157894736842104,2.0558862893472902,0.7272727272727274,1.8168645962880614,0.5909090909090909,-0.2637424846881462,0.2949640287769805,-1.6444878557806382,0.3929961089494163,-0.23981628872201824,0.4888888888888889,0.005717494618946604,0.904,0.9361144448
2020-05-19,35.0,27.4,30.0,78,15.6,9.0,1005.9,15.3,187,25.4,1,0.6740740740740742,1.2177860724944696,0.8333333333333331,2.200008446092954,0.7159090909090909,1.7434458752558086,0.6590909090909091,0.02415931606602393,0.3165467625899269,-1.4910790444805535,0.42412451361867703,-0.05092653842665494,0.5194444444444445,0.1385389112438276,0.9359999999999999,1.1161151296886949
2020-05-20,32.0,26.3,28.3,86,22.1,17.0,1007.0,13.4,172,25.7,1,0.45185185185185195,-0.17007739587772722,0.736842105263158,1.4073365839918013,0.5227272727272728,0.49532761770752903,0.8409090909090909,0.7918974514104776,0.3956834532374107,-0.9285800697134801,0.35019455252918286,-0.4995396953781424,0.4777777777777778,-0.04258120233555558,0.96,1.251115643355217
2020-05-21,33.7,26.1,29.6,82,1.0,5.0,1006.9,15.5,238,25.9,0,0.5777777777777781,0.6163785695331856,0.7192982456140352,1.2632144272461372,0.6704545454545456,1.4497709911268026,0.75,0.4080283837382508,0.3884892086330925,-0.9797163401468609,0.4319066147859922,-0.003704100852814333,0.6611111111111111,0.7543472974137305,0.976,1.3411159857995645
2020-05-22,32.9,26.6,29.5,83,3.9,8.0,1006.9,11.9,199,26.2,0,0.5185185185185185,0.24628164463393118,0.7631578947368423,1.6235198191102984,0.6590909090909092,1.3763522700945499,0.7727272727272727,0.5039956506563075,0.3884892086330925,-0.9797163401468609,0.29182879377431903,-0.8537079771819482,0.5527777777777778,0.2834350021073342,1.0,1.4761164994660867
2020-05-23,33.0,26.6,28.8,83,6.0,9.0,1008.0,14.8,196,25.5,0,0.525925925925926,0.2925437602463384,0.7631578947368423,1.6235198191102984,0.5795454545454547,0.8624212228687879,0.7727272727272727,0.5039956506563075,0.4676258992805763,-0.41721736537978743,0.40466926070038906,-0.16898263236125688,0.5444444444444444,0.24721097939145753,0.9440000000000001,1.1611153009108695
2020-05-24,32.5,25.8,28.5,85,3.5,8.0,1009.4,16.6,161,25.7,0,0.488888888888889,0.061233182184305575,0.6929824561403509,1.04703119212764,0.5454545454545455,0.6421650597720321,0.8181818181818182,0.695930184492421,0.5683453237410064,0.2986904206873706,0.47470817120622566,0.2560193058033103,0.44722222222222224,-0.1754026189604366,0.96,1.251115643355217
2020-05-25,32.1,26.4,28.4,86,7.6,11.0,1010.3,10.9,178,25.6,0,0.4592592592592595,-0.12381528026532002,0.7456140350877192,1.4793976623646319,0.534090909090909,0.5687463387397792,0.8409090909090909,0.7918974514104776,0.6330935251798538,0.7589168545876823,0.2529182879377432,-1.089820165051152,0.49444444444444446,0.029866843096197696,0.9520000000000002,1.206115472133044
2020-05-26,35.1,25.7,30.1,75,0.0,0.0,1009.6,11.1,214,24.8,0,0.6814814814814817,1.2640481881068768,0.6842105263157894,0.9749701137548068,0.7272727272727274,1.8168645962880614,0.5909090909090909,-0.2637424846881462,0.5827338129496429,0.4009629615541324,0.2607003891050583,-1.0425977274773115,0.5944444444444444,0.46455511568671737,0.8880000000000001,0.8461141023556523
2020-05-27,33.7,26.4,29.1,81,21.1,7.0,1009.5,14.9,250,25.3,1,0.5777777777777781,0.6163785695331856,0.7456140350877192,1.4793976623646319,0.6136363636363639,1.0826773859655436,0.7272727272727273,0.3120611168201941,0.5755395683453247,0.3498266911207515,0.40856031128404663,-0.14537141357433658,0.6944444444444444,0.899243388277237,0.9280000000000002,1.071114958466522
2020-05-28,32.1,25.0,27.8,86,22.7,14.0,1009.6,10.2,155,25.2,1,0.4592592592592595,-0.12381528026532002,0.6228070175438597,0.4705425651449816,0.46590909090909105,0.12823401254627018,0.8409090909090909,0.7918974514104776,0.5827338129496429,0.4009629615541324,0.22568093385214,-1.2550986965595952,0.4305555555555556,-0.24785066439218986,0.92,1.0261147872443475
2020-05-29,32.5,26.1,28.6,83,3.3,11.0,1009.7,15.3,161,25.3,0,0.488888888888889,0.061233182184305575,0.7192982456140352,1.2632144272461372,0.556818181818182,0.7155837808042849,0.7727272727272727,0.5039956506563075,0.589928057553961,0.4520992319875133,0.42412451361867703,-0.05092653842665494,0.44722222222222224,-0.1754026189604366,0.9280000000000002,1.071114958466522
2020-05-30,31.9,25.5,28.0,86,21.2,8.0,1010.9,9.7,129,25.4,1,0.4444444444444444,-0.21633951149013445,0.6666666666666666,0.8308479570091428,0.4886363636363637,0.2750714546107732,0.8409090909090909,0.7918974514104776,0.6762589928057549,1.0657344771879096,0.20622568093385207,-1.3731547904941972,0.35833333333333334,-0.561792194596454,0.9359999999999999,1.1161151296886949
2020-05-31,32.2,26.0,28.8,85,4.0,8.0,1010.5,11.4,132,25.9,0,0.466666666666667,-0.07755316465291279,0.7105263157894737,1.191153348873304,0.5795454545454547,0.8624212228687879,0.8181818181818182,0.695930184492421,0.6474820143884903,0.8611893954544442,0.2723735408560311,-0.9717640711165502,0.36666666666666664,-0.5255681718805775,0.976,1.3411159857995645
2020-06-01,32.4,25.4,28.0,86,16.5,18.0,1010.2,14.0,339,25.4,0,0.48148148148148145,0.014971066571898358,0.6578947368421051,0.7587868786363096,0.4886363636363637,0.2750714546107732,0.8409090909090909,0.7918974514104776,0.6258992805755439,0.7077805841543596,0.37354085603112835,-0.3578723826566202,0.9416666666666667,1.9738893955149106,0.9359999999999999,1.1161151296886949
2020-06-02,31.2,24.3,27.3,86,26.3,21.0,1009.7,10.9,158,24.7,1,0.39259259259259266,-0.54017432077698,0.5614035087719299,-0.03388498346484352,0.4090909090909092,-0.23885959261498868,0.8409090909090909,0.7918974514104776,0.589928057553961,0.4520992319875133,0.2529182879377432,-1.089820165051152,0.4388888888888889,-0.21162664167631323,0.88,0.8011139311334778
2020-06-03,32.6,25.5,27.8,86,24.8,11.0,1008.4,12.0,167,25.1,1,0.4962962962962965,0.1074952977967128,0.6666666666666666,0.8308479570091428,0.46590909090909105,0.12823401254627018,0.8409090909090909,0.7918974514104776,0.4964028776978409,-0.212672283646322,0.2957198443579766,-0.830096758395028,0.4638888888888889,-0.10295457352868331,0.9120000000000001,0.9811146160221744
2020-06-04,32.2,25.7,27.7,86,4.2,9.0,1008.5,15.5,174,25.1,0,0.466666666666667,-0.07755316465291279,0.6842105263157894,0.9749701137548068,0.45454545454545453,0.05481529151401737,0.8409090909090909,0.7918974514104776,0.5035971223021591,-0.16153601321294112,0.4319066147859922,-0.003704100852814333,0.48333333333333334,-0.018431853858304488,0.9120000000000001,0.9811146160221744
2020-06-05,32.5,24.8,27.6,87,22.4,8.0,1008.5,12.8,199,25.1,1,0.488888888888889,0.061233182184305575,0.605263157894737,0.3264204083993177,0.4431818181818184,-0.018603429518232836,0.8636363636363636,0.8878647183285344,0.5035971223021591,-0.16153601321294112,0.32684824902723736,-0.6412070080996647,0.5527777777777778,0.2834350021073342,0.9120000000000001,0.9811146160221744
2020-06-06,32.1,25.4,27.8,86,8.6,9.0,1008.5,11.9,210,25.1,0,0.4592592592592595,-0.12381528026532002,0.6578947368421051,0.7587868786363096,0.46590909090909105,0.12823401254627018,0.8409090909090909,0.7918974514104776,0.5035971223021591,-0.16153601321294112,0.29182879377431903,-0.8537079771819482,0.5833333333333334,0.4162564187322152,0.9120000000000001,0.9811146160221744
2020-06-07,32.6,25.1,28.3,84,5.2,5.0,1007.7,11.9,223,25.1,0,0.4962962962962965,0.1074952977967128,0.6315789473684211,0.5426036435178149,0.5227272727272728,0.49532761770752903,0.7954545454545454,0.5999629175743643,0.4460431654676299,-0.5706261766798719,0.29182879377431903,-0.8537079771819482,0.6194444444444445,0.5732271838343472,0.9120000000000001,0.9811146160221744
2020-06-08,31.6,25.1,28.2,84,1.3,9.0,1007.1,10.0,240,25.3,0,0.42222222222222244,-0.35512585832735283,0.6315789473684211,0.5426036435178149,0.5113636363636364,0.4219088966752762,0.7954545454545454,0.5999629175743643,0.4028776978417289,-0.8774437992800992,0.21789883268482488,-1.3023211341334358,0.6666666666666666,0.7784966458909816,0.9280000000000002,1.071114958466522
2020-06-09,32.0,26.3,28.4,82,2.8,6.0,1007.5,10.5,213,24.8,0,0.45185185185185195,-0.17007739587772722,0.736842105263158,1.4073365839918013,0.534090909090909,0.5687463387397792,0.75,0.4080283837382508,0.4316546762589935,-0.6728987175466338,0.2373540856031128,-1.1842650401988337,0.5916666666666667,0.4524804414480918,0.8880000000000001,0.8461141023556523
2020-06-10,30.3,24.8,26.8,88,20.3,20.0,1008.1,10.8,165,24.7,1,0.32592592592592606,-0.9565333612886384,0.605263157894737,0.3264204083993177,0.3522727272727274,-0.6059531977762476,0.8863636363636364,0.9838319852465911,0.4748201438848945,-0.36608109494640656,0.24902723735408558,-1.1134313838380725,0.4583333333333333,-0.1271039220059344,0.88,0.8011139311334778
2020-06-11,29.3,25.0,26.9,89,9.6,12.0,1007.1,8.7,221,24.9,0,0.251851851851852,-1.419154517412704,0.6228070175438597,0.4705425651449816,0.36363636363636354,-0.5325344767439973,0.9090909090909091,1.0797992521646478,0.4028776978417289,-0.8774437992800992,0.1673151750972762,-1.609266978363401,0.6138888888888889,0.5490778353570962,0.8959999999999999,0.8911142735778254
2020-06-12,31.5,25.0,27.9,83,2.4,5.0,1005.2,15.0,249,24.5,0,0.4148148148148149,-0.40138797393976006,0.6228070175438597,0.4705425651449816,0.4772727272727271,0.2016527335785204,0.7727272727272727,0.5039956506563075,0.26618705035971596,-1.8490329375141035,0.4124513618677042,-0.12176019478741629,0.6916666666666667,0.8871687140386115,0.8640000000000001,0.7111135886891303
2020-06-13,32.0,24.8,27.4,87,32.7,20.0,1005.3,17.6,246,25.0,1,0.45185185185185195,-0.17007739587772722,0.605263157894737,0.3264204083993177,0.42045454545454536,-0.16544087158273846,0.8636363636363636,0.8878647183285344,0.27338129496402597,-1.7978966670807808,0.5136186770428015,0.4921314936725142,0.6833333333333333,0.8509446913227349,0.904,0.9361144448
2020-06-14,30.7,25.3,26.6,90,20.8,17.0,1007.3,16.7,195,24.7,1,0.3555555555555556,-0.7714848988390128,0.6491228070175439,0.6867258002634788,0.32954545454545475,-0.7527906398407506,0.9318181818181818,1.1757665190827045,0.4172661870503571,-0.7751712584133955,0.4785992217898832,0.2796305245902302,0.5416666666666666,0.235136305152832,0.88,0.8011139311334778
2020-06-15,31.1,25.0,26.9,89,17.3,15.0,1009.1,15.5,169,24.8,0,0.3851851851851854,-0.5864364363893856,0.6228070175438597,0.4705425651449816,0.36363636363636354,-0.5325344767439973,0.9090909090909091,1.0797992521646478,0.54676258992806,0.14528160938728607,0.4319066147859922,-0.003704100852814333,0.46944444444444444,-0.07880522505143223,0.8880000000000001,0.8461141023556523
2020-06-16,31.1,24.9,27.1,90,22.2,15.0,1009.1,16.6,172,25.2,1,0.3851851851851854,-0.5864364363893856,0.6140350877192982,0.39848148677214834,0.3863636363636366,-0.3856970346794917,0.9318181818181818,1.1757665190827045,0.54676258992806,0.14528160938728607,0.47470817120622566,0.2560193058033103,0.4777777777777778,-0.04258120233555558,0.92,1.0261147872443475
2020-06-17,31.8,24.7,28.0,86,1.3,7.0,1008.3,13.0,281,25.2,0,0.43703703703703717,-0.26260162710254004,0.5964912280701754,0.2543593300264844,0.4886363636363637,0.2750714546107732,0.8409090909090909,0.7918974514104776,0.4892086330935227,-0.2638085540797029,0.3346303501945525,-0.5939845705258241,0.7805555555555556,1.273558289674629,0.92,1.0261147872443475
2020-06-18,32.0,24.8,27.6,87,18.2,14.0,1008.3,13.1,301,25.1,0,0.45185185185185195,-0.17007739587772722,0.605263157894737,0.3264204083993177,0.4431818181818184,-0.018603429518232836,0.8636363636363636,0.8878647183285344,0.4892086330935227,-0.2638085540797029,0.33852140077821,-0.5703733517389038,0.8361111111111111,1.51505177444714,0.9120000000000001,0.9811146160221744
2020-06-19,31.4,25.5,27.7,89,7.8,15.0,1008.0,10.8,184,25.6,0,0.4074074074074074,-0.44765008955216723,0.6666666666666666,0.8308479570091428,0.45454545454545453,0.05481529151401737,0.9090909090909091,1.0797992521646478,0.4676258992805763,-0.41721736537978743,0.24902723735408558,-1.1134313838380725,0.5111111111111111,0.10231488852795098,0.9520000000000002,1.206115472133044
2020-06-20,31.1,25.3,27.4,88,15.2,21.0,1007.8,14.0,152,25.1,1,0.3851851851851854,-0.5864364363893856,0.6491228070175439,0.6867258002634788,0.42045454545454536,-0.16544087158273846,0.8863636363636364,0.9838319852465911,0.4532374100719399,-0.5194899062465492,0.37354085603112835,-0.3578723826566202,0.4222222222222222,-0.2840746871080665,0.9120000000000001,0.9811146160221744
2020-06-21,31.5,25.1,27.4,87,13.1,13.0,1006.6,12.4,210,24.9,0,0.4148148148148149,-0.40138797393976006,0.6315789473684211,0.5426036435178149,0.42045454545454536,-0.16544087158273846,0.8636363636363636,0.8878647183285344,0.3669064748201461,-1.1331251514469454,0.31128404669260695,-0.7356518832473463,0.5833333333333334,0.4162564187322152,0.8959999999999999,0.8911142735778254
2020-06-22,30.9,24.8,27.3,88,5.6,8.0,1006.7,14.7,164,25.0,0,0.37037037037037035,-0.6789606676142,0.605263157894737,0.3264204083993177,0.4090909090909092,-0.23885959261498868,0.8863636363636364,0.9838319852465911,0.3741007194244643,-1.0819888810135645,0.4007782101167314,-0.19259385114817762,0.45555555555555555,-0.13917859624455994,0.904,0.9361144448
2020-06-23,32.6,25.0,28.3,83,1.2,2.0,1007.4,12.7,180,24.9,0,0.4962962962962965,0.1074952977967128,0.6228070175438597,0.4705425651449816,0.5227272727272728,0.49532761770752903,0.7727272727272727,0.5039956506563075,0.42446043165467534,-0.7240349879800146,0.3229571984435797,-0.6648182268865854,0.5,0.05401619157344879,0.8959999999999999,0.8911142735778254
2020-06-24,32.2,25.2,28.1,86,14.8,16.0,1007.5,13.6,174,25.3,1,0.466666666666667,-0.07755316465291279,0.6403508771929824,0.6146647218906456,0.5000000000000002,0.34849017564302603,0.8409090909090909,0.7918974514104776,0.4316546762589935,-0.6728987175466338,0.357976653696498,-0.4523172578043018,0.48333333333333334,-0.018431853858304488,0.9280000000000002,1.071114958466522
2020-06-25,31.1,24.3,27.0,89,9.7,12.0,1007.4,14.1,178,25.0,0,0.3851851851851854,-0.5864364363893856,0.5614035087719299,-0.03388498346484352,0.37500000000000006,-0.4591157557117445,0.9090909090909091,1.0797992521646478,0.42446043165467534,-0.7240349879800146,0.37743190661478593,-0.3342611638696999,0.49444444444444446,0.029866843096197696,0.904,0.9361144448
2020-06-26,31.3,24.0,26.8,87,18.9,11.0,1007.8,12.1,214,24.3,1,0.40000000000000013,-0.49391220516457285,0.5350877192982456,-0.2500682185833407,0.3522727272727274,-0.6059531977762476,0.8636363636363636,0.8878647183285344,0.4532374100719399,-0.5194899062465492,0.2996108949416342,-0.8064855396081076,0.5944444444444444,0.46455511568671737,0.8480000000000001,0.6211132462447827
2020-06-27,30.6,24.3,27.2,85,4.2,9.0,1007.9,11.7,221,24.3,0,0.3481481481481484,-0.8177470144514184,0.5614035087719299,-0.03388498346484352,0.3977272727272727,-0.3122783136472415,0.8181818181818182,0.695930184492421,0.46043165467625813,-0.4683536358131683,0.2840466926070038,-0.9009304147557893,0.6138888888888889,0.5490778353570962,0.8480000000000001,0.6211132462447827
2020-06-28,30.5,24.9,26.7,86,4.5,15.0,1008.1,17.8,204,24.0,0,0.34074074074074084,-0.8640091300638256,0.6140350877192982,0.39848148677214834,0.3409090909090909,-0.6793719188085003,0.8409090909090909,0.7918974514104776,0.4748201438848945,-0.36608109494640656,0.5214007782101167,0.5393539312463548,0.5666666666666667,0.3438083733004619,0.8240000000000001,0.48611273257826065
2020-06-29,28.4,24.6,26.1,91,13.8,19.0,1008.0,13.8,211,24.5,0,0.18518518518518517,-1.835513557924364,0.5877192982456142,0.1822982516536537,0.27272727272727293,-1.1198842450020094,0.9545454545454546,1.2717337860007614,0.4676258992805763,-0.41721736537978743,0.3657587548638132,-0.4050948202304608,0.5861111111111111,0.4283310929708407,0.8640000000000001,0.7111135886891303
2020-06-30,30.1,24.3,26.2,90,15.9,17.0,1007.8,13.6,237,24.4,1,0.31111111111111134,-1.0490575925134513,0.5614035087719299,-0.03388498346484352,0.28409090909090906,-1.0464655239697591,0.9318181818181818,1.1757665190827045,0.4532374100719399,-0.5194899062465492,0.357976653696498,-0.4523172578043018,0.6583333333333333,0.7422726231751049,0.856,0.6661134174669557
2020-07-01,31.0,24.0,26.9,89,11.7,8.0,1006.9,17.3,247,24.7,0,0.3777777777777779,-0.6326985520017928,0.5350877192982456,-0.2500682185833407,0.36363636363636354,-0.5325344767439973,0.9090909090909091,1.0797992521646478,0.3884892086330925,-0.9797163401468609,0.5019455252918288,0.42129783731175285,0.6861111111111111,0.8630193655613604,0.88,0.8011139311334778
2020-07-02,31.2,25.1,27.1,87,16.6,17.0,1006.3,14.4,237,24.7,1,0.39259259259259266,-0.54017432077698,0.6315789473684211,0.5426036435178149,0.3863636363636366,-0.3856970346794917,0.8636363636363636,0.8878647183285344,0.34532374100719154,-1.2865339627470882,0.3891050583657587,-0.2634275075089385,0.6583333333333333,0.7422726231751049,0.88,0.8011139311334778
2020-07-03,28.7,25.1,26.3,90,13.6,20.0,1008.1,15.3,226,24.6,0,0.20740740740740746,-1.696727211087144,0.6315789473684211,0.5426036435178149,0.2954545454545456,-0.9730468029375063,0.9318181818181818,1.1757665190827045,0.4748201438848945,-0.36608109494640656,0.42412451361867703,-0.05092653842665494,0.6277777777777778,0.6094512065502239,0.8720000000000002,0.7561137599113048
2020-07-04,30.6,23.5,27.1,80,0.3,1.0,1008.6,15.6,262,23.2,0,0.3481481481481484,-0.8177470144514184,0.4912280701754386,-0.6103736104475019,0.3863636363636366,-0.3856970346794917,0.7045454545454546,0.21609384990213737,0.5107913669064773,-0.11039974277956023,0.43579766536964976,0.01990711793410597,0.7277777777777777,1.0441394791407437,0.76,0.12611136280086893
2020-07-05,31.9,24.4,27.5,82,10.8,11.0,1006.6,8.6,279,24.0,0,0.4444444444444444,-0.21633951149013445,0.5701754385964911,0.03817609490798718,0.4318181818181819,-0.09202215055048565,0.75,0.4080283837382508,0.3669064748201461,-1.1331251514469454,0.16342412451361862,-1.6328781971503212,0.775,1.2494089411973779,0.8240000000000001,0.48611273257826065
2020-07-06,28.7,24.5,26.5,90,19.0,16.0,1006.5,15.6,155,24.6,1,0.20740740740740746,-1.696727211087144,0.5789473684210527,0.11023717328082044,0.31818181818181823,-0.8262093608730033,0.9318181818181818,1.1757665190827045,0.35971223021582793,-1.1842614218803265,0.43579766536964976,0.01990711793410597,0.4305555555555556,-0.24785066439218986,0.8720000000000002,0.7561137599113048
2020-07-07,31.0,24.9,27.7,84,4.3,11.0,1008.3,17.1,152,24.7,0,0.3777777777777779,-0.6326985520017928,0.6140350877192982,0.39848148677214834,0.45454545454545453,0.05481529151401737,0.7954545454545454,0.5999629175743643,0.4892086330935227,-0.2638085540797029,0.4941634241245136,0.3740753997379122,0.4222222222222222,-0.2840746871080665,0.88,0.8011139311334778
2020-07-08,29.7,24.8,27.2,88,3.4,10.0,1008.4,10.5,183,24.9,0,0.28148148148148155,-1.2341060549630785,0.605263157894737,0.3264204083993177,0.3977272727272727,-0.3122783136472415,0.8863636363636364,0.9838319852465911,0.4964028776978409,-0.212672283646322,0.2373540856031128,-1.1842650401988337,0.5083333333333333,0.09024021428932542,0.8959999999999999,0.8911142735778254
2020-07-09,32.2,24.3,28.2,84,6.3,6.0,1006.7,9.7,226,24.9,0,0.466666666666667,-0.07755316465291279,0.5614035087719299,-0.03388498346484352,0.5113636363636364,0.4219088966752762,0.7954545454545454,0.5999629175743643,0.3741007194244643,-1.0819888810135645,0.20622568093385207,-1.3731547904941972,0.6277777777777778,0.6094512065502239,0.8959999999999999,0.8911142735778254
2020-07-10,30.8,25.5,27.3,88,15.2,11.0,1007.5,13.6,187,25.0,1,0.3629629629629631,-0.7252227832266056,0.6666666666666666,0.8308479570091428,0.4090909090909092,-0.23885959261498868,0.8863636363636364,0.9838319852465911,0.4316546762589935,-0.6728987175466338,0.357976653696498,-0.4523172578043018,0.5194444444444445,0.1385389112438276,0.904,0.9361144448
2020-07-11,31.8,24.6,27.0,87,7.9,8.0,1007.4,15.5,179,24.6,0,0.43703703703703717,-0.26260162710254004,0.5877192982456142,0.1822982516536537,0.37500000000000006,-0.4591157557117445,0.8636363636363636,0.8878647183285344,0.42446043165467534,-0.7240349879800146,0.4319066147859922,-0.003704100852814333,0.49722222222222223,0.04194151733482324,0.8720000000000002,0.7561137599113048
2020-07-12,31.5,24.1,27.0,86,13.3,13.0,1006.9,14.0,202,24.1,0,0.4148148148148149,-0.40138797393976006,0.5438596491228072,-0.17800714021050748,0.37500000000000006,-0.4591157557117445,0.8409090909090909,0.7918974514104776,0.3884892086330925,-0.9797163401468609,0.37354085603112835,-0.3578723826566202,0.5611111111111111,0.3196590248232108,0.8320000000000002,0.5311129038004352
2020-07-13,28.9,24.2,26.5,89,14.0,14.0,1007.3,12.4,199,24.5,1,0.2222222222222222,-1.6042029798623314,0.5526315789473684,-0.10594606183767678,0.31818181818181823,-0.8262093608730033,0.9090909090909091,1.0797992521646478,0.4172661870503571,-0.7751712584133955,0.31128404669260695,-0.7356518832473463,0.5527777777777778,0.2834350021073342,0.8640000000000001,0.7111135886891303
2020-07-14,31.3,24.9,27.8,85,5.1,10.0,1007.2,11.7,290,24.8,0,0.40000000000000013,-0.49391220516457285,0.6140350877192982,0.39848148677214834,0.46590909090909105,0.12823401254627018,0.8181818181818182,0.695930184492421,0.4100719424460471,-0.8263075288467183,0.2840466926070038,-0.9009304147557893,0.8055555555555556,1.3822303578222588,0.8880000000000001,0.8461141023556523
2020-07-15,29.9,24.0,27.2,85,4.4,6.0,1006.7,10.0,216,24.3,0,0.2962962962962963,-1.1415818237382658,0.5350877192982456,-0.2500682185833407,0.3977272727272727,-0.3122783136472415,0.8181818181818182,0.695930184492421,0.3741007194244643,-1.0819888810135645,0.21789883268482488,-1.3023211341334358,0.6,0.48870446416396846,0.8480000000000001,0.6211132462447827
2020-07-16,31.0,25.7,27.9,86,7.5,13.0,1006.5,12.9,159,25.2,0,0.3777777777777779,-0.6326985520017928,0.6842105263157894,0.9749701137548068,0.4772727272727271,0.2016527335785204,0.8409090909090909,0.7918974514104776,0.35971223021582793,-1.1842614218803265,0.33073929961089493,-0.6175957893127444,0.44166666666666665,-0.1995519674376877,0.92,1.0261147872443475
2020-07-17,31.0,25.2,28.0,87,2.7,12.0,1007.5,11.7,155,25.6,0,0.3777777777777779,-0.6326985520017928,0.6403508771929824,0.6146647218906456,0.4886363636363637,0.2750714546107732,0.8636363636363636,0.8878647183285344,0.4316546762589935,-0.6728987175466338,0.2840466926070038,-0.9009304147557893,0.4305555555555556,-0.24785066439218986,0.9520000000000002,1.206115472133044
2020-07-18,31.3,25.4,27.7,86,15.3,15.0,1008.1,14.7,159,25.0,0,0.40000000000000013,-0.49391220516457285,0.6578947368421051,0.7587868786363096,0.45454545454545453,0.05481529151401737,0.8409090909090909,0.7918974514104776,0.4748201438848945,-0.36608109494640656,0.4007782101167314,-0.19259385114817762,0.44166666666666665,-0.1995519674376877,0.904,0.9361144448
2020-07-19,32.2,24.4,27.9,85,4.0,5.0,1007.1,11.5,181,24.9,0,0.466666666666667,-0.07755316465291279,0.5701754385964911,0.03817609490798718,0.4772727272727271,0.2016527335785204,0.8181818181818182,0.695930184492421,0.4028776978417289,-0.8774437992800992,0.2762645914396887,-0.9481528523296299,0.5027777777777778,0.06609086581207434,0.8959999999999999,0.8911142735778254
2020-07-20,31.0,24.9,27.8,86,6.7,11.0,1007.3,10.2,104,25.2,0,0.3777777777777779,-0.6326985520017928,0.6140350877192982,0.39848148677214834,0.46590909090909105,0.12823401254627018,0.8409090909090909,0.7918974514104776,0.4172661870503571,-0.7751712584133955,0.22568093385214,-1.2550986965595952,0.28888888888888886,-0.8636590505620927,0.92,1.0261147872443475
2020-07-21,29.8,24.7,27.3,89,7.1,12.0,1007.8,12.0,137,25.2,0,0.28888888888888903,-1.1878439393506712,0.5964912280701754,0.2543593300264844,0.4090909090909092,-0.23885959261498868,0.9090909090909091,1.0797992521646478,0.4532374100719399,-0.5194899062465492,0.2957198443579766,-0.830096758395028,0.38055555555555554,-0.4651948006874497,0.92,1.0261147872443475
2020-07-22,32.1,25.1,28.1,85,2.3,8.0,1007.5,10.7,144,25.2,0,0.4592592592592595,-0.12381528026532002,0.6315789473684211,0.5426036435178149,0.5000000000000002,0.34849017564302603,0.8181818181818182,0.695930184492421,0.4316546762589935,-0.6728987175466338,0.24513618677042795,-1.1370426026249931,0.4,-0.3806720810170709,0.92,1.0261147872443475
2020-07-23,31.8,25.1,27.7,85,19.3,15.0,1007.8,10.4,202,24.7,1,0.43703703703703717,-0.26260162710254004,0.6315789473684211,0.5426036435178149,0.45454545454545453,0.05481529151401737,0.8181818181818182,0.695930184492421,0.4532374100719399,-0.5194899062465492,0.23346303501945523,-1.2078762589857541,0.5611111111111111,0.3196590248232108,0.88,0.8011139311334778
2020-07-24,29.7,25.4,26.8,89,14.0,21.0,1008.2,9.0,137,24.7,0,0.28148148148148155,-1.2341060549630785,0.6578947368421051,0.7587868786363096,0.3522727272727274,-0.6059531977762476,0.9090909090909091,1.0797992521646478,0.4820143884892127,-0.31494482451302563,0.178988326848249,-1.5384333220026396,0.38055555555555554,-0.4651948006874497,0.88,0.8011139311334778
2020-07-25,30.5,24.3,27.4,87,3.1,8.0,1007.6,11.4,173,24.9,0,0.34074074074074084,-0.8640091300638256,0.5614035087719299,-0.03388498346484352,0.42045454545454536,-0.16544087158273846,0.8636363636363636,0.8878647183285344,0.43884892086331173,-0.6217624471132528,0.2723735408560311,-0.9717640711165502,0.48055555555555557,-0.030506528096930035,0.8959999999999999,0.8911142735778254
2020-07-26,30.7,25.2,27.8,84,1.7,10.0,1007.5,10.3,179,24.8,0,0.3555555555555556,-0.7714848988390128,0.6403508771929824,0.6146647218906456,0.46590909090909105,0.12823401254627018,0.7954545454545454,0.5999629175743643,0.4316546762589935,-0.6728987175466338,0.22957198443579765,-1.2314874777726743,0.49722222222222223,0.04194151733482324,0.8880000000000001,0.8461141023556523
2020-07-27,31.7,24.7,27.8,86,7.0,11.0,1006.7,13.4,197,25.2,0,0.4296296296296297,-0.30886374271494726,0.5964912280701754,0.2543593300264844,0.46590909090909105,0.12823401254627018,0.8409090909090909,0.7918974514104776,0.3741007194244643,-1.0819888810135645,0.35019455252918286,-0.4995396953781424,0.5472222222222223,0.2592856536300831,0.92,1.0261147872443475
2020-07-28,31.3,24.8,27.1,88,16.0,13.0,1007.3,19.1,199,24.9,1,0.40000000000000013,-0.49391220516457285,0.605263157894737,0.3264204083993177,0.3863636363636366,-0.3856970346794917,0.8863636363636364,0.9838319852465911,0.4172661870503571,-0.7751712584133955,0.5719844357976653,0.8462997754763201,0.5527777777777778,0.2834350021073342,0.8959999999999999,0.8911142735778254
2020-07-29,31.4,24.6,27.1,87,11.3,15.0,1007.1,16.6,264,24.6,0,0.4074074074074074,-0.44765008955216723,0.5877192982456142,0.1822982516536537,0.3863636363636366,-0.3856970346794917,0.8636363636363636,0.8878647183285344,0.4028776978417289,-0.8774437992800992,0.47470817120622566,0.2560193058033103,0.7333333333333333,1.0682888276179947,0.8720000000000002,0.7561137599113048
2020-07-30,30.7,24.6,27.3,87,19.7,14.0,1006.4,15.4,284,24.9,1,0.3555555555555556,-0.7714848988390128,0.5877192982456142,0.1822982516536537,0.4090909090909092,-0.23885959261498868,0.8636363636363636,0.8878647183285344,0.3525179856115097,-1.2353976923137073,0.4280155642023346,-0.027315319639734638,0.7888888888888889,1.3097823123905057,0.8959999999999999,0.8911142735778254
2020-07-31,29.9,25.6,26.8,88,10.2,16.0,1004.9,20.0,250,24.5,0,0.2962962962962963,-1.1415818237382658,0.6754385964912282,0.9029090353819761,0.3522727272727274,-0.6059531977762476,0.8863636363636364,0.9838319852465911,0.24460431654676135,-2.0024417488142463,0.6070038910505836,1.0588007445586032,0.6944444444444444,0.899243388277237,0.8640000000000001,0.7111135886891303
2020-08-01,27.5,24.8,26.0,91,7.2,21.0,1004.6,22.9,229,24.4,0,0.11851851851851862,-2.2518725984360226,0.605263157894737,0.3264204083993177,0.2613636363636364,-1.1933029660342622,0.9545454545454546,1.2717337860007614,0.22302158273381495,-2.1558505601143305,0.7198443579766536,1.743526089379294,0.6361111111111111,0.6456752292661005,0.856,0.6661134174669557
2020-08-02,29.8,24.9,26.8,88,8.4,17.0,1005.1,28.9,226,24.5,0,0.28888888888888903,-1.1878439393506712,0.6140350877192982,0.39848148677214834,0.3522727272727274,-0.6059531977762476,0.8863636363636364,0.9838319852465911,0.25899280575539774,-1.9001692079474843,0.9533073929961089,3.1601992165945174,0.6277777777777778,0.6094512065502239,0.8640000000000001,0.7111135886891303
2020-08-03,28.8,24.8,26.5,90,10.0,18.0,1005.7,23.7,222,24.7,0,0.21481481481481499,-1.6504650954747369,0.605263157894737,0.3264204083993177,0.31818181818181823,-0.8262093608730033,0.9318181818181818,1.1757665190827045,0.30215827338129875,-1.5933515853472573,0.7509727626459142,1.9324158396746574,0.6166666666666667,0.5611525095957217,0.88,0.8011139311334778
2020-08-04,28.9,24.5,26.6,88,8.6,14.0,1005.8,16.1,240,24.4,0,0.2222222222222222,-1.6042029798623314,0.5789473684210527,0.11023717328082044,0.32954545454545475,-0.7527906398407506,0.8863636363636364,0.9838319852465911,0.30935251798560875,-1.5422153149139344,0.45525291828793774,0.13796321186870833,0.6666666666666666,0.7784966458909816,0.856,0.6661134174669557
2020-08-05,29.8,24.0,26.4,89,35.7,14.0,1006.7,12.5,266,24.4,1,0.28888888888888903,-1.1878439393506712,0.5350877192982456,-0.2500682185833407,0.3068181818181817,-0.8996280819052562,0.9090909090909091,1.0797992521646478,0.3741007194244643,-1.0819888810135645,0.3151750972762645,-0.712040664460426,0.7388888888888889,1.0924381760952457,0.856,0.6661134174669557
2020-08-06,29.5,24.3,26.2,89,37.3,23.0,1006.9,13.0,243,24.2,1,0.2666666666666668,-1.3266302861878914,0.5614035087719299,-0.03388498346484352,0.28409090909090906,-1.0464655239697591,0.9090909090909091,1.0797992521646478,0.3884892086330925,-0.9797163401468609,0.3346303501945525,-0.5939845705258241,0.675,0.8147206686068582,0.84,0.5761130750226082
2020-08-07,30.8,24.6,26.9,86,10.4,19.0,1006.1,15.1,261,24.3,0,0.3629629629629631,-0.7252227832266056,0.5877192982456142,0.1822982516536537,0.36363636363636354,-0.5325344767439973,0.8409090909090909,0.7918974514104776,0.3309352517985633,-1.3888065036137918,0.4163424124513618,-0.09814897600049598,0.725,1.032064804902118,0.8480000000000001,0.6211132462447827
2020-08-08,29.8,24.8,26.7,90,21.1,14.0,1006.5,20.9,242,24.9,1,0.28888888888888903,-1.1878439393506712,0.605263157894737,0.3264204083993177,0.3409090909090909,-0.6793719188085003,0.9318181818181818,1.1757665190827045,0.35971223021582793,-1.1842614218803265,0.6420233463035019,1.2713017136408864,0.6722222222222223,0.8026459943682327,0.8959999999999999,0.8911142735778254
2020-08-09,30.8,24.3,27.1,87,9.7,8.0,1006.7,14.7,219,24.7,0,0.3629629629629631,-0.7252227832266056,0.5614035087719299,-0.03388498346484352,0.3863636363636366,-0.3856970346794917,0.8636363636363636,0.8878647183285344,0.3741007194244643,-1.0819888810135645,0.4007782101167314,-0.19259385114817762,0.6083333333333333,0.5249284868798451,0.88,0.8011139311334778
2020-08-10,30.7,25.2,27.2,87,2.2,10.0,1007.9,21.3,233,24.7,0,0.3555555555555556,-0.7714848988390128,0.6403508771929824,0.6146647218906456,0.3977272727272727,-0.3122783136472415,0.8636363636363636,0.8878647183285344,0.46043165467625813,-0.4683536358131683,0.6575875486381322,1.3657465887885685,0.6472222222222223,0.6939739262206027,0.88,0.8011139311334778
2020-08-11,32.2,24.8,27.7,85,5.9,10.0,1007.7,19.1,238,24.9,0,0.466666666666667,-0.07755316465291279,0.605263157894737,0.3264204083993177,0.45454545454545453,0.05481529151401737,0.8181818181818182,0.695930184492421,0.4460431654676299,-0.5706261766798719,0.5719844357976653,0.8462997754763201,0.6611111111111111,0.7543472974137305,0.8959999999999999,0.8911142735778254
2020-08-12,30.3,24.7,27.4,87,8.0,15.0,1008.8,13.6,197,25.1,0,0.32592592592592606,-0.9565333612886384,0.5964912280701754,0.2543593300264844,0.42045454545454536,-0.16544087158273846,0.8636363636363636,0.8878647183285344,0.5251798561151055,-0.008127201912856584,0.357976653696498,-0.4523172578043018,0.5472222222222223,0.2592856536300831,0.9120000000000001,0.9811146160221744
2020-08-13,29.7,24.7,26.5,89,16.7,23.0,1009.0,12.6,170,24.6,0,0.28148148148148155,-1.2341060549630785,0.5964912280701754,0.2543593300264844,0.31818181818181823,-0.8262093608730033,0.9090909090909091,1.0797992521646478,0.5395683453237419,0.0941453389539052,0.3190661478599221,-0.6884294456735057,0.4722222222222222,-0.06673055081280667,0.8720000000000002,0.7561137599113048
2020-08-14,30.5,24.1,26.4,88,15.0,19.0,1008.9,11.2,219,24.2,0,0.34074074074074084,-0.8640091300638256,0.5438596491228072,-0.17800714021050748,0.3068181818181817,-0.8996280819052562,0.8863636363636364,0.9838319852465911,0.5323741007194237,0.04300906852052431,0.2645914396887159,-1.0189865086903913,0.6083333333333333,0.5249284868798451,0.84,0.5761130750226082
2020-08-15,31.2,23.4,26.9,83,0.3,3.0,1007.8,13.4,325,23.7,0,0.39259259259259266,-0.54017432077698,0.4824561403508771,-0.6824346888203352,0.36363636363636354,-0.5325344767439973,0.7727272727272727,0.5039956506563075,0.4532374100719399,-0.5194899062465492,0.35019455252918286,-0.4995396953781424,0.9027777777777778,1.804843956174153,0.8,0.35111221891173855
2020-08-16,32.6,24.4,27.8,82,3.7,9.0,1007.7,12.9,271,24.2,0,0.4962962962962965,0.1074952977967128,0.5701754385964911,0.03817609490798718,0.46590909090909105,0.12823401254627018,0.75,0.4080283837382508,0.4460431654676299,-0.5706261766798719,0.33073929961089493,-0.6175957893127444,0.7527777777777778,1.1528115472883735,0.84,0.5761130750226082
2020-08-17,31.3,24.8,27.5,87,9.8,8.0,1007.0,15.2,241,25.0,0,0.40000000000000013,-0.49391220516457285,0.605263157894737,0.3264204083993177,0.4318181818181819,-0.09202215055048565,0.8636363636363636,0.8878647183285344,0.3956834532374107,-0.9285800697134801,0.42023346303501935,-0.07453775721357567,0.6694444444444444,0.7905713201296071,0.904,0.9361144448
2020-08-18,31.8,24.9,27.5,85,15.9,16.0,1006.6,13.3,238,24.6,1,0.43703703703703717,-0.26260162710254004,0.6140350877192982,0.39848148677214834,0.4318181818181819,-0.09202215055048565,0.8181818181818182,0.695930184492421,0.3669064748201461,-1.1331251514469454,0.3463035019455253,-0.5231509141650628,0.6611111111111111,0.7543472974137305,0.8720000000000002,0.7561137599113048
2020-08-19,31.1,24.3,27.2,83,13.3,15.0,1006.8,18.2,264,23.8,0,0.3851851851851854,-0.5864364363893856,0.5614035087719299,-0.03388498346484352,0.3977272727272727,-0.3122783136472415,0.7727272727272727,0.5039956506563075,0.38129496402877433,-1.0308526105802418,0.536964980544747,0.633798806394036,0.7333333333333333,1.0682888276179947,0.8080000000000002,0.39611239013391314
2020-08-20,30.4,24.8,27.2,85,2.5,9.0,1007.3,9.3,246,24.3,0,0.3333333333333333,-0.9102712456762329,0.605263157894737,0.3264204083993177,0.3977272727272727,-0.3122783136472415,0.8181818181818182,0.695930184492421,0.4172661870503571,-0.7751712584133955,0.19066147859922178,-1.4675996656418784,0.6833333333333333,0.8509446913227349,0.8480000000000001,0.6211132462447827
2020-08-21,31.8,24.9,28.1,83,3.6,10.0,1008.1,10.5,249,24.7,0,0.43703703703703717,-0.26260162710254004,0.6140350877192982,0.39848148677214834,0.5000000000000002,0.34849017564302603,0.7727272727272727,0.5039956506563075,0.4748201438848945,-0.36608109494640656,0.2373540856031128,-1.1842650401988337,0.6916666666666667,0.8871687140386115,0.88,0.8011139311334778
2020-08-22,32.5,25.1,28.5,80,0.1,1.0,1008.3,13.0,225,24.3,0,0.488888888888889,0.061233182184305575,0.6315789473684211,0.5426036435178149,0.5454545454545455,0.6421650597720321,0.7045454545454546,0.21609384990213737,0.4892086330935227,-0.2638085540797029,0.3346303501945525,-0.5939845705258241,0.625,0.5973765323115984,0.8480000000000001,0.6211132462447827
2020-08-23,32.2,25.1,28.1,83,4.4,7.0,1008.9,12.2,204,24.8,0,0.466666666666667,-0.07755316465291279,0.6315789473684211,0.5426036435178149,0.5000000000000002,0.34849017564302603,0.7727272727272727,0.5039956506563075,0.5323741007194237,0.04300906852052431,0.30350194552529175,-0.7828743208211874,0.5666666666666667,0.3438083733004619,0.8880000000000001,0.8461141023556523
2020-08-24,32.4,24.5,27.9,84,10.5,4.0,1009.0,14.4,239,24.7,0,0.48148148148148145,0.014971066571898358,0.5789473684210527,0.11023717328082044,0.4772727272727271,0.2016527335785204,0.7954545454545454,0.5999629175743643,0.5395683453237419,0.0941453389539052,0.3891050583657587,-0.2634275075089385,0.6638888888888889,0.766421971652356,0.88,0.8011139311334778
2020-08-25,32.7,25.2,28.7,83,2.0,7.0,1007.9,14.0,225,25.3,0,0.503703703703704,0.15375741340912003,0.6403508771929824,0.6146647218906456,0.5681818181818181,0.7890025018365351,0.7727272727272727,0.5039956506563075,0.46043165467625813,-0.4683536358131683,0.37354085603112835,-0.3578723826566202,0.625,0.5973765323115984,0.9280000000000002,1.071114958466522
2020-08-26,33.2,25.4,28.8,82,3.0,7.0,1007.2,14.0,235,25.2,0,0.5407407407407411,0.38506799147115284,0.6578947368421051,0.7587868786363096,0.5795454545454547,0.8624212228687879,0.75,0.4080283837382508,0.4100719424460471,-0.8263075288467183,0.37354085603112835,-0.3578723826566202,0.6527777777777778,0.7181232746978539,0.92,1.0261147872443475
2020-08-27,33.8,25.9,28.8,81,4.4,3.0,1006.1,17.8,236,25.1,0,0.585185185185185,0.6626406851455896,0.7017543859649121,1.1190922705004707,0.5795454545454547,0.8624212228687879,0.7272727272727273,0.3120611168201941,0.3309352517985633,-1.3888065036137918,0.5214007782101167,0.5393539312463548,0.6555555555555556,0.7301979489364794,0.9120000000000001,0.9811146160221744
2020-08-28,33.2,25.3,28.6,80,3.7,7.0,1005.4,18.5,233,24.5,0,0.5407407407407411,0.38506799147115284,0.6491228070175439,0.6867258002634788,0.556818181818182,0.7155837808042849,0.7045454545454546,0.21609384990213737,0.28057553956834413,-1.7467603966474,0.5486381322957198,0.7046324627547973,0.6472222222222223,0.6939739262206027,0.8640000000000001,0.7111135886891303
2020-08-29,32.5,25.0,28.2,84,3.2,9.0,1005.7,15.6,225,25.2,0,0.488888888888889,0.061233182184305575,0.6228070175438597,0.4705425651449816,0.5113636363636364,0.4219088966752762,0.7954545454545454,0.5999629175743643,0.30215827338129875,-1.5933515853472573,0.43579766536964976,0.01990711793410597,0.625,0.5973765323115984,0.92,1.0261147872443475
2020-08-30,32.3,24.9,28.0,85,5.3,7.0,1005.8,12.3,206,25.2,0,0.474074074074074,-0.03129104904050886,0.6140350877192982,0.39848148677214834,0.4886363636363637,0.2750714546107732,0.8181818181818182,0.695930184492421,0.30935251798560875,-1.5422153149139344,0.3073929961089494,-0.7592631020342666,0.5722222222222222,0.367957721777713,0.92,1.0261147872443475
2020-08-31,32.8,25.1,28.3,83,1.7,2.0,1006.4,15.2,215,24.9,0,0.511111111111111,0.20001952902152395,0.6315789473684211,0.5426036435178149,0.5227272727272728,0.49532761770752903,0.7727272727272727,0.5039956506563075,0.3525179856115097,-1.2353976923137073,0.42023346303501935,-0.07453775721357567,0.5972222222222222,0.4766297899253429,0.8959999999999999,0.8911142735778254
2020-09-01,31.8,25.1,27.6,86,12.5,14.0,1006.8,10.5,221,24.9,0,0.43703703703703717,-0.26260162710254004,0.6315789473684211,0.5426036435178149,0.4431818181818184,-0.018603429518232836,0.8409090909090909,0.7918974514104776,0.38129496402877433,-1.0308526105802418,0.2373540856031128,-1.1842650401988337,0.6138888888888889,0.5490778353570962,0.8959999999999999,0.8911142735778254
2020-09-02,32.4,25.4,28.1,83,9.6,15.0,1007.5,16.4,263,24.7,0,0.48148148148148145,0.014971066571898358,0.6578947368421051,0.7587868786363096,0.5000000000000002,0.34849017564302603,0.7727272727272727,0.5039956506563075,0.4316546762589935,-0.6728987175466338,0.4669260700389104,0.20879686822946883,0.7305555555555555,1.0562141533793692,0.88,0.8011139311334778
2020-09-03,32.7,24.1,28.0,84,21.7,19.0,1007.5,10.9,74,24.9,1,0.503703703703704,0.15375741340912003,0.5438596491228072,-0.17800714021050748,0.4886363636363637,0.2750714546107732,0.7954545454545454,0.5999629175743643,0.4316546762589935,-0.6728987175466338,0.2529182879377432,-1.089820165051152,0.20555555555555555,-1.225899277720859,0.8959999999999999,0.8911142735778254
2020-09-04,31.5,25.4,27.6,86,16.4,16.0,1007.7,17.6,157,25.0,1,0.4148148148148149,-0.40138797393976006,0.6578947368421051,0.7587868786363096,0.4431818181818184,-0.018603429518232836,0.8409090909090909,0.7918974514104776,0.4460431654676299,-0.5706261766798719,0.5136186770428015,0.4921314936725142,0.4361111111111111,-0.22370131591493878,0.904,0.9361144448
2020-09-05,32.1,24.9,28.2,85,1.4,7.0,1007.1,11.1,180,25.3,0,0.4592592592592595,-0.12381528026532002,0.6140350877192982,0.39848148677214834,0.5113636363636364,0.4219088966752762,0.8181818181818182,0.695930184492421,0.4028776978417289,-0.8774437992800992,0.2607003891050583,-1.0425977274773115,0.5,0.05401619157344879,0.9280000000000002,1.071114958466522
2020-09-06,31.8,25.2,27.5,84,15.0,16.0,1007.3,10.5,239,24.5,1,0.43703703703703717,-0.26260162710254004,0.6403508771929824,0.6146647218906456,0.4318181818181819,-0.09202215055048565,0.7954545454545454,0.5999629175743643,0.4172661870503571,-0.7751712584133955,0.2373540856031128,-1.1842650401988337,0.6638888888888889,0.766421971652356,0.8640000000000001,0.7111135886891303
2020-09-07,32.6,24.7,27.8,86,4.8,6.0,1007.5,12.6,247,25.0,0,0.4962962962962965,0.1074952977967128,0.5964912280701754,0.2543593300264844,0.46590909090909105,0.12823401254627018,0.8409090909090909,0.7918974514104776,0.4316546762589935,-0.6728987175466338,0.3190661478599221,-0.6884294456735057,0.6861111111111111,0.8630193655613604,0.904,0.9361144448
2020-09-08,31.8,24.9,28.0,85,1.6,9.0,1008.5,11.6,201,25.1,0,0.43703703703703717,-0.26260162710254004,0.6140350877192982,0.39848148677214834,0.4886363636363637,0.2750714546107732,0.8181818181818182,0.695930184492421,0.5035971223021591,-0.16153601321294112,0.28015564202334625,-0.9245416335427096,0.5583333333333333,0.3075843505845853,0.9120000000000001,0.9811146160221744
2020-09-09,31.5,25.8,27.9,87,6.8,14.0,1008.2,12.9,166,25.4,0,0.4148148148148149,-0.40138797393976006,0.6929824561403509,1.04703119212764,0.4772727272727271,0.2016527335785204,0.8636363636363636,0.8878647183285344,0.4820143884892127,-0.31494482451302563,0.33073929961089493,-0.6175957893127444,0.46111111111111114,-0.11502924776730886,0.9359999999999999,1.1161151296886949
2020-09-10,31.6,24.5,27.5,86,6.9,7.0,1006.5,11.8,188,24.8,0,0.42222222222222244,-0.35512585832735283,0.5789473684210527,0.11023717328082044,0.4318181818181819,-0.09202215055048565,0.8409090909090909,0.7918974514104776,0.35971223021582793,-1.1842614218803265,0.28793774319066145,-0.8773191959688685,0.5222222222222223,0.15061358548245316,0.8880000000000001,0.8461141023556523
2020-09-11,31.6,25.0,27.5,86,11.5,13.0,1007.7,14.2,187,24.8,0,0.42222222222222244,-0.35512585832735283,0.6228070175438597,0.4705425651449816,0.4318181818181819,-0.09202215055048565,0.8409090909090909,0.7918974514104776,0.4460431654676299,-0.5706261766798719,0.3813229571984435,-0.31064994508277954,0.5194444444444445,0.1385389112438276,0.8880000000000001,0.8461141023556523
2020-09-12,32.3,24.8,27.4,86,20.0,14.0,1009.2,14.7,205,24.5,1,0.474074074074074,-0.03129104904050886,0.605263157894737,0.3264204083993177,0.42045454545454536,-0.16544087158273846,0.8409090909090909,0.7918974514104776,0.5539568345323783,0.19641787982066697,0.4007782101167314,-0.19259385114817762,0.5694444444444444,0.35588304753908745,0.8640000000000001,0.7111135886891303
2020-09-13,30.7,24.3,26.8,87,20.8,16.0,1009.4,9.2,235,24.3,1,0.3555555555555556,-0.7714848988390128,0.5614035087719299,-0.03388498346484352,0.3522727272727274,-0.6059531977762476,0.8636363636363636,0.8878647183285344,0.5683453237410064,0.2986904206873706,0.18677042801556415,-1.491210884428799,0.6527777777777778,0.7181232746978539,0.8480000000000001,0.6211132462447827
2020-09-14,28.8,24.0,26.1,89,13.6,17.0,1008.7,11.7,205,24.1,0,0.21481481481481499,-1.6504650954747369,0.5350877192982456,-0.2500682185833407,0.27272727272727293,-1.1198842450020094,0.9090909090909091,1.0797992521646478,0.5179856115107955,-0.05926347234617934,0.2840466926070038,-0.9009304147557893,0.5694444444444444,0.35588304753908745,0.8320000000000002,0.5311129038004352
2020-09-15,31.0,23.9,26.7,86,27.6,16.0,1008.3,12.3,242,24.0,1,0.3777777777777779,-0.6326985520017928,0.5263157894736841,-0.322129296956174,0.3409090909090909,-0.6793719188085003,0.8409090909090909,0.7918974514104776,0.4892086330935227,-0.2638085540797029,0.3073929961089494,-0.7592631020342666,0.6722222222222223,0.8026459943682327,0.8240000000000001,0.48611273257826065
2020-09-16,30.9,24.2,27.0,85,7.2,11.0,1007.5,13.6,252,24.1,0,0.37037037037037035,-0.6789606676142,0.5526315789473684,-0.10594606183767678,0.37500000000000006,-0.4591157557117445,0.8181818181818182,0.695930184492421,0.4316546762589935,-0.6728987175466338,0.357976653696498,-0.4523172578043018,0.7,0.9233927367544881,0.8320000000000002,0.5311129038004352
2020-09-17,30.7,25.4,26.9,86,7.4,14.0,1005.1,19.5,257,24.3,0,0.3555555555555556,-0.7714848988390128,0.6578947368421051,0.7587868786363096,0.36363636363636354,-0.5325344767439973,0.8409090909090909,0.7918974514104776,0.25899280575539774,-1.9001692079474843,0.5875486381322956,0.9407446506240013,0.7138888888888889,0.9837661079476159,0.8480000000000001,0.6211132462447827
2020-09-18,28.2,24.6,25.8,91,19.5,20.0,1003.5,23.9,228,24.2,1,0.17037037037037042,-1.928037789149177,0.5877192982456142,0.1822982516536537,0.23863636363636379,-1.3401404080987653,0.9545454545454546,1.2717337860007614,0.14388489208633118,-2.7183495348814044,0.7587548638132295,1.979638277248498,0.6333333333333333,0.633600555027475,0.84,0.5761130750226082
2020-09-19,29.5,24.3,26.1,90,17.5,21.0,1007.4,23.1,194,24.4,1,0.2666666666666668,-1.3266302861878914,0.5614035087719299,-0.03388498346484352,0.27272727272727293,-1.1198842450020094,0.9318181818181818,1.1757665190827045,0.42446043165467534,-0.7240349879800146,0.727626459143969,1.7907485269531356,0.5388888888888889,0.22306163091420644,0.856,0.6661134174669557
2020-09-20,30.3,23.8,26.6,87,8.9,10.0,1009.3,13.0,246,24.1,0,0.32592592592592606,-0.9565333612886384,0.5175438596491229,-0.3941903753290047,0.32954545454545475,-0.7527906398407506,0.8636363636363636,0.8878647183285344,0.5611510791366883,0.24755415025398972,0.3346303501945525,-0.5939845705258241,0.6833333333333333,0.8509446913227349,0.8320000000000002,0.5311129038004352
2020-09-21,31.8,24.1,27.5,86,3.4,7.0,1008.4,10.1,8,24.7,0,0.43703703703703717,-0.26260162710254004,0.5438596491228072,-0.17800714021050748,0.4318181818181819,-0.09202215055048565,0.8409090909090909,0.7918974514104776,0.4964028776978409,-0.212672283646322,0.22178988326848245,-1.2787099153465153,0.022222222222222223,-2.022827777470145,0.88,0.8011139311334778
2020-09-22,31.4,25.0,27.6,88,7.8,14.0,1008.2,13.2,132,25.3,0,0.4074074074074074,-0.44765008955216723,0.6228070175438597,0.4705425651449816,0.4431818181818184,-0.018603429518232836,0.8863636363636364,0.9838319852465911,0.4820143884892127,-0.31494482451302563,0.3424124513618676,-0.5467621329519835,0.36666666666666664,-0.5255681718805775,0.9280000000000002,1.071114958466522
2020-09-23,30.8,24.6,26.9,88,13.6,7.0,1008.6,14.2,144,24.7,0,0.3629629629629631,-0.7252227832266056,0.5877192982456142,0.1822982516536537,0.36363636363636354,-0.5325344767439973,0.8863636363636364,0.9838319852465911,0.5107913669064773,-0.11039974277956023,0.3813229571984435,-0.31064994508277954,0.4,-0.3806720810170709,0.88,0.8011139311334778
2020-09-24,31.4,24.3,27.2,87,10.1,7.0,1009.7,13.9,231,24.6,0,0.4074074074074074,-0.44765008955216723,0.5614035087719299,-0.03388498346484352,0.3977272727272727,-0.3122783136472415,0.8636363636363636,0.8878647183285344,0.589928057553961,0.4520992319875133,0.3696498054474708,-0.3814836014435405,0.6416666666666667,0.6698245777433517,0.8720000000000002,0.7561137599113048
2020-09-25,31.0,25.2,27.3,86,2.6,5.0,1008.8,15.1,306,24.6,0,0.3777777777777779,-0.6326985520017928,0.6403508771929824,0.6146647218906456,0.4090909090909092,-0.23885959261498868,0.8409090909090909,0.7918974514104776,0.5251798561151055,-0.008127201912856584,0.4163424124513618,-0.09814897600049598,0.85,1.5754251456402677,0.8720000000000002,0.7561137599113048
2020-09-26,30.7,24.1,27.0,86,2.6,3.0,1007.6,14.0,301,24.4,0,0.3555555555555556,-0.7714848988390128,0.5438596491228072,-0.17800714021050748,0.37500000000000006,-0.4591157557117445,0.8409090909090909,0.7918974514104776,0.43884892086331173,-0.6217624471132528,0.37354085603112835,-0.3578723826566202,0.8361111111111111,1.51505177444714,0.856,0.6661134174669557
2020-09-27,29.5,23.7,26.2,90,42.3,20.0,1006.4,14.3,171,24.3,1,0.2666666666666668,-1.3266302861878914,0.5087719298245613,-0.46625145370183796,0.28409090909090906,-1.0464655239697591,0.9318181818181818,1.1757665190827045,0.3525179856115097,-1.2353976923137073,0.38521400778210113,-0.28703872629585886,0.475,-0.054655876574181125,0.8480000000000001,0.6211132462447827
2020-09-28,28.1,24.4,25.6,90,19.7,17.0,1007.1,20.5,192,23.9,1,0.16296296296296317,-1.9742999047615826,0.5701754385964911,0.03817609490798718,0.21590909090909113,-1.4869778501632682,0.9318181818181818,1.1757665190827045,0.4028776978417289,-0.8774437992800992,0.6264591439688716,1.1768568384932052,0.5333333333333333,0.19891228243695536,0.816,0.44111256135608606
2020-09-29,30.5,23.5,26.5,88,4.4,7.0,1008.1,15.7,230,24.2,0,0.34074074074074084,-0.8640091300638256,0.4912280701754386,-0.6103736104475019,0.31818181818181823,-0.8262093608730033,0.8863636363636364,0.9838319852465911,0.4748201438848945,-0.36608109494640656,0.43968871595330733,0.04351833672102628,0.6388888888888888,0.6577499035047261,0.84,0.5761130750226082
2020-09-30,31.5,24.4,27.1,87,5.9,11.0,1006.5,14.5,298,24.6,0,0.4148148148148149,-0.40138797393976006,0.5701754385964911,0.03817609490798718,0.3863636363636366,-0.3856970346794917,0.8636363636363636,0.8878647183285344,0.35971223021582793,-1.1842614218803265,0.3929961089494163,-0.23981628872201824,0.8277777777777777,1.4788277517312634,0.8720000000000002,0.7561137599113048
2020-10-01,31.3,24.8,27.3,87,9.9,12.0,1005.6,10.5,302,24.8,0,0.40000000000000013,-0.49391220516457285,0.605263157894737,0.3264204083993177,0.4090909090909092,-0.23885959261498868,0.8636363636363636,0.8878647183285344,0.2949640287769805,-1.6444878557806382,0.2373540856031128,-1.1842650401988337,0.8388888888888889,1.5271264486857654,0.8880000000000001,0.8461141023556523
2020-10-02,29.4,24.3,26.6,90,20.2,20.0,1006.3,12.6,145,24.7,1,0.25925925925925924,-1.3728924018002986,0.5614035087719299,-0.03388498346484352,0.32954545454545475,-0.7527906398407506,0.9318181818181818,1.1757665190827045,0.34532374100719154,-1.2865339627470882,0.3190661478599221,-0.6884294456735057,0.4027777777777778,-0.3685974067784453,0.88,0.8011139311334778
2020-10-03,31.2,24.1,26.9,88,6.5,9.0,1007.7,14.7,224,24.6,0,0.39259259259259266,-0.54017432077698,0.5438596491228072,-0.17800714021050748,0.36363636363636354,-0.5325344767439973,0.8863636363636364,0.9838319852465911,0.4460431654676299,-0.5706261766798719,0.4007782101167314,-0.19259385114817762,0.6222222222222222,0.5853018580729729,0.8720000000000002,0.7561137599113048
2020-10-04,30.2,24.4,26.8,88,9.8,15.0,1008.4,10.0,263,24.5,0,0.3185185185185186,-1.0027954769010456,0.5701754385964911,0.03817609490798718,0.3522727272727274,-0.6059531977762476,0.8863636363636364,0.9838319852465911,0.4964028776978409,-0.212672283646322,0.21789883268482488,-1.3023211341334358,0.7305555555555555,1.0562141533793692,0.8640000000000001,0.7111135886891303
2020-10-05,29.3,23.7,25.9,90,21.4,19.0,1007.6,13.6,304,24.0,1,0.251851851851852,-1.419154517412704,0.5087719298245613,-0.46625145370183796,0.2499999999999999,-1.266721687066515,0.9318181818181818,1.1757665190827045,0.43884892086331173,-0.6217624471132528,0.357976653696498,-0.4523172578043018,0.8444444444444444,1.5512757971630164,0.8240000000000001,0.48611273257826065
2020-10-06,29.7,23.7,26.0,90,22.7,21.0,1006.8,11.6,280,24.2,1,0.28148148148148155,-1.2341060549630785,0.5087719298245613,-0.46625145370183796,0.2613636363636364,-1.1933029660342622,0.9318181818181818,1.1757665190827045,0.38129496402877433,-1.0308526105802418,0.28015564202334625,-0.9245416335427096,0.7777777777777778,1.2614836154360034,0.84,0.5761130750226082
2020-10-07,28.4,24.0,25.9,92,23.1,22.0,1004.9,16.0,260,24.3,1,0.18518518518518517,-1.835513557924364,0.5350877192982456,-0.2500682185833407,0.2499999999999999,-1.266721687066515,0.9772727272727273,1.367701052918818,0.24460431654676135,-2.0024417488142463,0.4513618677042801,0.11435199308178762,0.7222222222222222,1.0199901306634924,0.8480000000000001,0.6211132462447827
2020-10-08,30.0,23.8,26.5,89,9.8,15.0,1005.1,12.8,167,24.5,0,0.3037037037037038,-1.0953197081258585,0.5175438596491229,-0.3941903753290047,0.31818181818181823,-0.8262093608730033,0.9090909090909091,1.0797992521646478,0.25899280575539774,-1.9001692079474843,0.32684824902723736,-0.6412070080996647,0.4638888888888889,-0.10295457352868331,0.8640000000000001,0.7111135886891303
2020-10-09,28.9,25.0,26.2,91,15.4,19.0,1006.7,11.9,161,24.6,1,0.2222222222222222,-1.6042029798623314,0.6228070175438597,0.4705425651449816,0.28409090909090906,-1.0464655239697591,0.9545454545454546,1.2717337860007614,0.3741007194244643,-1.0819888810135645,0.29182879377431903,-0.8537079771819482,0.44722222222222224,-0.1754026189604366,0.8720000000000002,0.7561137599113048
2020-10-10,27.6,24.4,25.4,92,29.4,24.0,1006.5,14.1,225,24.1,1,0.12592592592592614,-2.2056104828236154,0.5701754385964911,0.03817609490798718,0.1931818181818181,-1.633815292227774,0.9772727272727273,1.367701052918818,0.35971223021582793,-1.1842614218803265,0.37743190661478593,-0.3342611638696999,0.625,0.5973765323115984,0.8320000000000002,0.5311129038004352
2020-10-11,27.8,24.1,25.6,92,13.7,24.0,1005.2,17.3,249,24.2,0,0.1407407407407409,-2.1130862515988027,0.5438596491228072,-0.17800714021050748,0.21590909090909113,-1.4869778501632682,0.9772727272727273,1.367701052918818,0.26618705035971596,-1.8490329375141035,0.5019455252918288,0.42129783731175285,0.6916666666666667,0.8871687140386115,0.84,0.5761130750226082
2020-10-12,27.9,24.2,25.6,91,6.4,20.0,1004.2,13.2,272,23.9,0,0.14814814814814814,-2.066824135986397,0.5526315789473684,-0.10594606183767678,0.21590909090909113,-1.4869778501632682,0.9545454545454546,1.2717337860007614,0.19424460431655036,-2.3603956418477963,0.3424124513618676,-0.5467621329519835,0.7555555555555555,1.164886221526999,0.816,0.44111256135608606
2020-10-13,28.0,23.6,25.5,90,22.6,20.0,1004.8,10.9,250,23.7,1,0.15555555555555567,-2.0205620203739896,0.5000000000000001,-0.5383125320746687,0.2045454545454546,-1.560396571195521,0.9318181818181818,1.1757665190827045,0.23741007194244315,-2.053578019247627,0.2529182879377432,-1.089820165051152,0.6944444444444444,0.899243388277237,0.8,0.35111221891173855
2020-10-14,27.4,23.8,25.3,92,13.5,19.0,1005.5,15.8,219,23.9,0,0.1111111111111111,-2.29813471404843,0.5175438596491229,-0.3941903753290047,0.18181818181818196,-1.707234013260024,0.9772727272727273,1.367701052918818,0.28776978417266236,-1.695624126214019,0.44357976653696496,0.067129555507947,0.6083333333333333,0.5249284868798451,0.816,0.44111256135608606
2020-10-15,29.1,23.8,25.7,90,28.8,23.0,1005.5,22.1,242,24.0,1,0.23703703703703724,-1.511678748637517,0.5175438596491229,-0.3941903753290047,0.22727272727272727,-1.413559129131018,0.9318181818181818,1.1757665190827045,0.28776978417266236,-1.695624126214019,0.688715953307393,1.5546363390839317,0.6722222222222223,0.8026459943682327,0.8240000000000001,0.48611273257826065
2020-10-16,27.0,24.2,25.3,92,13.9,24.0,1005.2,20.6,236,24.0,0,0.08148148148148159,-2.483183176498055,0.5526315789473684,-0.10594606183767678,0.18181818181818196,-1.707234013260024,0.9772727272727273,1.367701052918818,0.26618705035971596,-1.8490329375141035,0.6303501945525293,1.2004680572801258,0.6555555555555556,0.7301979489364794,0.8240000000000001,0.48611273257826065
2020-10-17,27.3,24.0,25.5,92,9.7,21.0,1005.6,13.5,209,24.1,0,0.10370370370370387,-2.3443968296608353,0.5350877192982456,-0.2500682185833407,0.2045454545454546,-1.560396571195521,0.9772727272727273,1.367701052918818,0.2949640287769805,-1.6444878557806382,0.35408560311284043,-0.4759284765912221,0.5805555555555556,0.4041817444935896,0.8320000000000002,0.5311129038004352
2020-10-18,27.4,24.0,25.5,93,11.8,17.0,1007.8,17.4,201,24.3,0,0.1111111111111111,-2.29813471404843,0.5350877192982456,-0.2500682185833407,0.2045454545454546,-1.560396571195521,1.0,1.4636683198368747,0.4532374100719399,-0.5194899062465492,0.5058365758754862,0.4449090560986727,0.5583333333333333,0.3075843505845853,0.8480000000000001,0.6211132462447827
2020-10-19,28.2,24.0,26.0,91,12.9,24.0,1007.9,9.3,240,24.4,0,0.17037037037037042,-1.928037789149177,0.5350877192982456,-0.2500682185833407,0.2613636363636364,-1.1933029660342622,0.9545454545454546,1.2717337860007614,0.46043165467625813,-0.4683536358131683,0.19066147859922178,-1.4675996656418784,0.6666666666666666,0.7784966458909816,0.856,0.6661134174669557
2020-10-20,30.6,23.8,26.8,88,13.6,16.0,1007.7,11.0,326,24.5,0,0.3481481481481484,-0.8177470144514184,0.5175438596491229,-0.3941903753290047,0.3522727272727274,-0.6059531977762476,0.8863636363636364,0.9838319852465911,0.4460431654676299,-0.5706261766798719,0.25680933852140075,-1.066208946264232,0.9055555555555556,1.8169186304127785,0.8640000000000001,0.7111135886891303
2020-10-21,30.4,23.6,26.2,90,26.2,18.0,1007.4,12.6,18,24.3,1,0.3333333333333333,-0.9102712456762329,0.5000000000000001,-0.5383125320746687,0.28409090909090906,-1.0464655239697591,0.9318181818181818,1.1757665190827045,0.42446043165467534,-0.7240349879800146,0.3190661478599221,-0.6884294456735057,0.05,-1.9020810350838897,0.8480000000000001,0.6211132462447827
2020-10-22,31.3,24.1,27.2,81,1.1,5.0,1007.3,11.9,296,23.3,0,0.40000000000000013,-0.49391220516457285,0.5438596491228072,-0.17800714021050748,0.3977272727272727,-0.3122783136472415,0.7272727272727273,0.3120611168201941,0.4172661870503571,-0.7751712584133955,0.29182879377431903,-0.8537079771819482,0.8222222222222222,1.454678403254012,0.7680000000000001,0.1711115340230435
2020-10-23,30.2,23.9,26.9,84,0.7,6.0,1008.0,12.2,232,23.9,0,0.3185185185185186,-1.0027954769010456,0.5263157894736841,-0.322129296956174,0.36363636363636354,-0.5325344767439973,0.7954545454545454,0.5999629175743643,0.4676258992805763,-0.41721736537978743,0.30350194552529175,-0.7828743208211874,0.6444444444444445,0.6818992519819772,0.816,0.44111256135608606
2020-10-24,29.7,24.2,26.3,87,3.3,2.0,1009.0,15.6,175,23.8,0,0.28148148148148155,-1.2341060549630785,0.5526315789473684,-0.10594606183767678,0.2954545454545456,-0.9730468029375063,0.8636363636363636,0.8878647183285344,0.5395683453237419,0.0941453389539052,0.43579766536964976,0.01990711793410597,0.4861111111111111,-0.006357179619678942,0.8080000000000002,0.39611239013391314
2020-10-25,28.9,23.8,26.0,88,18.1,21.0,1009.3,8.6,216,23.8,0,0.2222222222222222,-1.6042029798623314,0.5175438596491229,-0.3941903753290047,0.2613636363636364,-1.1933029660342622,0.8863636363636364,0.9838319852465911,0.5611510791366883,0.24755415025398972,0.16342412451361862,-1.6328781971503212,0.6,0.48870446416396846,0.8080000000000002,0.39611239013391314
2020-10-26,30.5,23.7,26.3,86,13.3,13.0,1008.3,8.5,283,23.7,0,0.34074074074074084,-0.8640091300638256,0.5087719298245613,-0.46625145370183796,0.2954545454545456,-0.9730468029375063,0.8409090909090909,0.7918974514104776,0.4892086330935227,-0.2638085540797029,0.15953307392996105,-1.6564894159372416,0.7861111111111111,1.2977076381518802,0.8,0.35111221891173855
2020-10-27,30.3,23.6,26.6,83,0.0,0.0,1006.3,14.5,292,23.2,0,0.32592592592592606,-0.9565333612886384,0.5000000000000001,-0.5383125320746687,0.32954545454545475,-0.7527906398407506,0.7727272727272727,0.5039956506563075,0.34532374100719154,-1.2865339627470882,0.3929961089494163,-0.23981628872201824,0.8111111111111111,1.40637970629951,0.76,0.12611136280086893
2020-10-28,29.2,24.7,26.2,85,1.3,4.0,1005.3,23.1,253,23.4,0,0.2444444444444445,-1.4654166330251113,0.5964912280701754,0.2543593300264844,0.28409090909090906,-1.0464655239697591,0.8181818181818182,0.695930184492421,0.27338129496402597,-1.7978966670807808,0.727626459143969,1.7907485269531356,0.7027777777777777,0.9354674109931137,0.7759999999999999,0.21611170524521645
2020-10-29,30.7,24.0,26.1,89,18.4,12.0,1008.3,18.5,202,24.1,0,0.3555555555555556,-0.7714848988390128,0.5350877192982456,-0.2500682185833407,0.27272727272727293,-1.1198842450020094,0.9090909090909091,1.0797992521646478,0.4892086330935227,-0.2638085540797029,0.5486381322957198,0.7046324627547973,0.5611111111111111,0.3196590248232108,0.8320000000000002,0.5311129038004352
2020-10-30,31.0,24.1,27.1,86,5.7,13.0,1009.9,11.7,85,24.4,0,0.3777777777777779,-0.6326985520017928,0.5438596491228072,-0.17800714021050748,0.3863636363636366,-0.3856970346794917,0.8409090909090909,0.7918974514104776,0.6043165467625893,0.5543717728542169,0.2840466926070038,-0.9009304147557893,0.2361111111111111,-1.0930778610959782,0.856,0.6661134174669557
2020-10-31,31.5,23.8,27.1,85,8.1,13.0,1009.6,9.2,231,24.2,0,0.4148148148148149,-0.40138797393976006,0.5175438596491229,-0.3941903753290047,0.3863636363636366,-0.3856970346794917,0.8181818181818182,0.695930184492421,0.5827338129496429,0.4009629615541324,0.18677042801556415,-1.491210884428799,0.6416666666666667,0.6698245777433517,0.84,0.5761130750226082
2020-11-01,30.9,23.8,27.0,87,2.7,12.0,1009.2,14.3,296,24.6,0,0.37037037037037035,-0.6789606676142,0.5175438596491229,-0.3941903753290047,0.37500000000000006,-0.4591157557117445,0.8636363636363636,0.8878647183285344,0.5539568345323783,0.19641787982066697,0.38521400778210113,-0.28703872629585886,0.8222222222222222,1.454678403254012,0.8720000000000002,0.7561137599113048
2020-11-02,28.6,24.1,26.1,90,25.0,6.0,1009.9,10.5,190,24.2,1,0.2000000000000002,-1.7429893266995498,0.5438596491228072,-0.17800714021050748,0.27272727272727293,-1.1198842450020094,0.9318181818181818,1.1757665190827045,0.6043165467625893,0.5543717728542169,0.2373540856031128,-1.1842650401988337,0.5277777777777778,0.17476293395970424,0.84,0.5761130750226082
2020-11-03,30.6,23.5,26.9,81,0.9,5.0,1010.2,11.8,328,23.1,0,0.3481481481481484,-0.8177470144514184,0.4912280701754386,-0.6103736104475019,0.36363636363636354,-0.5325344767439973,0.7272727272727273,0.3120611168201941,0.6258992805755439,0.7077805841543596,0.28793774319066145,-0.8773191959688685,0.9111111111111111,1.8410679788900297,0.7520000000000002,0.08111119157869595
2020-11-04,30.3,23.3,26.2,88,2.2,8.0,1010.3,12.3,226,23.9,0,0.32592592592592606,-0.9565333612886384,0.4736842105263159,-0.7544957671931659,0.28409090909090906,-1.0464655239697591,0.8863636363636364,0.9838319852465911,0.6330935251798538,0.7589168545876823,0.3073929961089494,-0.7592631020342666,0.6277777777777778,0.6094512065502239,0.816,0.44111256135608606
2020-11-05,31.7,23.0,27.2,83,0.0,0.0,1009.7,10.9,291,23.7,0,0.4296296296296297,-0.30886374271494726,0.44736842105263164,-0.970679002311663,0.3977272727272727,-0.3122783136472415,0.7727272727272727,0.5039956506563075,0.589928057553961,0.4520992319875133,0.2529182879377432,-1.089820165051152,0.8083333333333333,1.3943050320608845,0.8,0.35111221891173855
2020-11-06,30.3,24.5,26.8,86,3.1,6.0,1010.0,11.2,234,24.2,0,0.32592592592592606,-0.9565333612886384,0.5789473684210527,0.11023717328082044,0.3522727272727274,-0.6059531977762476,0.8409090909090909,0.7918974514104776,0.6115107913669074,0.6055080432875978,0.2645914396887159,-1.0189865086903913,0.65,0.7060486004592282,0.84,0.5761130750226082
2020-11-07,30.6,24.5,26.9,87,8.7,16.0,1010.8,12.0,133,24.5,0,0.3481481481481484,-0.8177470144514184,0.5789473684210527,0.11023717328082044,0.36363636363636354,-0.5325344767439973,0.8636363636363636,0.8878647183285344,0.6690647482014367,1.0145982067545287,0.2957198443579766,-0.830096758395028,0.36944444444444446,-0.5134934976419518,0.8640000000000001,0.7111135886891303
2020-11-08,30.8,24.0,27.1,81,1.8,2.0,1010.1,17.6,349,23.2,0,0.3629629629629631,-0.7252227832266056,0.5350877192982456,-0.2500682185833407,0.3863636363636366,-0.3856970346794917,0.7272727272727273,0.3120611168201941,0.6187050359712256,0.6566443137209788,0.5136186770428015,0.4921314936725142,0.9694444444444444,2.094636137901166,0.76,0.12611136280086893
2020-11-09,30.8,22.2,25.9,78,0.3,1.0,1008.5,21.6,342,21.6,0,0.3629629629629631,-0.7252227832266056,0.37719298245614036,-1.5471676292943215,0.2499999999999999,-1.266721687066515,0.6590909090909091,0.02415931606602393,0.5035971223021591,-0.16153601321294112,0.6692607003891051,1.4365802451493297,0.95,2.0101134182307874,0.6320000000000001,-0.5938913767539129
2020-11-10,28.6,22.8,25.0,80,2.1,8.0,1007.2,24.9,316,21.3,0,0.2000000000000002,-1.7429893266995498,0.4298245614035089,-1.114801159057327,0.1477272727272728,-1.92749017635678,0.7045454545454546,0.21609384990213737,0.4100719424460471,-0.8263075288467183,0.7976653696498054,2.215750465117702,0.8777777777777778,1.696171888026523,0.6080000000000001,-0.728891890420435
2020-11-11,27.9,23.1,25.3,83,1.3,3.0,1009.2,14.2,174,22.2,0,0.14814814814814814,-2.066824135986397,0.4561403508771931,-0.8986179239388299,0.18181818181818196,-1.707234013260024,0.7727272727272727,0.5039956506563075,0.5539568345323783,0.19641787982066697,0.3813229571984435,-0.31064994508277954,0.48333333333333334,-0.018431853858304488,0.68,-0.3238903494208703
2020-11-12,30.9,23.5,26.9,84,1.3,5.0,1010.2,9.7,96,23.8,0,0.37037037037037035,-0.6789606676142,0.4912280701754386,-0.6103736104475019,0.36363636363636354,-0.5325344767439973,0.7954545454545454,0.5999629175743643,0.6258992805755439,0.7077805841543596,0.20622568093385207,-1.3731547904941972,0.26666666666666666,-0.9602564444710971,0.8080000000000002,0.39611239013391314
2020-11-13,30.8,23.0,26.9,82,0.7,5.0,1008.6,12.4,308,23.2,0,0.3629629629629631,-0.7252227832266056,0.44736842105263164,-0.970679002311663,0.36363636363636354,-0.5325344767439973,0.75,0.4080283837382508,0.5107913669064773,-0.11039974277956023,0.31128404669260695,-0.7356518832473463,0.8555555555555555,1.5995744941175187,0.76,0.12611136280086893
2020-11-14,31.5,22.2,26.8,76,0.0,0.0,1008.2,11.8,332,21.9,0,0.4148148148148149,-0.40138797393976006,0.37719298245614036,-1.5471676292943215,0.3522727272727274,-0.6059531977762476,0.6136363636363636,-0.1677752177700895,0.4820143884892127,-0.31494482451302563,0.28793774319066145,-0.8773191959688685,0.9222222222222223,1.8893666758445318,0.6559999999999999,-0.4588908630873924
2020-11-15,30.8,23.6,26.9,82,1.1,7.0,1009.8,11.2,138,23.5,0,0.3629629629629631,-0.7252227832266056,0.5000000000000001,-0.5383125320746687,0.36363636363636354,-0.5325344767439973,0.75,0.4080283837382508,0.5971223021582711,0.503235502420836,0.2645914396887159,-1.0189865086903913,0.38333333333333336,-0.45312012644882416,0.784,0.26111187646739104
2020-11-16,31.8,23.8,27.3,80,1.0,7.0,1009.8,7.6,48,23.2,0,0.43703703703703717,-0.26260162710254004,0.5175438596491229,-0.3941903753290047,0.4090909090909092,-0.23885959261498868,0.7045454545454546,0.21609384990213737,0.5971223021582711,0.503235502420836,0.12451361867704276,-1.868990385019525,0.13333333333333333,-1.5398408079251233,0.76,0.12611136280086893
2020-11-17,31.9,23.4,27.5,82,0.2,2.0,1008.5,9.9,90,23.8,0,0.4444444444444444,-0.21633951149013445,0.4824561403508771,-0.6824346888203352,0.4318181818181819,-0.09202215055048565,0.75,0.4080283837382508,0.5035971223021591,-0.16153601321294112,0.2140077821011673,-1.3259323529203562,0.25,-1.0327044899028504,0.8080000000000002,0.39611239013391314
2020-11-18,32.6,24.3,27.8,80,0.3,1.0,1008.0,13.2,134,23.8,0,0.4962962962962965,0.1074952977967128,0.5614035087719299,-0.03388498346484352,0.46590909090909105,0.12823401254627018,0.7045454545454546,0.21609384990213737,0.4676258992805763,-0.41721736537978743,0.3424124513618676,-0.5467621329519835,0.37222222222222223,-0.5014188234033263,0.8080000000000002,0.39611239013391314
2020-11-19,31.8,24.9,27.3,83,4.1,8.0,1008.1,13.6,129,24.1,0,0.43703703703703717,-0.26260162710254004,0.6140350877192982,0.39848148677214834,0.4090909090909092,-0.23885959261498868,0.7727272727272727,0.5039956506563075,0.4748201438848945,-0.36608109494640656,0.357976653696498,-0.4523172578043018,0.35833333333333334,-0.561792194596454,0.8320000000000002,0.5311129038004352
2020-11-20,31.8,24.3,27.6,81,9.0,6.0,1008.5,13.0,110,23.7,0,0.43703703703703717,-0.26260162710254004,0.5614035087719299,-0.03388498346484352,0.4431818181818184,-0.018603429518232836,0.7272727272727273,0.3120611168201941,0.5035971223021591,-0.16153601321294112,0.3346303501945525,-0.5939845705258241,0.3055555555555556,-0.7912110051303395,0.8,0.35111221891173855
2020-11-21,31.5,24.6,27.1,86,18.0,5.0,1008.8,16.8,118,24.5,0,0.4148148148148149,-0.40138797393976006,0.5877192982456142,0.1822982516536537,0.3863636363636366,-0.3856970346794917,0.8409090909090909,0.7918974514104776,0.5251798561151055,-0.008127201912856584,0.4824902723735408,0.3032417433771509,0.3277777777777778,-0.6946136112213351,0.8640000000000001,0.7111135886891303
2020-11-22,31.7,23.8,27.4,80,0.1,1.0,1010.0,13.7,58,23.4,0,0.4296296296296297,-0.30886374271494726,0.5175438596491229,-0.3941903753290047,0.42045454545454536,-0.16544087158273846,0.7045454545454546,0.21609384990213737,0.6115107913669074,0.6055080432875978,0.3618677042801556,-0.4287060390173815,0.16111111111111112,-1.419094065538868,0.7759999999999999,0.21611170524521645
2020-11-23,31.4,23.3,26.8,86,3.3,8.0,1010.1,13.9,250,24.1,0,0.4074074074074074,-0.44765008955216723,0.4736842105263159,-0.7544957671931659,0.3522727272727274,-0.6059531977762476,0.8409090909090909,0.7918974514104776,0.6187050359712256,0.6566443137209788,0.3696498054474708,-0.3814836014435405,0.6944444444444444,0.899243388277237,0.8320000000000002,0.5311129038004352
2020-11-24,31.4,23.4,27.2,81,0.4,2.0,1009.8,10.2,61,23.3,0,0.4074074074074074,-0.44765008955216723,0.4824561403508771,-0.6824346888203352,0.3977272727272727,-0.3122783136472415,0.7272727272727273,0.3120611168201941,0.5971223021582711,0.503235502420836,0.22568093385214,-1.2550986965595952,0.16944444444444445,-1.3828700428229912,0.7680000000000001,0.1711115340230435
2020-11-25,32.0,24.0,27.6,75,0.0,0.0,1009.3,10.4,83,22.4,0,0.45185185185185195,-0.17007739587772722,0.5350877192982456,-0.2500682185833407,0.4431818181818184,-0.018603429518232836,0.5909090909090909,-0.2637424846881462,0.5611510791366883,0.24755415025398972,0.23346303501945523,-1.2078762589857541,0.23055555555555557,-1.1172272095732292,0.696,-0.2338900069765228
2020-11-26,31.3,23.5,27.1,76,0.0,0.0,1010.1,11.2,6,22.2,0,0.40000000000000013,-0.49391220516457285,0.4912280701754386,-0.6103736104475019,0.3863636363636366,-0.3856970346794917,0.6136363636363636,-0.1677752177700895,0.6187050359712256,0.6566443137209788,0.2645914396887159,-1.0189865086903913,0.016666666666666666,-2.046977125947396,0.68,-0.3238903494208703
2020-11-27,31.5,22.7,27.1,77,0.4,3.0,1010.2,7.3,22,22.5,0,0.4148148148148149,-0.40138797393976006,0.42105263157894735,-1.1868622374301603,0.3863636363636366,-0.3856970346794917,0.6363636363636364,-0.07180795085203279,0.6258992805755439,0.7077805841543596,0.11284046692607,-1.939824041380286,0.06111111111111111,-1.8537823381293876,0.7040000000000001,-0.18888983575434823
2020-11-28,32.3,22.7,27.3,76,20.9,4.0,1009.9,12.1,43,22.3,1,0.474074074074074,-0.03129104904050886,0.42105263157894735,-1.1868622374301603,0.4090909090909092,-0.23885959261498868,0.6136363636363636,-0.1677752177700895,0.6043165467625893,0.5543717728542169,0.2996108949416342,-0.8064855396081076,0.11944444444444445,-1.6002141791182511,0.6880000000000002,-0.27889017819869577
2020-11-29,28.2,23.9,25.5,88,10.9,19.0,1010.0,18.1,349,23.3,0,0.17037037037037042,-1.928037789149177,0.5263157894736841,-0.322129296956174,0.2045454545454546,-1.560396571195521,0.8863636363636364,0.9838319852465911,0.6115107913669074,0.6055080432875978,0.5330739299610895,0.6101875876071161,0.9694444444444444,2.094636137901166,0.7680000000000001,0.1711115340230435
2020-11-30,30.0,23.1,25.9,87,3.7,8.0,1009.4,9.7,11,23.5,0,0.3037037037037038,-1.0953197081258585,0.4561403508771931,-0.8986179239388299,0.2499999999999999,-1.266721687066515,0.8636363636363636,0.8878647183285344,0.5683453237410064,0.2986904206873706,0.20622568093385207,-1.3731547904941972,0.030555555555555555,-1.9866037547542685,0.784,0.26111187646739104
2020-12-01,29.6,23.7,26.1,86,5.1,14.0,1010.2,12.5,353,23.5,0,0.2740740740740743,-1.2803681705754841,0.5087719298245613,-0.46625145370183796,0.27272727272727293,-1.1198842450020094,0.8409090909090909,0.7918974514104776,0.6258992805755439,0.7077805841543596,0.3151750972762645,-0.712040664460426,0.9805555555555555,2.1429348348556685,0.784,0.26111187646739104
2020-12-02,31.2,23.7,27.1,81,0.3,3.0,1009.8,14.6,71,23.1,0,0.39259259259259266,-0.54017432077698,0.5087719298245613,-0.46625145370183796,0.3863636363636366,-0.3856970346794917,0.7272727272727273,0.3120611168201941,0.5971223021582711,0.503235502420836,0.39688715953307385,-0.21620506993509792,0.19722222222222222,-1.2621233004367358,0.7520000000000002,0.08111119157869595
2020-12-03,31.0,21.6,26.4,67,0.0,0.0,1009.7,14.0,22,19.5,0,0.3777777777777779,-0.6326985520017928,0.3245614035087721,-1.9795340995313133,0.3068181818181817,-0.8996280819052562,0.4090909090909091,-1.0314806200325999,0.589928057553961,0.4520992319875133,0.37354085603112835,-0.3578723826566202,0.06111111111111111,-1.8537823381293876,0.4640000000000001,-1.538894972419566
2020-12-04,31.0,20.6,25.6,64,0.0,0.0,1009.7,11.6,25,17.8,0,0.3777777777777779,-0.6326985520017928,0.2368421052631581,-2.7001448832596355,0.21590909090909113,-1.4869778501632682,0.3409090909090909,-1.3193824207867701,0.589928057553961,0.4520992319875133,0.28015564202334625,-0.9245416335427096,0.06944444444444445,-1.8175583154135109,0.3280000000000001,-2.3038978831965222
2020-12-05,32.0,21.3,26.4,65,0.0,0.0,1010.4,13.9,347,18.9,0,0.45185185185185195,-0.17007739587772722,0.29824561403508787,-2.1957173346498107,0.3068181818181817,-0.8996280819052562,0.36363636363636365,-1.2234151538687135,0.6402877697841721,0.8100531250210632,0.3696498054474708,-0.3814836014435405,0.9638888888888889,2.070486789423915,0.4159999999999999,-1.8088959997526102
2020-12-06,33.0,22.8,27.3,67,0.0,0.0,1010.5,10.2,31,20.2,0,0.525925925925926,0.2925437602463384,0.4298245614035089,-1.114801159057327,0.4090909090909092,-0.23885959261498868,0.4090909090909091,-1.0314806200325999,0.6474820143884903,0.8611893954544442,0.22568093385214,-1.2550986965595952,0.08611111111111111,-1.7451102699817576,0.52,-1.223893773864349
2020-12-07,29.3,23.5,26.8,69,0.2,1.0,1010.8,12.9,35,20.3,0,0.251851851851852,-1.419154517412704,0.4912280701754386,-0.6103736104475019,0.3522727272727274,-0.6059531977762476,0.45454545454545453,-0.8395460861964865,0.6690647482014367,1.0145982067545287,0.33073929961089493,-0.6175957893127444,0.09722222222222222,-1.6968115730272555,0.5280000000000001,-1.1788936026421744
2020-12-08,32.8,24.4,27.8,62,0.1,1.0,1010.4,18.5,32,19.5,0,0.511111111111111,0.20001952902152395,0.5701754385964911,0.03817609490798718,0.46590909090909105,0.12823401254627018,0.29545454545454547,-1.5113169546228835,0.6402877697841721,0.8100531250210632,0.5486381322957198,0.7046324627547973,0.08888888888888889,-1.733035595743132,0.4640000000000001,-1.538894972419566
2020-12-09,28.7,24.2,26.1,68,13.0,9.0,1009.3,11.6,33,19.7,0,0.20740740740740746,-1.696727211087144,0.5526315789473684,-0.10594606183767678,0.27272727272727293,-1.1198842450020094,0.4318181818181818,-0.9355133531145432,0.5611510791366883,0.24755415025398972,0.28015564202334625,-0.9245416335427096,0.09166666666666666,-1.7209609215045065,0.48,-1.4488946299752186
2020-12-10,31.9,23.6,27.3,75,3.0,5.0,1008.8,12.5,92,22.4,0,0.4444444444444444,-0.21633951149013445,0.5000000000000001,-0.5383125320746687,0.4090909090909092,-0.23885959261498868,0.5909090909090909,-0.2637424846881462,0.5251798561151055,-0.008127201912856584,0.3151750972762645,-0.712040664460426,0.25555555555555554,-1.0085551414255993,0.696,-0.2338900069765228
2020-12-11,31.8,24.5,27.3,81,5.0,10.0,1009.3,12.1,155,23.5,0,0.43703703703703717,-0.26260162710254004,0.5789473684210527,0.11023717328082044,0.4090909090909092,-0.23885959261498868,0.7272727272727273,0.3120611168201941,0.5611510791366883,0.24755415025398972,0.2996108949416342,-0.8064855396081076,0.4305555555555556,-0.24785066439218986,0.784,0.26111187646739104
2020-12-12,31.6,23.9,27.1,84,7.4,12.0,1008.6,13.2,209,24.0,0,0.42222222222222244,-0.35512585832735283,0.5263157894736841,-0.322129296956174,0.3863636363636366,-0.3856970346794917,0.7954545454545454,0.5999629175743643,0.5107913669064773,-0.11039974277956023,0.3424124513618676,-0.5467621329519835,0.5805555555555556,0.4041817444935896,0.8240000000000001,0.48611273257826065
2020-12-13,31.4,23.9,26.7,85,5.8,10.0,1008.5,7.0,271,23.8,0,0.4074074074074074,-0.44765008955216723,0.5263157894736841,-0.322129296956174,0.3409090909090909,-0.6793719188085003,0.8181818181818182,0.695930184492421,0.5035971223021591,-0.16153601321294112,0.10116731517509725,-2.0106576977410473,0.7527777777777778,1.1528115472883735,0.8080000000000002,0.39611239013391314
2020-12-14,30.8,24.0,27.1,84,1.4,6.0,1009.0,10.1,100,24.0,0,0.3629629629629631,-0.7252227832266056,0.5350877192982456,-0.2500682185833407,0.3863636363636366,-0.3856970346794917,0.7954545454545454,0.5999629175743643,0.5395683453237419,0.0941453389539052,0.22178988326848245,-1.2787099153465153,0.2777777777777778,-0.9119577475165949,0.8240000000000001,0.48611273257826065
2020-12-15,31.0,23.9,26.6,87,26.8,7.0,1010.2,9.4,338,24.2,1,0.3777777777777779,-0.6326985520017928,0.5263157894736841,-0.322129296956174,0.32954545454545475,-0.7527906398407506,0.8636363636363636,0.8878647183285344,0.6258992805755439,0.7077805841543596,0.19455252918287935,-1.443988446854958,0.9388888888888889,1.961814721276285,0.84,0.5761130750226082
2020-12-16,31.3,22.7,26.7,82,0.1,1.0,1010.3,11.0,40,23.1,0,0.40000000000000013,-0.49391220516457285,0.42105263157894735,-1.1868622374301603,0.3409090909090909,-0.6793719188085003,0.75,0.4080283837382508,0.6330935251798538,0.7589168545876823,0.25680933852140075,-1.066208946264232,0.1111111111111111,-1.6364382018341277,0.7520000000000002,0.08111119157869595
2020-12-17,31.5,23.2,27.2,78,0.5,4.0,1009.4,10.2,33,22.8,0,0.4148148148148149,-0.40138797393976006,0.4649122807017544,-0.8265568455659992,0.3977272727272727,-0.3122783136472415,0.6590909090909091,0.02415931606602393,0.5683453237410064,0.2986904206873706,0.22568093385214,-1.2550986965595952,0.09166666666666666,-1.7209609215045065,0.7280000000000001,-0.05388932208782614
2020-12-18,31.4,23.4,27.1,77,2.7,10.0,1009.3,9.2,23,22.5,0,0.4074074074074074,-0.44765008955216723,0.4824561403508771,-0.6824346888203352,0.3863636363636366,-0.3856970346794917,0.6363636363636364,-0.07180795085203279,0.5611510791366883,0.24755415025398972,0.18677042801556415,-1.491210884428799,0.06388888888888888,-1.841707663890762,0.7040000000000001,-0.18888983575434823
2020-12-19,31.3,23.4,27.3,69,0.0,0.0,1009.9,19.2,23,20.7,0,0.40000000000000013,-0.49391220516457285,0.4824561403508771,-0.6824346888203352,0.4090909090909092,-0.23885959261498868,0.45454545454545453,-0.8395460861964865,0.6043165467625893,0.5543717728542169,0.5758754863813228,0.8699109942632399,0.06388888888888888,-1.841707663890762,0.56,-0.9988929177534792
2020-12-20,31.4,23.0,26.4,61,0.0,0.0,1009.8,24.4,12,18.0,0,0.4074074074074074,-0.44765008955216723,0.44736842105263164,-0.970679002311663,0.3068181818181817,-0.8996280819052562,0.2727272727272727,-1.6072842215409402,0.5971223021582711,0.503235502420836,0.7782101167315174,2.0976943711831,0.03333333333333333,-1.974529080515643,0.3440000000000001,-2.213897540752175
2020-12-21,31.5,22.1,26.4,58,0.0,0.0,1008.9,23.9,9,17.3,0,0.4148148148148149,-0.40138797393976006,0.36842105263157915,-1.619228707667152,0.3068181818181817,-0.8996280819052562,0.20454545454545456,-1.8951860222951105,0.5323741007194237,0.04300906852052431,0.7587548638132295,1.979638277248498,0.025,-2.0107531032315196,0.2880000000000001,-2.528898739307392
2020-12-22,30.5,21.5,25.1,65,1.2,4.0,1008.0,20.5,346,17.9,0,0.34074074074074084,-0.8640091300638256,0.31578947368421056,-2.051595177904147,0.1590909090909093,-1.8540714553245272,0.36363636363636365,-1.2234151538687135,0.4676258992805763,-0.41721736537978743,0.6264591439688716,1.1768568384932052,0.9611111111111111,2.0584121151852894,0.33599999999999997,-2.2588977119743494
2020-12-23,31.3,22.9,26.3,74,3.7,9.0,1007.2,12.7,20,21.0,0,0.40000000000000013,-0.49391220516457285,0.4385964912280701,-1.0427400806844964,0.2954545454545456,-0.9730468029375063,0.5681818181818182,-0.35970975160620294,0.4100719424460471,-0.8263075288467183,0.3229571984435797,-0.6648182268865854,0.05555555555555555,-1.8779316866066387,0.5840000000000001,-0.8638924040869571
2020-12-24,31.5,23.4,27.1,78,2.3,9.0,1007.9,22.4,107,22.6,0,0.4148148148148149,-0.40138797393976006,0.4824561403508771,-0.6824346888203352,0.3863636363636366,-0.3856970346794917,0.6590909090909091,0.02415931606602393,0.46043165467625813,-0.4683536358131683,0.7003891050583657,1.6254699954446923,0.2972222222222222,-0.8274350278462161,0.7120000000000002,-0.14388966453217367
2020-12-25,32.7,23.7,27.6,75,0.4,3.0,1009.3,16.7,89,22.4,0,0.503703703703704,0.15375741340912003,0.5087719298245613,-0.46625145370183796,0.4431818181818184,-0.018603429518232836,0.5909090909090909,-0.2637424846881462,0.5611510791366883,0.24755415025398972,0.4785992217898832,0.2796305245902302,0.24722222222222223,-1.0447791641414759,0.696,-0.2338900069765228
2020-12-26,33.2,23.4,27.6,73,0.0,0.0,1009.4,14.8,120,21.8,0,0.5407407407407411,0.38506799147115284,0.4824561403508771,-0.6824346888203352,0.4431818181818184,-0.018603429518232836,0.5454545454545454,-0.4556770185242597,0.5683453237410064,0.2986904206873706,0.40466926070038906,-0.16898263236125688,0.3333333333333333,-0.670464262744084,0.6480000000000001,-0.5038910343095654
2020-12-27,32.2,23.5,27.3,77,0.5,5.0,1009.2,15.8,178,22.5,0,0.466666666666667,-0.07755316465291279,0.4912280701754386,-0.6103736104475019,0.4090909090909092,-0.23885959261498868,0.6363636363636364,-0.07180795085203279,0.5539568345323783,0.19641787982066697,0.44357976653696496,0.067129555507947,0.49444444444444446,0.029866843096197696,0.7040000000000001,-0.18888983575434823
2020-12-28,32.0,23.1,27.3,76,0.9,6.0,1008.4,14.3,232,22.2,0,0.45185185185185195,-0.17007739587772722,0.4561403508771931,-0.8986179239388299,0.4090909090909092,-0.23885959261498868,0.6136363636363636,-0.1677752177700895,0.4964028776978409,-0.212672283646322,0.38521400778210113,-0.28703872629585886,0.6444444444444445,0.6818992519819772,0.68,-0.3238903494208703
2020-12-29,34.1,22.9,28.1,71,0.1,1.0,1008.3,15.2,142,21.6,0,0.6074074074074076,0.8014270319828112,0.4385964912280701,-1.0427400806844964,0.5000000000000002,0.34849017564302603,0.5,-0.647611552360373,0.4892086330935227,-0.2638085540797029,0.42023346303501935,-0.07453775721357567,0.39444444444444443,-0.404821429494322,0.6320000000000001,-0.5938913767539129
2020-12-30,32.7,25.2,28.0,63,0.5,4.0,1009.0,19.5,46,19.3,0,0.503703703703704,0.15375741340912003,0.6403508771929824,0.6146647218906456,0.4886363636363637,0.2750714546107732,0.3181818181818182,-1.4153496877048268,0.5395683453237419,0.0941453389539052,0.5875486381322956,0.9407446506240013,0.12777777777777777,-1.5639901564023744,0.4480000000000001,-1.6288953148639136
2020-12-31,30.9,23.3,26.5,55,0.3,2.0,1010.4,21.5,24,16.4,0,0.37037037037037035,-0.6789606676142,0.4736842105263159,-0.7544957671931659,0.31818181818181823,-0.8262093608730033,0.13636363636363635,-2.1830878230492807,0.6402877697841721,0.8100531250210632,0.6653696498054474,1.412969026362409,0.06666666666666667,-1.8296329896521364,0.21599999999999994,-2.9339002803069585
2021-01-01,30.9,22.3,26.1,52,0.0,0.0,1011.1,21.6,8,15.3,0,0.37037037037037035,-0.6789606676142,0.38596491228070184,-1.4751065509214882,0.27272727272727293,-1.1198842450020094,0.06818181818181818,-2.4709896238034506,0.6906474820143913,1.1680070180546713,0.6692607003891051,1.4365802451493297,0.022222222222222223,-2.022827777470145,0.1280000000000001,-3.4289021637508705
2021-01-02,32.2,22.4,26.4,56,0.3,1.0,1010.6,10.9,21,16.6,0,0.466666666666667,-0.07755316465291279,0.3947368421052631,-1.4030454725486576,0.3068181818181817,-0.8996280819052562,0.1590909090909091,-2.087120556131224,0.6546762589928085,0.912325665887825,0.2529182879377432,-1.089820165051152,0.058333333333333334,-1.8658570123680132,0.23200000000000018,-2.8438999378626093
2021-01-03,33.3,22.4,27.0,61,0.2,2.0,1009.8,18.5,54,18.4,0,0.548148148148148,0.43133010708355674,0.3947368421052631,-1.4030454725486576,0.37500000000000006,-0.4591157557117445,0.2727272727272727,-1.6072842215409402,0.5971223021582711,0.503235502420836,0.5486381322957198,0.7046324627547973,0.15,-1.46739276249337,0.37599999999999995,-2.03389685586348
2021-01-04,33.5,23.4,28.0,64,1.0,4.0,1009.6,16.4,31,20.2,0,0.5629629629629631,0.5238543383083711,0.4824561403508771,-0.6824346888203352,0.4886363636363637,0.2750714546107732,0.3409090909090909,-1.3193824207867701,0.5827338129496429,0.4009629615541324,0.4669260700389104,0.20879686822946883,0.08611111111111111,-1.7451102699817576,0.52,-1.223893773864349
2021-01-05,33.0,24.1,28.3,66,3.9,8.0,1009.9,15.0,69,21.0,0,0.525925925925926,0.2925437602463384,0.5438596491228072,-0.17800714021050748,0.5227272727272728,0.49532761770752903,0.38636363636363635,-1.1274478869506568,0.6043165467625893,0.5543717728542169,0.4124513618677042,-0.12176019478741629,0.19166666666666668,-1.2862726489139868,0.5840000000000001,-0.8638924040869571
2021-01-06,33.3,23.9,28.3,64,0.1,1.0,1008.9,14.4,104,20.6,0,0.548148148148148,0.43133010708355674,0.5263157894736841,-0.322129296956174,0.5227272727272728,0.49532761770752903,0.3409090909090909,-1.3193824207867701,0.5323741007194237,0.04300906852052431,0.3891050583657587,-0.2634275075089385,0.28888888888888886,-0.8636590505620927,0.5520000000000002,-1.0438930889756521
2021-01-07,35.3,24.5,28.7,61,0.0,0.0,1008.3,19.8,104,19.9,0,0.6962962962962962,1.356572419331688,0.5789473684210527,0.11023717328082044,0.5681818181818181,0.7890025018365351,0.2727272727272727,-1.6072842215409402,0.4892086330935227,-0.2638085540797029,0.5992217898832685,1.0115783069847626,0.28888888888888886,-0.8636590505620927,0.49599999999999994,-1.358894287530871
2021-01-08,34.5,23.4,28.3,61,0.0,0.0,1008.4,17.6,74,19.5,0,0.6370370370370372,0.9864754944324368,0.4824561403508771,-0.6824346888203352,0.5227272727272728,0.49532761770752903,0.2727272727272727,-1.6072842215409402,0.4964028776978409,-0.212672283646322,0.5136186770428015,0.4921314936725142,0.20555555555555555,-1.225899277720859,0.4640000000000001,-1.538894972419566
2021-01-09,32.6,22.7,27.1,58,0.0,0.0,1009.4,18.2,88,17.7,0,0.4962962962962965,0.1074952977967128,0.42105263157894735,-1.1868622374301603,0.3863636363636366,-0.3856970346794917,0.20454545454545456,-1.8951860222951105,0.5683453237410064,0.2986904206873706,0.536964980544747,0.633798806394036,0.24444444444444444,-1.0568538383801014,0.32,-2.348898054418697
2021-01-10,32.9,21.9,27.0,58,0.0,0.0,1009.7,18.9,28,17.6,0,0.5185185185185185,0.24628164463393118,0.35087719298245607,-1.7633508644128186,0.37500000000000006,-0.4591157557117445,0.20454545454545456,-1.8951860222951105,0.589928057553961,0.4520992319875133,0.5642023346303501,0.7990773379024786,0.07777777777777778,-1.7813342926976343,0.31200000000000017,-2.39389822564087
2021-01-11,34.4,21.4,27.6,56,0.0,0.0,1010.6,24.4,14,17.4,0,0.6296296296296297,0.9402133788200295,0.3070175438596491,-2.12365625627698,0.4431818181818184,-0.018603429518232836,0.1590909090909091,-2.087120556131224,0.6546762589928085,0.912325665887825,0.7782101167315174,2.0976943711831,0.03888888888888889,-1.950379732038392,0.29599999999999993,-2.4838985680852192
2021-01-12,32.9,21.5,26.5,50,0.0,0.0,1011.0,15.9,6,14.7,0,0.5185185185185185,0.24628164463393118,0.31578947368421056,-2.051595177904147,0.31818181818181823,-0.8262093608730033,0.022727272727272728,-2.6629241576395644,0.683453237410073,1.1168707476212905,0.44747081712062253,0.09074077429486731,0.016666666666666666,-2.046977125947396,0.08,-3.6989031910839145
2021-01-13,30.8,19.4,25.0,52,0.0,0.0,1011.2,11.3,293,14.1,0,0.3629629629629631,-0.7252227832266056,0.13157894736842102,-3.5648778237336245,0.1477272727272728,-1.92749017635678,0.06818181818181818,-2.4709896238034506,0.6978417266187095,1.2191432884880522,0.26848249027237353,-0.9953752899034706,0.8138888888888889,1.4184543805381356,0.03200000000000003,-3.968904218416958
2021-01-14,31.8,20.6,25.4,64,0.0,0.0,1010.9,21.2,166,17.6,0,0.43703703703703717,-0.26260162710254004,0.2368421052631581,-2.7001448832596355,0.1931818181818181,-1.633815292227774,0.3409090909090909,-1.3193824207867701,0.6762589928057549,1.0657344771879096,0.6536964980544745,1.3421353700016476,0.46111111111111114,-0.11502924776730886,0.31200000000000017,-2.39389822564087
2021-01-15,32.8,20.7,25.7,67,0.0,0.0,1009.5,20.6,139,18.2,0,0.511111111111111,0.20001952902152395,0.2456140350877193,-2.628083804886805,0.22727272727272727,-1.413559129131018,0.4090909090909091,-1.0314806200325999,0.5755395683453247,0.3498266911207515,0.6303501945525293,1.2004680572801258,0.3861111111111111,-0.4410454522101986,0.36,-2.1238971983078274
2021-01-16,32.8,21.7,26.2,64,0.0,0.0,1009.7,18.8,121,18.2,0,0.511111111111111,0.20001952902152395,0.3333333333333333,-1.9074730211584827,0.28409090909090906,-1.0464655239697591,0.3409090909090909,-1.3193824207867701,0.589928057553961,0.4520992319875133,0.5603112840466925,0.7754661191155587,0.33611111111111114,-0.6583895885054585,0.36,-2.1238971983078274
2021-01-17,34.7,21.8,27.0,59,0.0,0.0,1011.1,20.1,34,16.7,0,0.6518518518518521,1.0789997256572512,0.34210526315789486,-1.8354119427856495,0.37500000000000006,-0.4591157557117445,0.22727272727272727,-1.7992187553770538,0.6906474820143913,1.1680070180546713,0.6108949416342412,1.0824119633455238,0.09444444444444444,-1.708886247265881,0.24,-2.798899766640436
2021-01-18,32.6,21.5,26.4,49,0.0,0.0,1011.5,16.1,21,14.4,0,0.4962962962962965,0.1074952977967128,0.31578947368421056,-2.051595177904147,0.3068181818181817,-0.8996280819052562,0.0,-2.758891424557621,0.7194244604316559,1.3725520997881366,0.45525291828793774,0.13796321186870833,0.058333333333333334,-1.8658570123680132,0.056000000000000084,-3.833903704750436
2021-01-19,31.3,20.2,25.8,49,0.0,0.0,1011.0,10.7,334,14.0,0,0.40000000000000013,-0.49391220516457285,0.2017543859649123,-2.9883891967509664,0.23863636363636379,-1.3401404080987653,0.0,-2.758891424557621,0.683453237410073,1.1168707476212905,0.24513618677042795,-1.1370426026249931,0.9277777777777778,1.913516024321783,0.024000000000000056,-4.013904389639132
2021-01-20,32.7,21.7,26.9,65,0.0,0.0,1010.5,16.5,146,19.0,0,0.503703703703704,0.15375741340912003,0.3333333333333333,-1.9074730211584827,0.36363636363636354,-0.5325344767439973,0.36363636363636365,-1.2234151538687135,0.6474820143884903,0.8611893954544442,0.47081712062256803,0.23240808701638957,0.40555555555555556,-0.3565227325398198,0.42400000000000004,-1.7638958285304356
2021-01-21,32.8,22.3,27.2,68,0.0,0.0,1009.8,18.1,194,20.0,0,0.511111111111111,0.20001952902152395,0.38596491228070184,-1.4751065509214882,0.3977272727272727,-0.3122783136472415,0.4318181818181818,-0.9355133531145432,0.5971223021582711,0.503235502420836,0.5330739299610895,0.6101875876071161,0.5388888888888889,0.22306163091420644,0.504,-1.3138941163086963
2021-01-22,31.5,23.3,26.6,76,10.0,11.0,1009.6,13.2,199,21.7,0,0.4148148148148149,-0.40138797393976006,0.4736842105263159,-0.7544957671931659,0.32954545454545475,-0.7527906398407506,0.6136363636363636,-0.1677752177700895,0.5827338129496429,0.4009629615541324,0.3424124513618676,-0.5467621329519835,0.5527777777777778,0.2834350021073342,0.64,-0.54889120553174
2021-01-23,29.0,23.7,25.7,81,5.1,9.0,1010.1,11.9,166,22.2,0,0.22962962962962974,-1.5579408642499242,0.5087719298245613,-0.46625145370183796,0.22727272727272727,-1.413559129131018,0.7272727272727273,0.3120611168201941,0.6187050359712256,0.6566443137209788,0.29182879377431903,-0.8537079771819482,0.46111111111111114,-0.11502924776730886,0.68,-0.3238903494208703
2021-01-24,30.8,22.7,26.1,78,1.3,7.0,1010.5,13.7,146,21.7,0,0.3629629629629631,-0.7252227832266056,0.42105263157894735,-1.1868622374301603,0.27272727272727293,-1.1198842450020094,0.6590909090909091,0.02415931606602393,0.6474820143884903,0.8611893954544442,0.3618677042801556,-0.4287060390173815,0.40555555555555556,-0.3565227325398198,0.64,-0.54889120553174
2021-01-25,31.1,22.6,26.0,78,0.2,2.0,1010.0,19.5,133,21.7,0,0.3851851851851854,-0.5864364363893856,0.41228070175438614,-1.258923315802991,0.2613636363636364,-1.1933029660342622,0.6590909090909091,0.02415931606602393,0.6115107913669074,0.6055080432875978,0.5875486381322956,0.9407446506240013,0.36944444444444446,-0.5134934976419518,0.64,-0.54889120553174
2021-01-26,31.8,22.3,26.7,73,0.2,2.0,1009.3,14.4,100,21.0,0,0.43703703703703717,-0.26260162710254004,0.38596491228070184,-1.4751065509214882,0.3409090909090909,-0.6793719188085003,0.5454545454545454,-0.4556770185242597,0.5611510791366883,0.24755415025398972,0.3891050583657587,-0.2634275075089385,0.2777777777777778,-0.9119577475165949,0.5840000000000001,-0.8638924040869571
2021-01-27,32.5,22.0,27.0,70,0.3,3.0,1009.4,11.3,111,20.6,0,0.488888888888889,0.061233182184305575,0.3596491228070176,-1.6912897860399854,0.37500000000000006,-0.4591157557117445,0.4772727272727273,-0.7435788192784298,0.5683453237410064,0.2986904206873706,0.26848249027237353,-0.9953752899034706,0.30833333333333335,-0.7791363308917139,0.5520000000000002,-1.0438930889756521
2021-01-28,33.1,22.6,27.1,70,0.2,2.0,1010.7,18.7,99,20.8,0,0.5333333333333335,0.3388058758587456,0.41228070175438614,-1.258923315802991,0.3863636363636366,-0.3856970346794917,0.4772727272727273,-0.7435788192784298,0.6618705035971266,0.9634619363212059,0.5564202334630349,0.751854900328638,0.275,-0.9240324217552205,0.5680000000000001,-0.9538927465313046
2021-01-29,31.5,21.9,26.5,59,0.0,0.0,1011.2,17.6,352,17.5,0,0.4148148148148149,-0.40138797393976006,0.35087719298245607,-1.7633508644128186,0.31818181818181823,-0.8262093608730033,0.22727272727272727,-1.7992187553770538,0.6978417266187095,1.2191432884880522,0.5136186770428015,0.4921314936725142,0.9777777777777777,2.130860160617043,0.30400000000000005,-2.4388983968630447
2021-01-30,32.9,20.1,26.3,58,0.0,0.0,1011.6,12.9,185,16.7,0,0.5185185185185185,0.24628164463393118,0.1929824561403511,-3.060450275123797,0.2954545454545456,-0.9730468029375063,0.20454545454545456,-1.8951860222951105,0.726618705035974,1.4236883702215177,0.33073929961089493,-0.6175957893127444,0.5138888888888888,0.11438956276657652,0.24,-2.798899766640436
2021-01-31,32.8,22.1,27.2,62,0.0,0.0,1011.6,12.0,89,18.8,0,0.511111111111111,0.20001952902152395,0.36842105263157915,-1.619228707667152,0.3977272727272727,-0.3122783136472415,0.29545454545454547,-1.5113169546228835,0.726618705035974,1.4236883702215177,0.2957198443579766,-0.830096758395028,0.24722222222222223,-1.0447791641414759,0.40800000000000014,-1.8538961709747832
2021-02-01,33.3,22.7,27.6,61,0.0,0.0,1011.9,19.3,65,18.7,0,0.548148148148148,0.43133010708355674,0.42105263157894735,-1.1868622374301603,0.4431818181818184,-0.018603429518232836,0.2727272727272727,-1.6072842215409402,0.7482014388489204,1.5770971815216022,0.5797665369649805,0.8935222130501607,0.18055555555555555,-1.3345713458684891,0.4,-1.8988963421969578
2021-02-02,33.2,22.8,27.3,60,0.0,0.0,1012.0,19.8,72,17.8,0,0.5407407407407411,0.38506799147115284,0.4298245614035089,-1.114801159057327,0.4090909090909092,-0.23885959261498868,0.25,-1.703251488458997,0.7553956834532386,1.628233451954983,0.5992217898832685,1.0115783069847626,0.2,-1.2500486261981103,0.3280000000000001,-2.3038978831965222
2021-02-03,33.2,21.1,26.6,62,0.0,0.0,1011.7,17.6,171,18.2,0,0.5407407407407411,0.38506799147115284,0.2807017543859651,-2.3398394913954745,0.32954545454545475,-0.7527906398407506,0.29545454545454547,-1.5113169546228835,0.7338129496402922,1.4748246406548986,0.5136186770428015,0.4921314936725142,0.475,-0.054655876574181125,0.36,-2.1238971983078274
2021-02-04,34.1,21.3,27.3,62,0.0,0.0,1012.0,16.6,288,18.5,0,0.6074074074074076,0.8014270319828112,0.29824561403508787,-2.1957173346498107,0.4090909090909092,-0.23885959261498868,0.29545454545454547,-1.5113169546228835,0.7553956834532386,1.628233451954983,0.47470817120622566,0.2560193058033103,0.8,1.3580810093450078,0.38400000000000006,-1.9888966846413052
2021-02-05,33.1,23.0,27.7,64,0.5,3.0,1011.3,19.9,81,19.8,0,0.5333333333333335,0.3388058758587456,0.44736842105263164,-0.970679002311663,0.45454545454545453,0.05481529151401737,0.3409090909090909,-1.3193824207867701,0.7050359712230194,1.270279558921375,0.6031128404669259,1.0351895257716826,0.225,-1.1413765580504802,0.4880000000000001,-1.403894458753044
2021-02-06,32.6,23.4,27.8,64,0.4,3.0,1010.0,18.7,127,20.0,0,0.4962962962962965,0.1074952977967128,0.4824561403508771,-0.6824346888203352,0.46590909090909105,0.12823401254627018,0.3409090909090909,-1.3193824207867701,0.6115107913669074,0.6055080432875978,0.5564202334630349,0.751854900328638,0.3527777777777778,-0.5859415430737052,0.504,-1.3138941163086963
2021-02-07,33.2,24.1,28.0,63,0.1,1.0,1010.3,14.9,184,20.0,0,0.5407407407407411,0.38506799147115284,0.5438596491228072,-0.17800714021050748,0.4886363636363637,0.2750714546107732,0.3181818181818182,-1.4153496877048268,0.6330935251798538,0.7589168545876823,0.40856031128404663,-0.14537141357433658,0.5111111111111111,0.10231488852795098,0.504,-1.3138941163086963
2021-02-08,32.5,24.2,27.6,69,1.5,9.0,1009.8,10.6,120,21.2,0,0.488888888888889,0.061233182184305575,0.5526315789473684,-0.10594606183767678,0.4431818181818184,-0.018603429518232836,0.45454545454545453,-0.8395460861964865,0.5971223021582711,0.503235502420836,0.24124513618677038,-1.1606538214119135,0.3333333333333333,-0.670464262744084,0.6,-0.7738920616426096
2021-02-09,32.0,23.5,27.5,71,0.3,3.0,1009.1,14.8,130,21.4,0,0.45185185185185195,-0.17007739587772722,0.4912280701754386,-0.6103736104475019,0.4318181818181819,-0.09202215055048565,0.5,-0.647611552360373,0.54676258992806,0.14528160938728607,0.40466926070038906,-0.16898263236125688,0.3611111111111111,-0.5497175203578285,0.616,-0.6838917191982621
2021-02-10,31.4,23.5,26.9,76,12.2,11.0,1009.4,14.1,187,21.9,0,0.4074074074074074,-0.44765008955216723,0.4912280701754386,-0.6103736104475019,0.36363636363636354,-0.5325344767439973,0.6136363636363636,-0.1677752177700895,0.5683453237410064,0.2986904206873706,0.37743190661478593,-0.3342611638696999,0.5194444444444445,0.1385389112438276,0.6559999999999999,-0.4588908630873924
2021-02-11,29.9,24.0,26.3,77,0.6,5.0,1010.1,13.0,174,21.8,0,0.2962962962962963,-1.1415818237382658,0.5350877192982456,-0.2500682185833407,0.2954545454545456,-0.9730468029375063,0.6363636363636364,-0.07180795085203279,0.6187050359712256,0.6566443137209788,0.3346303501945525,-0.5939845705258241,0.48333333333333334,-0.018431853858304488,0.6480000000000001,-0.5038910343095654
2021-02-12,31.3,22.8,26.2,73,2.1,9.0,1011.2,18.7,157,20.5,0,0.40000000000000013,-0.49391220516457285,0.4298245614035089,-1.114801159057327,0.28409090909090906,-1.0464655239697591,0.5454545454545454,-0.4556770185242597,0.6978417266187095,1.2191432884880522,0.5564202334630349,0.751854900328638,0.4361111111111111,-0.22370131591493878,0.544,-1.0888932601978267
2021-02-13,31.4,21.8,25.6,72,0.0,0.0,1011.9,19.5,148,19.6,0,0.4074074074074074,-0.44765008955216723,0.34210526315789486,-1.8354119427856495,0.21590909090909113,-1.4869778501632682,0.5227272727272727,-0.5516442854423164,0.7482014388489204,1.5770971815216022,0.5875486381322956,0.9407446506240013,0.4111111111111111,-0.33237338406256867,0.4720000000000002,-1.4938948011973914
2021-02-14,30.7,21.0,25.3,68,0.0,0.0,1012.6,21.5,147,18.5,0,0.3555555555555556,-0.7714848988390128,0.2719298245614036,-2.411900569768308,0.18181818181818196,-1.707234013260024,0.4318181818181818,-0.9355133531145432,0.7985611510791396,1.9350510745552103,0.6653696498054474,1.412969026362409,0.4083333333333333,-0.34444805830119424,0.38400000000000006,-1.9888966846413052
2021-02-15,31.6,20.8,25.3,69,0.0,0.0,1011.3,21.6,143,18.7,0,0.42222222222222244,-0.35512585832735283,0.2543859649122808,-2.5560227265139717,0.18181818181818196,-1.707234013260024,0.45454545454545453,-0.8395460861964865,0.7050359712230194,1.270279558921375,0.6692607003891051,1.4365802451493297,0.3972222222222222,-0.3927467552556964,0.4,-1.8988963421969578
2021-02-16,32.0,21.4,25.4,69,0.0,0.0,1010.9,21.0,141,18.7,0,0.45185185185185195,-0.17007739587772722,0.3070175438596491,-2.12365625627698,0.1931818181818181,-1.633815292227774,0.45454545454545453,-0.8395460861964865,0.6762589928057549,1.0657344771879096,0.6459143968871596,1.294912932427807,0.39166666666666666,-0.4168961037329475,0.4,-1.8988963421969578
2021-02-17,33.0,21.5,26.4,61,0.0,0.0,1011.8,23.2,130,17.3,0,0.525925925925926,0.2925437602463384,0.31578947368421056,-2.051595177904147,0.3068181818181817,-0.8996280819052562,0.2727272727272727,-1.6072842215409402,0.7410071942446023,1.5259609110882213,0.7315175097276263,1.8143597457400555,0.3611111111111111,-0.5497175203578285,0.2880000000000001,-2.528898739307392
2021-02-18,32.5,20.3,26.5,59,0.0,0.0,1013.3,14.3,83,16.9,0,0.488888888888889,0.061233182184305575,0.21052631578947384,-2.916328118378133,0.31818181818181823,-0.8262093608730033,0.22727272727272727,-1.7992187553770538,0.8489208633093507,2.29300496758876,0.38521400778210113,-0.28703872629585886,0.23055555555555557,-1.1172272095732292,0.25599999999999995,-2.7088994241960886
2021-02-19,32.9,20.6,26.7,53,0.0,0.0,1013.1,17.8,51,15.9,0,0.5185185185185185,0.24628164463393118,0.2368421052631581,-2.7001448832596355,0.3409090909090909,-0.6793719188085003,0.09090909090909091,-2.375022356885394,0.8345323741007225,2.1907324267220565,0.5214007782101167,0.5393539312463548,0.14166666666666666,-1.5036167852092468,0.17600000000000007,-3.158901136417827
2021-02-20,32.9,20.8,26.5,55,0.0,0.0,1012.6,16.0,109,15.8,0,0.5185185185185185,0.24628164463393118,0.2543859649122808,-2.5560227265139717,0.31818181818181823,-0.8262093608730033,0.13636363636363635,-2.1830878230492807,0.7985611510791396,1.9350510745552103,0.4513618677042801,0.11435199308178762,0.30277777777777776,-0.803285679368965,0.16800000000000012,-3.203901307640001
2021-02-21,32.2,20.6,26.0,61,0.0,0.0,1012.0,18.3,116,17.3,0,0.466666666666667,-0.07755316465291279,0.2368421052631581,-2.7001448832596355,0.2613636363636364,-1.1933029660342622,0.2727272727272727,-1.6072842215409402,0.7553956834532386,1.628233451954983,0.5408560311284046,0.6574100251809567,0.32222222222222224,-0.7187629596985862,0.2880000000000001,-2.528898739307392
2021-02-22,33.1,20.9,25.7,63,0.0,0.0,1011.3,23.2,140,17.5,0,0.5333333333333335,0.3388058758587456,0.26315789473684204,-2.483961648141141,0.22727272727272727,-1.413559129131018,0.3181818181818182,-1.4153496877048268,0.7050359712230194,1.270279558921375,0.7315175097276263,1.8143597457400555,0.3888888888888889,-0.42897077797157307,0.30400000000000005,-2.4388983968630447
2021-02-23,33.3,21.7,26.1,65,0.0,0.0,1010.3,23.0,142,18.5,0,0.548148148148148,0.43133010708355674,0.3333333333333333,-1.9074730211584827,0.27272727272727293,-1.1198842450020094,0.36363636363636365,-1.2234151538687135,0.6330935251798538,0.7589168545876823,0.7237354085603113,1.767137308166215,0.39444444444444443,-0.404821429494322,0.38400000000000006,-1.9888966846413052
2021-02-24,34.5,22.8,26.9,67,0.0,0.0,1009.3,20.2,150,19.5,0,0.6370370370370372,0.9864754944324368,0.4298245614035089,-1.114801159057327,0.36363636363636354,-0.5325344767439973,0.4090909090909091,-1.0314806200325999,0.5611510791366883,0.24755415025398972,0.6147859922178988,1.1060231821324438,0.4166666666666667,-0.3082240355853176,0.4640000000000001,-1.538894972419566
2021-02-25,34.2,22.6,27.4,69,0.0,0.0,1007.9,16.7,176,20.4,0,0.6148148148148151,0.8476891475952184,0.41228070175438614,-1.258923315802991,0.42045454545454536,-0.16544087158273846,0.45454545454545453,-0.8395460861964865,0.46043165467625813,-0.4683536358131683,0.4785992217898832,0.2796305245902302,0.4888888888888889,0.005717494618946604,0.5359999999999999,-1.1338934314200013
2021-02-26,32.7,24.0,27.6,72,0.1,1.0,1007.0,17.3,160,21.7,0,0.503703703703704,0.15375741340912003,0.5350877192982456,-0.2500682185833407,0.4431818181818184,-0.018603429518232836,0.5227272727272727,-0.5516442854423164,0.3956834532374107,-0.9285800697134801,0.5019455252918288,0.42129783731175285,0.4444444444444444,-0.18747729319906214,0.64,-0.54889120553174
2021-02-27,33.1,24.1,27.6,74,0.2,2.0,1007.7,15.5,151,22.1,0,0.5333333333333335,0.3388058758587456,0.5438596491228072,-0.17800714021050748,0.4431818181818184,-0.018603429518232836,0.5681818181818182,-0.35970975160620294,0.4460431654676299,-0.5706261766798719,0.4319066147859922,-0.003704100852814333,0.41944444444444445,-0.29614936134669206,0.6720000000000002,-0.3688905206430433
2021-02-28,32.7,23.6,27.7,71,0.6,5.0,1009.3,19.1,135,21.5,0,0.503703703703704,0.15375741340912003,0.5000000000000001,-0.5383125320746687,0.45454545454545453,0.05481529151401737,0.5,-0.647611552360373,0.5611510791366883,0.24755415025398972,0.5719844357976653,0.8462997754763201,0.375,-0.4893441491647008,0.6240000000000001,-0.6388915479760875
2021-03-01,34.1,24.3,28.3,71,0.0,0.0,1011.4,19.5,137,22.0,0,0.6074074074074076,0.8014270319828112,0.5614035087719299,-0.03388498346484352,0.5227272727272728,0.49532761770752903,0.5,-0.647611552360373,0.7122302158273377,1.3214158293547558,0.5875486381322956,0.9407446506240013,0.38055555555555554,-0.4651948006874497,0.664,-0.4138906918652179
2021-03-02,35.5,24.6,28.6,69,0.2,1.0,1011.3,20.6,135,21.9,0,0.7111111111111112,1.4490966505565024,0.5877192982456142,0.1822982516536537,0.556818181818182,0.7155837808042849,0.45454545454545453,-0.8395460861964865,0.7050359712230194,1.270279558921375,0.6303501945525293,1.2004680572801258,0.375,-0.4893441491647008,0.6559999999999999,-0.4588908630873924
2021-03-03,36.1,24.1,28.8,63,0.5,2.0,1010.9,20.4,128,20.4,0,0.7555555555555558,1.7266693442309424,0.5438596491228072,-0.17800714021050748,0.5795454545454547,0.8624212228687879,0.3181818181818182,-1.4153496877048268,0.6762589928057549,1.0657344771879096,0.6225680933852139,1.1532456197062844,0.35555555555555557,-0.5738668688350796,0.5359999999999999,-1.1338934314200013
2021-03-04,36.9,24.7,29.2,58,0.0,0.0,1011.5,27.2,119,19.3,0,0.8148148148148148,2.096766269130194,0.5964912280701754,0.2543593300264844,0.625,1.156096106997794,0.20454545454545456,-1.8951860222951105,0.7194244604316559,1.3725520997881366,0.8871595330739298,2.758808497216871,0.33055555555555555,-0.6825389369827095,0.4480000000000001,-1.6288953148639136
2021-03-05,36.1,22.6,28.4,59,0.0,0.0,1011.4,26.9,130,18.1,0,0.7555555555555558,1.7266693442309424,0.41228070175438614,-1.258923315802991,0.534090909090909,0.5687463387397792,0.22727272727272727,-1.7992187553770538,0.7122302158273377,1.3214158293547558,0.8754863813229571,2.6879748408561097,0.3611111111111111,-0.5497175203578285,0.35200000000000015,-2.1688973695300002
2021-03-06,36.3,22.5,28.5,60,0.0,0.0,1011.9,23.2,139,19.0,0,0.7703703703703703,1.8191935754557536,0.4035087719298246,-1.3309843941758244,0.5454545454545455,0.6421650597720321,0.25,-1.703251488458997,0.7482014388489204,1.5770971815216022,0.7315175097276263,1.8143597457400555,0.3861111111111111,-0.4410454522101986,0.42400000000000004,-1.7638958285304356
2021-03-07,35.7,24.0,28.5,65,0.3,2.0,1011.2,23.8,134,20.6,0,0.7259259259259262,1.5416208817813168,0.5350877192982456,-0.2500682185833407,0.5454545454545455,0.6421650597720321,0.36363636363636365,-1.2234151538687135,0.6978417266187095,1.2191432884880522,0.7548638132295719,1.9560270584615782,0.37222222222222223,-0.5014188234033263,0.5520000000000002,-1.0438930889756521
2021-03-08,35.7,23.9,29.1,55,0.0,0.0,1011.6,21.6,108,18.5,0,0.7259259259259262,1.5416208817813168,0.5263157894736841,-0.322129296956174,0.6136363636363639,1.0826773859655436,0.13636363636363635,-2.1830878230492807,0.726618705035974,1.4236883702215177,0.6692607003891051,1.4365802451493297,0.3,-0.8153603536075905,0.38400000000000006,-1.9888966846413052
2021-03-09,34.3,24.3,28.7,58,0.3,2.0,1011.5,18.5,103,19.0,0,0.6222222222222221,0.8939512632076224,0.5614035087719299,-0.03388498346484352,0.5681818181818181,0.7890025018365351,0.20454545454545456,-1.8951860222951105,0.7194244604316559,1.3725520997881366,0.5486381322957198,0.7046324627547973,0.2861111111111111,-0.8757337248007183,0.42400000000000004,-1.7638958285304356
2021-03-10,34.3,23.7,28.9,57,0.2,1.0,1011.2,16.3,121,18.8,0,0.6222222222222221,0.8939512632076224,0.5087719298245613,-0.46625145370183796,0.5909090909090908,0.9358399439010381,0.18181818181818182,-1.9911532892131671,0.6978417266187095,1.2191432884880522,0.4630350194552529,0.18518564944254895,0.33611111111111114,-0.6583895885054585,0.40800000000000014,-1.8538961709747832
2021-03-11,35.1,25.3,29.3,57,0.3,2.0,1011.1,21.4,113,19.6,0,0.6814814814814817,1.2640481881068768,0.6491228070175439,0.6867258002634788,0.6363636363636365,1.2295148280300467,0.18181818181818182,-1.9911532892131671,0.6906474820143913,1.1680070180546713,0.6614785992217899,1.3893578075754882,0.3138888888888889,-0.7549869824144628,0.4720000000000002,-1.4938948011973914
2021-03-12,36.0,24.9,29.6,51,0.0,0.0,1011.1,20.6,120,17.8,0,0.7481481481481482,1.6804072286185352,0.6140350877192982,0.39848148677214834,0.6704545454545456,1.4497709911268026,0.045454545454545456,-2.5669568907215075,0.6906474820143913,1.1680070180546713,0.6303501945525293,1.2004680572801258,0.3333333333333333,-0.670464262744084,0.3280000000000001,-2.3038978831965222
2021-03-13,35.7,25.0,29.2,57,0.1,1.0,1011.0,22.9,126,18.8,0,0.7259259259259262,1.5416208817813168,0.6228070175438597,0.4705425651449816,0.625,1.156096106997794,0.18181818181818182,-1.9911532892131671,0.683453237410073,1.1168707476212905,0.7198443579766536,1.743526089379294,0.35,-0.5980162173123307,0.40800000000000014,-1.8538961709747832
2021-03-14,35.4,23.2,28.3,63,0.0,0.0,1009.4,24.5,136,19.8,0,0.7037037037037037,1.4028345349440952,0.4649122807017544,-0.8265568455659992,0.5227272727272728,0.49532761770752903,0.3181818181818182,-1.4153496877048268,0.5683453237410064,0.2986904206873706,0.7821011673151751,2.121305589970021,0.37777777777777777,-0.47726947492607524,0.4880000000000001,-1.403894458753044
2021-03-15,35.4,23.5,27.9,66,0.1,1.0,1009.3,21.3,145,20.3,0,0.7037037037037037,1.4028345349440952,0.4912280701754386,-0.6103736104475019,0.4772727272727271,0.2016527335785204,0.38636363636363635,-1.1274478869506568,0.5611510791366883,0.24755415025398972,0.6575875486381322,1.3657465887885685,0.4027777777777778,-0.3685974067784453,0.5280000000000001,-1.1788936026421744
2021-03-16,33.5,24.7,28.0,67,0.1,1.0,1009.2,23.0,144,20.7,0,0.5629629629629631,0.5238543383083711,0.5964912280701754,0.2543593300264844,0.4886363636363637,0.2750714546107732,0.4090909090909091,-1.0314806200325999,0.5539568345323783,0.19641787982066697,0.7237354085603113,1.767137308166215,0.4,-0.3806720810170709,0.56,-0.9988929177534792
2021-03-17,34.2,24.1,27.8,68,0.1,1.0,1009.1,20.5,142,20.7,0,0.6148148148148151,0.8476891475952184,0.5438596491228072,-0.17800714021050748,0.46590909090909105,0.12823401254627018,0.4318181818181818,-0.9355133531145432,0.54676258992806,0.14528160938728607,0.6264591439688716,1.1768568384932052,0.39444444444444443,-0.404821429494322,0.56,-0.9988929177534792
2021-03-18,34.3,24.1,28.2,71,0.0,0.0,1008.6,23.8,143,21.8,0,0.6222222222222221,0.8939512632076224,0.5438596491228072,-0.17800714021050748,0.5113636363636364,0.4219088966752762,0.5,-0.647611552360373,0.5107913669064773,-0.11039974277956023,0.7548638132295719,1.9560270584615782,0.3972222222222222,-0.3927467552556964,0.6480000000000001,-0.5038910343095654
2021-03-19,36.0,24.3,28.8,72,0.1,1.0,1007.8,21.5,144,22.5,0,0.7481481481481482,1.6804072286185352,0.5614035087719299,-0.03388498346484352,0.5795454545454547,0.8624212228687879,0.5227272727272727,-0.5516442854423164,0.4532374100719399,-0.5194899062465492,0.6653696498054474,1.412969026362409,0.4,-0.3806720810170709,0.7040000000000001,-0.18888983575434823
2021-03-20,33.0,25.7,28.9,71,1.1,4.0,1006.9,17.6,142,22.7,0,0.525925925925926,0.2925437602463384,0.6842105263157894,0.9749701137548068,0.5909090909090908,0.9358399439010381,0.5,-0.647611552360373,0.3884892086330925,-0.9797163401468609,0.5136186770428015,0.4921314936725142,0.39444444444444443,-0.404821429494322,0.72,-0.0988894933100007
2021-03-21,34.8,25.7,29.1,70,1.4,9.0,1007.4,22.9,130,22.6,0,0.6592592592592591,1.1252618412696551,0.6842105263157894,0.9749701137548068,0.6136363636363639,1.0826773859655436,0.4772727272727273,-0.7435788192784298,0.42446043165467534,-0.7240349879800146,0.7198443579766536,1.743526089379294,0.3611111111111111,-0.5497175203578285,0.7120000000000002,-0.14388966453217367
2021-03-22,35.9,24.7,29.9,63,0.0,0.0,1009.3,19.1,109,21.3,0,0.7407407407407407,1.634145113006128,0.5964912280701754,0.2543593300264844,0.7045454545454544,1.6700271542235559,0.3181818181818182,-1.4153496877048268,0.5611510791366883,0.24755415025398972,0.5719844357976653,0.8462997754763201,0.30277777777777776,-0.803285679368965,0.6080000000000001,-0.728891890420435
2021-03-23,36.7,25.6,30.7,55,2.0,4.0,1009.0,13.2,58,20.0,0,0.8000000000000003,2.0042420379053825,0.6754385964912282,0.9029090353819761,0.7954545454545454,2.2573769224815705,0.13636363636363635,-2.1830878230492807,0.5395683453237419,0.0941453389539052,0.3424124513618676,-0.5467621329519835,0.16111111111111112,-1.419094065538868,0.504,-1.3138941163086963
2021-03-24,35.8,26.0,29.9,61,3.6,3.0,1008.3,18.1,100,21.2,0,0.7333333333333333,1.5878829973937207,0.7105263157894737,1.191153348873304,0.7045454545454544,1.6700271542235559,0.2727272727272727,-1.6072842215409402,0.4892086330935227,-0.2638085540797029,0.5330739299610895,0.6101875876071161,0.2777777777777778,-0.9119577475165949,0.6,-0.7738920616426096
2021-03-25,33.0,26.0,29.0,68,0.4,4.0,1008.7,19.5,114,22.3,0,0.525925925925926,0.2925437602463384,0.7105263157894737,1.191153348873304,0.6022727272727273,1.0092586649332909,0.4318181818181818,-0.9355133531145432,0.5179856115107955,-0.05926347234617934,0.5875486381322956,0.9407446506240013,0.31666666666666665,-0.7429123081758373,0.6880000000000002,-0.27889017819869577
2021-03-26,35.7,24.7,29.1,66,0.0,0.0,1008.1,23.7,119,21.5,0,0.7259259259259262,1.5416208817813168,0.5964912280701754,0.2543593300264844,0.6136363636363639,1.0826773859655436,0.38636363636363635,-1.1274478869506568,0.4748201438848945,-0.36608109494640656,0.7509727626459142,1.9324158396746574,0.33055555555555555,-0.6825389369827095,0.6240000000000001,-0.6388915479760875
2021-03-27,35.3,25.2,29.2,68,0.1,1.0,1007.7,23.7,133,22.0,0,0.6962962962962962,1.356572419331688,0.6403508771929824,0.6146647218906456,0.625,1.156096106997794,0.4318181818181818,-0.9355133531145432,0.4460431654676299,-0.5706261766798719,0.7509727626459142,1.9324158396746574,0.36944444444444446,-0.5134934976419518,0.664,-0.4138906918652179
2021-03-28,35.8,25.1,29.3,67,0.0,0.0,1007.4,19.0,133,21.9,0,0.7333333333333333,1.5878829973937207,0.6315789473684211,0.5426036435178149,0.6363636363636365,1.2295148280300467,0.4090909090909091,-1.0314806200325999,0.42446043165467534,-0.7240349879800146,0.5680933852140077,0.8226885566893993,0.36944444444444446,-0.5134934976419518,0.6559999999999999,-0.4588908630873924
2021-03-29,35.0,25.4,29.2,68,0.0,0.0,1006.9,18.1,141,22.1,0,0.6740740740740742,1.2177860724944696,0.6578947368421051,0.7587868786363096,0.625,1.156096106997794,0.4318181818181818,-0.9355133531145432,0.3884892086330925,-0.9797163401468609,0.5330739299610895,0.6101875876071161,0.39166666666666666,-0.4168961037329475,0.6720000000000002,-0.3688905206430433
2021-03-30,34.2,25.2,29.2,69,0.3,2.0,1006.0,17.4,163,22.2,0,0.6148148148148151,0.8476891475952184,0.6403508771929824,0.6146647218906456,0.625,1.156096106997794,0.45454545454545453,-0.8395460861964865,0.32374100719424515,-1.4399427740471726,0.5058365758754862,0.4449090560986727,0.4527777777777778,-0.1512532704831855,0.68,-0.3238903494208703
2021-03-31,35.8,25.3,29.6,70,0.0,0.0,1005.1,18.9,166,23.0,0,0.7333333333333333,1.5878829973937207,0.6491228070175439,0.6867258002634788,0.6704545454545456,1.4497709911268026,0.4772727272727273,-0.7435788192784298,0.25899280575539774,-1.9001692079474843,0.5642023346303501,0.7990773379024786,0.46111111111111114,-0.11502924776730886,0.7440000000000001,0.03611102035652139
2021-04-01,35.1,25.9,29.6,69,0.4,4.0,1005.7,18.2,163,22.7,0,0.6814814814814817,1.2640481881068768,0.7017543859649121,1.1190922705004707,0.6704545454545456,1.4497709911268026,0.45454545454545453,-0.8395460861964865,0.30215827338129875,-1.5933515853472573,0.536964980544747,0.633798806394036,0.4527777777777778,-0.1512532704831855,0.72,-0.0988894933100007
2021-04-02,34.8,26.3,29.8,73,5.3,14.0,1006.5,18.2,154,24.1,0,0.6592592592592591,1.1252618412696551,0.736842105263158,1.4073365839918013,0.6931818181818182,1.5966084331913055,0.5454545454545454,-0.4556770185242597,0.35971223021582793,-1.1842614218803265,0.536964980544747,0.633798806394036,0.42777777777777776,-0.2599253386308154,0.8320000000000002,0.5311129038004352
2021-04-03,32.2,24.7,27.8,79,12.0,12.0,1007.2,16.7,130,23.7,0,0.466666666666667,-0.07755316465291279,0.5964912280701754,0.2543593300264844,0.46590909090909105,0.12823401254627018,0.6818181818181818,0.12012658298408065,0.4100719424460471,-0.8263075288467183,0.4785992217898832,0.2796305245902302,0.3611111111111111,-0.5497175203578285,0.8,0.35111221891173855
2021-04-04,31.3,25.6,28.0,79,7.9,6.0,1008.0,14.6,131,24.0,0,0.40000000000000013,-0.49391220516457285,0.6754385964912282,0.9029090353819761,0.4886363636363637,0.2750714546107732,0.6818181818181818,0.12012658298408065,0.4676258992805763,-0.41721736537978743,0.39688715953307385,-0.21620506993509792,0.3638888888888889,-0.537642846119203,0.8240000000000001,0.48611273257826065
2021-04-05,32.8,24.5,28.3,76,0.2,2.0,1009.1,17.1,121,23.2,0,0.511111111111111,0.20001952902152395,0.5789473684210527,0.11023717328082044,0.5227272727272728,0.49532761770752903,0.6136363636363636,-0.1677752177700895,0.54676258992806,0.14528160938728607,0.4941634241245136,0.3740753997379122,0.33611111111111114,-0.6583895885054585,0.76,0.12611136280086893
2021-04-06,35.4,24.4,28.9,66,0.0,0.0,1009.6,23.6,120,21.2,0,0.7037037037037037,1.4028345349440952,0.5701754385964911,0.03817609490798718,0.5909090909090908,0.9358399439010381,0.38636363636363635,-1.1274478869506568,0.5827338129496429,0.4009629615541324,0.7470817120622568,1.9088046208877376,0.3333333333333333,-0.670464262744084,0.6,-0.7738920616426096
2021-04-07,33.8,24.2,28.6,66,0.1,1.0,1009.8,18.0,128,21.3,0,0.585185185185185,0.6626406851455896,0.5526315789473684,-0.10594606183767678,0.556818181818182,0.7155837808042849,0.38636363636363635,-1.1274478869506568,0.5971223021582711,0.503235502420836,0.5291828793774318,0.5865763688201954,0.35555555555555557,-0.5738668688350796,0.6080000000000001,-0.728891890420435
2021-04-08,32.8,25.6,28.4,72,0.9,2.0,1009.1,13.3,140,22.6,0,0.511111111111111,0.20001952902152395,0.6754385964912282,0.9029090353819761,0.534090909090909,0.5687463387397792,0.5227272727272727,-0.5516442854423164,0.54676258992806,0.14528160938728607,0.3463035019455253,-0.5231509141650628,0.3888888888888889,-0.42897077797157307,0.7120000000000002,-0.14388966453217367
2021-04-09,33.1,25.9,28.3,74,5.4,11.0,1009.1,15.5,137,22.9,0,0.5333333333333335,0.3388058758587456,0.7017543859649121,1.1190922705004707,0.5227272727272728,0.49532761770752903,0.5681818181818182,-0.35970975160620294,0.54676258992806,0.14528160938728607,0.4319066147859922,-0.003704100852814333,0.38055555555555554,-0.4651948006874497,0.736,-0.008889150865653173
2021-04-10,33.7,24.9,28.7,71,1.8,10.0,1010.2,18.7,125,22.3,0,0.5777777777777781,0.6163785695331856,0.6140350877192982,0.39848148677214834,0.5681818181818181,0.7890025018365351,0.5,-0.647611552360373,0.6258992805755439,0.7077805841543596,0.5564202334630349,0.751854900328638,0.3472222222222222,-0.6100908915509563,0.6880000000000002,-0.27889017819869577
2021-04-11,35.4,25.1,29.4,66,0.4,2.0,1011.0,19.4,118,21.9,0,0.7037037037037037,1.4028345349440952,0.6315789473684211,0.5426036435178149,0.6477272727272726,1.3029335490622969,0.38636363636363635,-1.1274478869506568,0.683453237410073,1.1168707476212905,0.583657587548638,0.9171334318370805,0.3277777777777778,-0.6946136112213351,0.6559999999999999,-0.4588908630873924
2021-04-12,34.4,25.8,29.2,67,1.0,3.0,1011.2,14.9,121,22.2,0,0.6296296296296297,0.9402133788200295,0.6929824561403509,1.04703119212764,0.625,1.156096106997794,0.4090909090909091,-1.0314806200325999,0.6978417266187095,1.2191432884880522,0.40856031128404663,-0.14537141357433658,0.33611111111111114,-0.6583895885054585,0.68,-0.3238903494208703
2021-04-13,33.7,25.6,28.8,75,3.4,8.0,1010.7,16.3,137,23.5,0,0.5777777777777781,0.6163785695331856,0.6754385964912282,0.9029090353819761,0.5795454545454547,0.8624212228687879,0.5909090909090909,-0.2637424846881462,0.6618705035971266,0.9634619363212059,0.4630350194552529,0.18518564944254895,0.38055555555555554,-0.4651948006874497,0.784,0.26111187646739104
2021-04-14,33.4,25.4,28.8,73,6.8,12.0,1010.2,14.6,151,23.0,0,0.5555555555555556,0.47759222269596396,0.6578947368421051,0.7587868786363096,0.5795454545454547,0.8624212228687879,0.5454545454545454,-0.4556770185242597,0.6258992805755439,0.7077805841543596,0.39688715953307385,-0.21620506993509792,0.41944444444444445,-0.29614936134669206,0.7440000000000001,0.03611102035652139
2021-04-15,31.7,24.2,27.2,85,48.1,16.0,1009.4,14.1,140,24.4,1,0.4296296296296297,-0.30886374271494726,0.5526315789473684,-0.10594606183767678,0.3977272727272727,-0.3122783136472415,0.8181818181818182,0.695930184492421,0.5683453237410064,0.2986904206873706,0.37743190661478593,-0.3342611638696999,0.3888888888888889,-0.42897077797157307,0.856,0.6661134174669557
2021-04-16,31.3,24.2,27.1,84,14.6,17.0,1009.7,13.0,138,24.1,0,0.40000000000000013,-0.49391220516457285,0.5526315789473684,-0.10594606183767678,0.3863636363636366,-0.3856970346794917,0.7954545454545454,0.5999629175743643,0.589928057553961,0.4520992319875133,0.3346303501945525,-0.5939845705258241,0.38333333333333336,-0.45312012644882416,0.8320000000000002,0.5311129038004352
2021-04-17,32.1,24.6,27.4,84,18.8,17.0,1010.8,11.0,136,24.3,0,0.4592592592592595,-0.12381528026532002,0.5877192982456142,0.1822982516536537,0.42045454545454536,-0.16544087158273846,0.7954545454545454,0.5999629175743643,0.6690647482014367,1.0145982067545287,0.25680933852140075,-1.066208946264232,0.37777777777777777,-0.47726947492607524,0.8480000000000001,0.6211132462447827
2021-04-18,30.1,24.9,27.0,85,12.2,13.0,1010.7,13.3,155,24.0,0,0.31111111111111134,-1.0490575925134513,0.6140350877192982,0.39848148677214834,0.37500000000000006,-0.4591157557117445,0.8181818181818182,0.695930184492421,0.6618705035971266,0.9634619363212059,0.3463035019455253,-0.5231509141650628,0.4305555555555556,-0.24785066439218986,0.8240000000000001,0.48611273257826065
2021-04-19,30.8,24.5,26.9,87,8.6,11.0,1009.3,13.0,182,24.4,0,0.3629629629629631,-0.7252227832266056,0.5789473684210527,0.11023717328082044,0.36363636363636354,-0.5325344767439973,0.8636363636363636,0.8878647183285344,0.5611510791366883,0.24755415025398972,0.3346303501945525,-0.5939845705258241,0.5055555555555555,0.07816554005069988,0.856,0.6661134174669557
2021-04-20,32.3,25.0,28.0,83,3.2,2.0,1008.6,8.7,185,24.6,0,0.474074074074074,-0.03129104904050886,0.6228070175438597,0.4705425651449816,0.4886363636363637,0.2750714546107732,0.7727272727272727,0.5039956506563075,0.5107913669064773,-0.11039974277956023,0.1673151750972762,-1.609266978363401,0.5138888888888888,0.11438956276657652,0.8720000000000002,0.7561137599113048
2021-04-21,31.6,25.6,28.0,84,5.5,9.0,1008.7,9.9,176,24.9,0,0.42222222222222244,-0.35512585832735283,0.6754385964912282,0.9029090353819761,0.4886363636363637,0.2750714546107732,0.7954545454545454,0.5999629175743643,0.5179856115107955,-0.05926347234617934,0.2140077821011673,-1.3259323529203562,0.4888888888888889,0.005717494618946604,0.8959999999999999,0.8911142735778254
2021-04-22,29.3,24.9,26.6,89,17.5,21.0,1008.6,9.8,137,24.7,0,0.251851851851852,-1.419154517412704,0.6140350877192982,0.39848148677214834,0.32954545454545475,-0.7527906398407506,0.9090909090909091,1.0797992521646478,0.5107913669064773,-0.11039974277956023,0.21011673151750973,-1.3495435717072763,0.38055555555555554,-0.4651948006874497,0.88,0.8011139311334778
2021-04-23,31.3,24.7,27.0,87,17.7,12.0,1007.8,14.7,220,24.4,1,0.40000000000000013,-0.49391220516457285,0.5964912280701754,0.2543593300264844,0.37500000000000006,-0.4591157557117445,0.8636363636363636,0.8878647183285344,0.4532374100719399,-0.5194899062465492,0.4007782101167314,-0.19259385114817762,0.6111111111111112,0.5370031611184707,0.856,0.6661134174669557
2021-04-24,32.3,24.6,27.8,83,4.8,7.0,1007.9,14.8,196,24.4,0,0.474074074074074,-0.03129104904050886,0.5877192982456142,0.1822982516536537,0.46590909090909105,0.12823401254627018,0.7727272727272727,0.5039956506563075,0.46043165467625813,-0.4683536358131683,0.40466926070038906,-0.16898263236125688,0.5444444444444444,0.24721097939145753,0.856,0.6661134174669557
2021-04-25,31.8,24.6,27.7,84,6.6,9.0,1008.5,12.0,212,24.6,0,0.43703703703703717,-0.26260162710254004,0.5877192982456142,0.1822982516536537,0.45454545454545453,0.05481529151401737,0.7954545454545454,0.5999629175743643,0.5035971223021591,-0.16153601321294112,0.2957198443579766,-0.830096758395028,0.5888888888888889,0.4404057672094663,0.8720000000000002,0.7561137599113048
2021-04-26,32.2,24.9,28.3,82,0.3,2.0,1008.3,14.4,176,24.7,0,0.466666666666667,-0.07755316465291279,0.6140350877192982,0.39848148677214834,0.5227272727272728,0.49532761770752903,0.75,0.4080283837382508,0.4892086330935227,-0.2638085540797029,0.3891050583657587,-0.2634275075089385,0.4888888888888889,0.005717494618946604,0.88,0.8011139311334778
2021-04-27,30.8,25.5,27.3,86,13.3,18.0,1009.9,12.6,131,24.7,0,0.3629629629629631,-0.7252227832266056,0.6666666666666666,0.8308479570091428,0.4090909090909092,-0.23885959261498868,0.8409090909090909,0.7918974514104776,0.6043165467625893,0.5543717728542169,0.3190661478599221,-0.6884294456735057,0.3638888888888889,-0.537642846119203,0.88,0.8011139311334778
2021-04-28,31.5,25.1,27.7,83,3.5,8.0,1010.6,12.8,136,24.4,0,0.4148148148148149,-0.40138797393976006,0.6315789473684211,0.5426036435178149,0.45454545454545453,0.05481529151401737,0.7727272727272727,0.5039956506563075,0.6546762589928085,0.912325665887825,0.32684824902723736,-0.6412070080996647,0.37777777777777777,-0.47726947492607524,0.856,0.6661134174669557
2021-04-29,32.0,25.3,28.1,78,0.1,1.0,1009.9,13.7,119,23.6,0,0.45185185185185195,-0.17007739587772722,0.6491228070175439,0.6867258002634788,0.5000000000000002,0.34849017564302603,0.6590909090909091,0.02415931606602393,0.6043165467625893,0.5543717728542169,0.3618677042801556,-0.4287060390173815,0.33055555555555555,-0.6825389369827095,0.7920000000000001,0.30611204768956557
2021-04-30,32.5,25.2,28.4,77,0.4,4.0,1009.6,14.2,120,23.7,0,0.488888888888889,0.061233182184305575,0.6403508771929824,0.6146647218906456,0.534090909090909,0.5687463387397792,0.6363636363636364,-0.07180795085203279,0.5827338129496429,0.4009629615541324,0.3813229571984435,-0.31064994508277954,0.3333333333333333,-0.670464262744084,0.8,0.35111221891173855
2021-05-01,30.8,25.4,28.0,83,6.1,9.0,1010.0,17.0,129,24.8,0,0.3629629629629631,-0.7252227832266056,0.6578947368421051,0.7587868786363096,0.4886363636363637,0.2750714546107732,0.7727272727272727,0.5039956506563075,0.6115107913669074,0.6055080432875978,0.49027237354085595,0.3504641809509915,0.35833333333333334,-0.561792194596454,0.8880000000000001,0.8461141023556523
2021-05-02,32.9,25.4,28.8,78,0.3,3.0,1009.3,15.4,120,24.3,0,0.5185185185185185,0.24628164463393118,0.6578947368421051,0.7587868786363096,0.5795454545454547,0.8624212228687879,0.6590909090909091,0.02415931606602393,0.5611510791366883,0.24755415025398972,0.4280155642023346,-0.027315319639734638,0.3333333333333333,-0.670464262744084,0.8480000000000001,0.6211132462447827
2021-05-03,33.5,25.5,28.6,78,0.4,3.0,1007.8,18.5,121,24.1,0,0.5629629629629631,0.5238543383083711,0.6666666666666666,0.8308479570091428,0.556818181818182,0.7155837808042849,0.6590909090909091,0.02415931606602393,0.4532374100719399,-0.5194899062465492,0.5486381322957198,0.7046324627547973,0.33611111111111114,-0.6583895885054585,0.8320000000000002,0.5311129038004352
2021-05-04,33.6,24.8,28.9,75,0.3,2.0,1007.1,16.0,107,23.6,0,0.5703703703703705,0.5701164539207784,0.605263157894737,0.3264204083993177,0.5909090909090908,0.9358399439010381,0.5909090909090909,-0.2637424846881462,0.4028776978417289,-0.8774437992800992,0.4513618677042801,0.11435199308178762,0.2972222222222222,-0.8274350278462161,0.7920000000000001,0.30611204768956557
2021-05-05,34.4,25.7,29.6,73,1.9,3.0,1007.3,14.9,107,24.0,0,0.6296296296296297,0.9402133788200295,0.6842105263157894,0.9749701137548068,0.6704545454545456,1.4497709911268026,0.5454545454545454,-0.4556770185242597,0.4172661870503571,-0.7751712584133955,0.40856031128404663,-0.14537141357433658,0.2972222222222222,-0.8274350278462161,0.8240000000000001,0.48611273257826065
2021-05-06,34.1,26.0,29.5,73,0.6,5.0,1009.1,16.1,112,23.7,0,0.6074074074074076,0.8014270319828112,0.7105263157894737,1.191153348873304,0.6590909090909092,1.3763522700945499,0.5454545454545454,-0.4556770185242597,0.54676258992806,0.14528160938728607,0.45525291828793774,0.13796321186870833,0.3111111111111111,-0.7670616566530883,0.8,0.35111221891173855
2021-05-07,32.8,25.1,28.4,81,1.3,4.0,1009.6,17.2,72,24.5,0,0.511111111111111,0.20001952902152395,0.6315789473684211,0.5426036435178149,0.534090909090909,0.5687463387397792,0.7272727272727273,0.3120611168201941,0.5827338129496429,0.4009629615541324,0.4980544747081711,0.3976866185248321,0.2,-1.2500486261981103,0.8640000000000001,0.7111135886891303
2021-05-08,32.7,25.7,28.6,80,1.8,4.0,1008.2,18.6,129,24.7,0,0.503703703703704,0.15375741340912003,0.6842105263157894,0.9749701137548068,0.556818181818182,0.7155837808042849,0.7045454545454546,0.21609384990213737,0.4820143884892127,-0.31494482451302563,0.5525291828793775,0.728243681541718,0.35833333333333334,-0.561792194596454,0.88,0.8011139311334778
2021-05-09,32.6,26.4,28.6,82,7.8,5.0,1007.9,12.6,141,25.1,0,0.4962962962962965,0.1074952977967128,0.7456140350877192,1.4793976623646319,0.556818181818182,0.7155837808042849,0.75,0.4080283837382508,0.46043165467625813,-0.4683536358131683,0.3190661478599221,-0.6884294456735057,0.39166666666666666,-0.4168961037329475,0.9120000000000001,0.9811146160221744
2021-05-10,33.1,26.1,29.3,79,0.7,5.0,1007.4,12.1,137,24.9,0,0.5333333333333335,0.3388058758587456,0.7192982456140352,1.2632144272461372,0.6363636363636365,1.2295148280300467,0.6818181818181818,0.12012658298408065,0.42446043165467534,-0.7240349879800146,0.2996108949416342,-0.8064855396081076,0.38055555555555554,-0.4651948006874497,0.8959999999999999,0.8911142735778254
2021-05-11,33.3,26.0,29.5,78,1.5,8.0,1007.0,13.1,140,24.9,0,0.548148148148148,0.43133010708355674,0.7105263157894737,1.191153348873304,0.6590909090909092,1.3763522700945499,0.6590909090909091,0.02415931606602393,0.3956834532374107,-0.9285800697134801,0.33852140077821,-0.5703733517389038,0.3888888888888889,-0.42897077797157307,0.8959999999999999,0.8911142735778254
2021-05-12,34.6,26.5,29.9,76,3.4,7.0,1006.4,12.7,129,24.9,0,0.6444444444444447,1.032737610044844,0.7543859649122807,1.5514587407374651,0.7045454545454544,1.6700271542235559,0.6136363636363636,-0.1677752177700895,0.3525179856115097,-1.2353976923137073,0.3229571984435797,-0.6648182268865854,0.35833333333333334,-0.561792194596454,0.8959999999999999,0.8911142735778254
2021-05-13,33.2,26.7,29.3,81,5.4,10.0,1005.9,18.4,123,25.5,0,0.5407407407407411,0.38506799147115284,0.7719298245614035,1.695580897483129,0.6363636363636365,1.2295148280300467,0.7272727272727273,0.3120611168201941,0.3165467625899269,-1.4910790444805535,0.5447470817120621,0.6810212439678767,0.3416666666666667,-0.6342402400282073,0.9440000000000001,1.1611153009108695
2021-05-14,31.7,26.5,28.8,82,3.4,8.0,1006.3,14.9,133,25.3,0,0.4296296296296297,-0.30886374271494726,0.7543859649122807,1.5514587407374651,0.5795454545454547,0.8624212228687879,0.75,0.4080283837382508,0.34532374100719154,-1.2865339627470882,0.40856031128404663,-0.14537141357433658,0.36944444444444446,-0.5134934976419518,0.9280000000000002,1.071114958466522
2021-05-15,32.9,25.9,28.7,82,3.3,7.0,1007.0,16.0,136,25.2,0,0.5185185185185185,0.24628164463393118,0.7017543859649121,1.1190922705004707,0.5681818181818181,0.7890025018365351,0.75,0.4080283837382508,0.3956834532374107,-0.9285800697134801,0.4513618677042801,0.11435199308178762,0.37777777777777777,-0.47726947492607524,0.92,1.0261147872443475
2021-05-16,32.8,25.8,29.0,82,4.8,9.0,1006.7,15.0,133,25.4,0,0.511111111111111,0.20001952902152395,0.6929824561403509,1.04703119212764,0.6022727272727273,1.0092586649332909,0.75,0.4080283837382508,0.3741007194244643,-1.0819888810135645,0.4124513618677042,-0.12176019478741629,0.36944444444444446,-0.5134934976419518,0.9359999999999999,1.1161151296886949
2021-05-17,31.9,25.1,28.0,84,31.1,19.0,1007.7,16.6,123,24.9,1,0.4444444444444444,-0.21633951149013445,0.6315789473684211,0.5426036435178149,0.4886363636363637,0.2750714546107732,0.7954545454545454,0.5999629175743643,0.4460431654676299,-0.5706261766798719,0.47470817120622566,0.2560193058033103,0.3416666666666667,-0.6342402400282073,0.8959999999999999,0.8911142735778254
2021-05-18,31.5,25.4,28.0,85,7.2,13.0,1007.9,13.3,152,25.1,0,0.4148148148148149,-0.40138797393976006,0.6578947368421051,0.7587868786363096,0.4886363636363637,0.2750714546107732,0.8181818181818182,0.695930184492421,0.46043165467625813,-0.4683536358131683,0.3463035019455253,-0.5231509141650628,0.4222222222222222,-0.2840746871080665,0.9120000000000001,0.9811146160221744
2021-05-19,32.5,25.4,28.1,86,8.7,8.0,1007.4,13.0,166,25.4,0,0.488888888888889,0.061233182184305575,0.6578947368421051,0.7587868786363096,0.5000000000000002,0.34849017564302603,0.8409090909090909,0.7918974514104776,0.42446043165467534,-0.7240349879800146,0.3346303501945525,-0.5939845705258241,0.46111111111111114,-0.11502924776730886,0.9359999999999999,1.1161151296886949
2021-05-20,32.6,25.5,28.7,82,13.6,13.0,1007.5,14.2,166,25.2,0,0.4962962962962965,0.1074952977967128,0.6666666666666666,0.8308479570091428,0.5681818181818181,0.7890025018365351,0.75,0.4080283837382508,0.4316546762589935,-0.6728987175466338,0.3813229571984435,-0.31064994508277954,0.46111111111111114,-0.11502924776730886,0.92,1.0261147872443475
2021-05-21,31.5,25.7,27.8,86,15.8,20.0,1007.5,11.6,181,25.2,1,0.4148148148148149,-0.40138797393976006,0.6842105263157894,0.9749701137548068,0.46590909090909105,0.12823401254627018,0.8409090909090909,0.7918974514104776,0.4316546762589935,-0.6728987175466338,0.28015564202334625,-0.9245416335427096,0.5027777777777778,0.06609086581207434,0.92,1.0261147872443475
2021-05-22,30.9,25.3,26.9,89,17.1,21.0,1006.9,16.8,237,24.9,1,0.37037037037037035,-0.6789606676142,0.6491228070175439,0.6867258002634788,0.36363636363636354,-0.5325344767439973,0.9090909090909091,1.0797992521646478,0.3884892086330925,-0.9797163401468609,0.4824902723735408,0.3032417433771509,0.6583333333333333,0.7422726231751049,0.8959999999999999,0.8911142735778254
2021-05-23,31.3,25.3,27.2,88,22.1,19.0,1006.2,17.6,248,25.0,1,0.40000000000000013,-0.49391220516457285,0.6491228070175439,0.6867258002634788,0.3977272727272727,-0.3122783136472415,0.8863636363636364,0.9838319852465911,0.33812949640288154,-1.337670233180411,0.5136186770428015,0.4921314936725142,0.6888888888888889,0.8750940397999859,0.904,0.9361144448
2021-05-24,29.7,26.0,27.1,88,8.7,19.0,1006.9,16.1,275,25.0,0,0.28148148148148155,-1.2341060549630785,0.7105263157894737,1.191153348873304,0.3863636363636366,-0.3856970346794917,0.8863636363636364,0.9838319852465911,0.3884892086330925,-0.9797163401468609,0.45525291828793774,0.13796321186870833,0.7638888888888888,1.2011102442428756,0.904,0.9361144448
2021-05-25,28.7,24.7,26.5,91,63.1,23.0,1007.3,11.7,224,24.9,1,0.20740740740740746,-1.696727211087144,0.5964912280701754,0.2543593300264844,0.31818181818181823,-0.8262093608730033,0.9545454545454546,1.2717337860007614,0.4172661870503571,-0.7751712584133955,0.2840466926070038,-0.9009304147557893,0.6222222222222222,0.5853018580729729,0.8959999999999999,0.8911142735778254
2021-05-26,29.3,24.8,26.4,91,9.9,18.0,1007.3,14.5,221,24.7,0,0.251851851851852,-1.419154517412704,0.605263157894737,0.3264204083993177,0.3068181818181817,-0.8996280819052562,0.9545454545454546,1.2717337860007614,0.4172661870503571,-0.7751712584133955,0.3929961089494163,-0.23981628872201824,0.6138888888888889,0.5490778353570962,0.88,0.8011139311334778
2021-05-27,30.2,24.9,26.6,90,20.5,8.0,1007.7,14.2,197,24.8,1,0.3185185185185186,-1.0027954769010456,0.6140350877192982,0.39848148677214834,0.32954545454545475,-0.7527906398407506,0.9318181818181818,1.1757665190827045,0.4460431654676299,-0.5706261766798719,0.3813229571984435,-0.31064994508277954,0.5472222222222223,0.2592856536300831,0.8880000000000001,0.8461141023556523
2021-05-28,30.8,24.8,27.4,88,3.9,9.0,1009.1,12.4,186,25.1,0,0.3629629629629631,-0.7252227832266056,0.605263157894737,0.3264204083993177,0.42045454545454536,-0.16544087158273846,0.8863636363636364,0.9838319852465911,0.54676258992806,0.14528160938728607,0.31128404669260695,-0.7356518832473463,0.5166666666666667,0.12646423700520207,0.9120000000000001,0.9811146160221744
2021-05-29,31.6,25.3,28.0,85,4.1,7.0,1009.0,14.5,182,25.1,0,0.42222222222222244,-0.35512585832735283,0.6491228070175439,0.6867258002634788,0.4886363636363637,0.2750714546107732,0.8181818181818182,0.695930184492421,0.5395683453237419,0.0941453389539052,0.3929961089494163,-0.23981628872201824,0.5055555555555555,0.07816554005069988,0.9120000000000001,0.9811146160221744
2021-05-30,32.9,24.8,28.6,82,0.7,4.0,1007.5,11.0,231,25.0,0,0.5185185185185185,0.24628164463393118,0.605263157894737,0.3264204083993177,0.556818181818182,0.7155837808042849,0.75,0.4080283837382508,0.4316546762589935,-0.6728987175466338,0.25680933852140075,-1.066208946264232,0.6416666666666667,0.6698245777433517,0.904,0.9361144448
2021-05-31,33.1,25.7,29.0,84,2.8,5.0,1006.1,12.2,249,25.9,0,0.5333333333333335,0.3388058758587456,0.6842105263157894,0.9749701137548068,0.6022727272727273,1.0092586649332909,0.7954545454545454,0.5999629175743643,0.3309352517985633,-1.3888065036137918,0.30350194552529175,-0.7828743208211874,0.6916666666666667,0.8871687140386115,0.976,1.3411159857995645
2021-06-01,32.1,25.9,28.7,85,6.4,9.0,1006.5,10.8,229,25.9,0,0.4592592592592595,-0.12381528026532002,0.7017543859649121,1.1190922705004707,0.5681818181818181,0.7890025018365351,0.8181818181818182,0.695930184492421,0.35971223021582793,-1.1842614218803265,0.24902723735408558,-1.1134313838380725,0.6361111111111111,0.6456752292661005,0.976,1.3411159857995645
2021-06-02,32.3,26.1,28.6,85,3.1,8.0,1007.0,11.9,219,25.7,0,0.474074074074074,-0.03129104904050886,0.7192982456140352,1.2632144272461372,0.556818181818182,0.7155837808042849,0.8181818181818182,0.695930184492421,0.3956834532374107,-0.9285800697134801,0.29182879377431903,-0.8537079771819482,0.6083333333333333,0.5249284868798451,0.96,1.251115643355217
2021-06-03,32.8,25.7,28.6,85,3.6,5.0,1007.8,11.2,231,25.7,0,0.511111111111111,0.20001952902152395,0.6842105263157894,0.9749701137548068,0.556818181818182,0.7155837808042849,0.8181818181818182,0.695930184492421,0.4532374100719399,-0.5194899062465492,0.2645914396887159,-1.0189865086903913,0.6416666666666667,0.6698245777433517,0.96,1.251115643355217
2021-06-04,33.5,25.2,29.3,82,0.2,2.0,1007.4,12.1,234,25.6,0,0.5629629629629631,0.5238543383083711,0.6403508771929824,0.6146647218906456,0.6363636363636365,1.2295148280300467,0.75,0.4080283837382508,0.42446043165467534,-0.7240349879800146,0.2996108949416342,-0.8064855396081076,0.65,0.7060486004592282,0.9520000000000002,1.206115472133044
2021-06-05,33.0,26.1,28.6,83,5.9,8.0,1007.6,17.6,233,25.4,0,0.525925925925926,0.2925437602463384,0.7192982456140352,1.2632144272461372,0.556818181818182,0.7155837808042849,0.7727272727272727,0.5039956506563075,0.43884892086331173,-0.6217624471132528,0.5136186770428015,0.4921314936725142,0.6472222222222223,0.6939739262206027,0.9359999999999999,1.1161151296886949
2021-06-06,32.4,25.1,28.0,85,4.3,5.0,1007.3,20.6,236,25.2,0,0.48148148148148145,0.014971066571898358,0.6315789473684211,0.5426036435178149,0.4886363636363637,0.2750714546107732,0.8181818181818182,0.695930184492421,0.4172661870503571,-0.7751712584133955,0.6303501945525293,1.2004680572801258,0.6555555555555556,0.7301979489364794,0.92,1.0261147872443475
2021-06-07,31.9,25.7,27.7,84,9.2,12.0,1008.1,24.9,231,24.7,0,0.4444444444444444,-0.21633951149013445,0.6842105263157894,0.9749701137548068,0.45454545454545453,0.05481529151401737,0.7954545454545454,0.5999629175743643,0.4748201438848945,-0.36608109494640656,0.7976653696498054,2.215750465117702,0.6416666666666667,0.6698245777433517,0.88,0.8011139311334778
2021-06-08,28.9,24.9,26.6,89,6.4,19.0,1008.9,16.6,216,24.7,0,0.2222222222222222,-1.6042029798623314,0.6140350877192982,0.39848148677214834,0.32954545454545475,-0.7527906398407506,0.9090909090909091,1.0797992521646478,0.5323741007194237,0.04300906852052431,0.47470817120622566,0.2560193058033103,0.6,0.48870446416396846,0.88,0.8011139311334778
2021-06-09,30.3,25.3,27.0,88,4.7,14.0,1008.0,11.6,240,24.8,0,0.32592592592592606,-0.9565333612886384,0.6491228070175439,0.6867258002634788,0.37500000000000006,-0.4591157557117445,0.8863636363636364,0.9838319852465911,0.4676258992805763,-0.41721736537978743,0.28015564202334625,-0.9245416335427096,0.6666666666666666,0.7784966458909816,0.8880000000000001,0.8461141023556523
2021-06-10,30.6,25.0,26.7,90,12.4,14.0,1006.8,20.0,245,24.8,0,0.3481481481481484,-0.8177470144514184,0.6228070175438597,0.4705425651449816,0.3409090909090909,-0.6793719188085003,0.9318181818181818,1.1757665190827045,0.38129496402877433,-1.0308526105802418,0.6070038910505836,1.0588007445586032,0.6805555555555556,0.8388700170841094,0.8880000000000001,0.8461141023556523
2021-06-11,31.5,24.6,27.3,85,4.1,6.0,1005.7,20.2,243,24.4,0,0.4148148148148149,-0.40138797393976006,0.5877192982456142,0.1822982516536537,0.4090909090909092,-0.23885959261498868,0.8181818181818182,0.695930184492421,0.30215827338129875,-1.5933515853472573,0.6147859922178988,1.1060231821324438,0.675,0.8147206686068582,0.856,0.6661134174669557
2021-06-12,30.0,24.9,26.6,87,9.0,14.0,1007.0,18.3,243,24.1,0,0.3037037037037038,-1.0953197081258585,0.6140350877192982,0.39848148677214834,0.32954545454545475,-0.7527906398407506,0.8636363636363636,0.8878647183285344,0.3956834532374107,-0.9285800697134801,0.5408560311284046,0.6574100251809567,0.675,0.8147206686068582,0.8320000000000002,0.5311129038004352
2021-06-13,31.1,24.8,27.4,83,0.8,5.0,1008.0,22.0,225,24.2,0,0.3851851851851854,-0.5864364363893856,0.605263157894737,0.3264204083993177,0.42045454545454536,-0.16544087158273846,0.7727272727272727,0.5039956506563075,0.4676258992805763,-0.41721736537978743,0.6848249027237354,1.5310251202970109,0.625,0.5973765323115984,0.84,0.5761130750226082
2021-06-14,32.2,24.9,27.9,82,1.0,7.0,1007.9,17.6,240,24.4,0,0.466666666666667,-0.07755316465291279,0.6140350877192982,0.39848148677214834,0.4772727272727271,0.2016527335785204,0.75,0.4080283837382508,0.46043165467625813,-0.4683536358131683,0.5136186770428015,0.4921314936725142,0.6666666666666666,0.7784966458909816,0.856,0.6661134174669557
2021-06-15,30.7,24.8,27.1,87,4.3,9.0,1007.4,15.5,238,24.7,0,0.3555555555555556,-0.7714848988390128,0.605263157894737,0.3264204083993177,0.3863636363636366,-0.3856970346794917,0.8636363636363636,0.8878647183285344,0.42446043165467534,-0.7240349879800146,0.4319066147859922,-0.003704100852814333,0.6611111111111111,0.7543472974137305,0.88,0.8011139311334778
2021-06-16,31.7,24.9,27.3,87,11.3,16.0,1008.7,14.9,232,24.9,0,0.4296296296296297,-0.30886374271494726,0.6140350877192982,0.39848148677214834,0.4090909090909092,-0.23885959261498868,0.8636363636363636,0.8878647183285344,0.5179856115107955,-0.05926347234617934,0.40856031128404663,-0.14537141357433658,0.6444444444444445,0.6818992519819772,0.8959999999999999,0.8911142735778254
2021-06-17,32.9,24.9,28.5,78,0.3,2.0,1009.2,11.8,242,24.0,0,0.5185185185185185,0.24628164463393118,0.6140350877192982,0.39848148677214834,0.5454545454545455,0.6421650597720321,0.6590909090909091,0.02415931606602393,0.5539568345323783,0.19641787982066697,0.28793774319066145,-0.8773191959688685,0.6722222222222223,0.8026459943682327,0.8240000000000001,0.48611273257826065
2021-06-18,32.3,24.9,28.2,82,2.8,5.0,1009.8,11.4,227,24.6,0,0.474074074074074,-0.03129104904050886,0.6140350877192982,0.39848148677214834,0.5113636363636364,0.4219088966752762,0.75,0.4080283837382508,0.5971223021582711,0.503235502420836,0.2723735408560311,-0.9717640711165502,0.6305555555555555,0.6215258807888495,0.8720000000000002,0.7561137599113048
2021-06-19,31.7,25.1,27.8,85,10.2,8.0,1009.1,13.1,227,24.9,0,0.4296296296296297,-0.30886374271494726,0.6315789473684211,0.5426036435178149,0.46590909090909105,0.12823401254627018,0.8181818181818182,0.695930184492421,0.54676258992806,0.14528160938728607,0.33852140077821,-0.5703733517389038,0.6305555555555555,0.6215258807888495,0.8959999999999999,0.8911142735778254
2021-06-20,32.4,25.1,27.7,84,17.7,8.0,1007.9,16.1,234,24.6,1,0.48148148148148145,0.014971066571898358,0.6315789473684211,0.5426036435178149,0.45454545454545453,0.05481529151401737,0.7954545454545454,0.5999629175743643,0.46043165467625813,-0.4683536358131683,0.45525291828793774,0.13796321186870833,0.65,0.7060486004592282,0.8720000000000002,0.7561137599113048
2021-06-21,31.4,24.8,27.5,85,9.8,7.0,1007.5,25.2,233,24.7,0,0.4074074074074074,-0.44765008955216723,0.605263157894737,0.3264204083993177,0.4318181818181819,-0.09202215055048565,0.8181818181818182,0.695930184492421,0.4316546762589935,-0.6728987175466338,0.809338521400778,2.2865841214784632,0.6472222222222223,0.6939739262206027,0.88,0.8011139311334778
2021-06-22,31.0,24.5,27.3,86,13.5,8.0,1008.4,16.6,223,24.7,0,0.3777777777777779,-0.6326985520017928,0.5789473684210527,0.11023717328082044,0.4090909090909092,-0.23885959261498868,0.8409090909090909,0.7918974514104776,0.4964028776978409,-0.212672283646322,0.47470817120622566,0.2560193058033103,0.6194444444444445,0.5732271838343472,0.88,0.8011139311334778
2021-06-23,30.9,24.3,27.2,86,9.3,7.0,1009.1,20.5,240,24.5,0,0.37037037037037035,-0.6789606676142,0.5614035087719299,-0.03388498346484352,0.3977272727272727,-0.3122783136472415,0.8409090909090909,0.7918974514104776,0.54676258992806,0.14528160938728607,0.6264591439688716,1.1768568384932052,0.6666666666666666,0.7784966458909816,0.8640000000000001,0.7111135886891303
2021-06-24,31.6,24.0,27.5,85,8.3,10.0,1007.7,13.9,236,24.6,0,0.42222222222222244,-0.35512585832735283,0.5350877192982456,-0.2500682185833407,0.4318181818181819,-0.09202215055048565,0.8181818181818182,0.695930184492421,0.4460431654676299,-0.5706261766798719,0.3696498054474708,-0.3814836014435405,0.6555555555555556,0.7301979489364794,0.8720000000000002,0.7561137599113048
2021-06-25,32.2,25.0,28.1,82,2.9,7.0,1007.1,14.4,216,24.5,0,0.466666666666667,-0.07755316465291279,0.6228070175438597,0.4705425651449816,0.5000000000000002,0.34849017564302603,0.75,0.4080283837382508,0.4028776978417289,-0.8774437992800992,0.3891050583657587,-0.2634275075089385,0.6,0.48870446416396846,0.8640000000000001,0.7111135886891303
2021-06-26,31.9,24.9,28.0,82,0.8,6.0,1008.4,14.6,192,24.5,0,0.4444444444444444,-0.21633951149013445,0.6140350877192982,0.39848148677214834,0.4886363636363637,0.2750714546107732,0.75,0.4080283837382508,0.4964028776978409,-0.212672283646322,0.39688715953307385,-0.21620506993509792,0.5333333333333333,0.19891228243695536,0.8640000000000001,0.7111135886891303
2021-06-27,32.7,24.6,28.4,80,0.9,4.0,1009.4,14.3,210,24.2,0,0.503703703703704,0.15375741340912003,0.5877192982456142,0.1822982516536537,0.534090909090909,0.5687463387397792,0.7045454545454546,0.21609384990213737,0.5683453237410064,0.2986904206873706,0.38521400778210113,-0.28703872629585886,0.5833333333333334,0.4162564187322152,0.84,0.5761130750226082
2021-06-28,32.9,25.0,28.0,83,5.7,8.0,1008.5,13.0,227,24.8,0,0.5185185185185185,0.24628164463393118,0.6228070175438597,0.4705425651449816,0.4886363636363637,0.2750714546107732,0.7727272727272727,0.5039956506563075,0.5035971223021591,-0.16153601321294112,0.3346303501945525,-0.5939845705258241,0.6305555555555555,0.6215258807888495,0.8880000000000001,0.8461141023556523
2021-06-29,32.6,25.1,28.3,83,3.7,8.0,1007.8,11.0,206,25.0,0,0.4962962962962965,0.1074952977967128,0.6315789473684211,0.5426036435178149,0.5227272727272728,0.49532761770752903,0.7727272727272727,0.5039956506563075,0.4532374100719399,-0.5194899062465492,0.25680933852140075,-1.066208946264232,0.5722222222222222,0.367957721777713,0.904,0.9361144448
2021-06-30,32.2,25.6,28.1,83,2.6,9.0,1008.1,14.5,221,24.9,0,0.466666666666667,-0.07755316465291279,0.6754385964912282,0.9029090353819761,0.5000000000000002,0.34849017564302603,0.7727272727272727,0.5039956506563075,0.4748201438848945,-0.36608109494640656,0.3929961089494163,-0.23981628872201824,0.6138888888888889,0.5490778353570962,0.8959999999999999,0.8911142735778254
2021-07-01,32.6,24.7,28.2,82,3.9,7.0,1008.2,11.6,214,24.7,0,0.4962962962962965,0.1074952977967128,0.5964912280701754,0.2543593300264844,0.5113636363636364,0.4219088966752762,0.75,0.4080283837382508,0.4820143884892127,-0.31494482451302563,0.28015564202334625,-0.9245416335427096,0.5944444444444444,0.46455511568671737,0.88,0.8011139311334778
2021-07-02,33.0,24.6,28.6,78,0.2,2.0,1008.3,12.8,234,24.0,0,0.525925925925926,0.2925437602463384,0.5877192982456142,0.1822982516536537,0.556818181818182,0.7155837808042849,0.6590909090909091,0.02415931606602393,0.4892086330935227,-0.2638085540797029,0.32684824902723736,-0.6412070080996647,0.65,0.7060486004592282,0.8240000000000001,0.48611273257826065
2021-07-03,33.8,25.1,28.9,81,0.3,2.0,1006.8,10.0,236,25.1,0,0.585185185185185,0.6626406851455896,0.6315789473684211,0.5426036435178149,0.5909090909090908,0.9358399439010381,0.7272727272727273,0.3120611168201941,0.38129496402877433,-1.0308526105802418,0.21789883268482488,-1.3023211341334358,0.6555555555555556,0.7301979489364794,0.9120000000000001,0.9811146160221744
2021-07-04,32.0,26.0,28.5,83,8.4,7.0,1006.0,15.4,205,25.2,0,0.45185185185185195,-0.17007739587772722,0.7105263157894737,1.191153348873304,0.5454545454545455,0.6421650597720321,0.7727272727272727,0.5039956506563075,0.32374100719424515,-1.4399427740471726,0.4280155642023346,-0.027315319639734638,0.5694444444444444,0.35588304753908745,0.92,1.0261147872443475
2021-07-05,30.3,25.3,26.9,89,18.0,12.0,1005.5,13.5,223,24.9,1,0.32592592592592606,-0.9565333612886384,0.6491228070175439,0.6867258002634788,0.36363636363636354,-0.5325344767439973,0.9090909090909091,1.0797992521646478,0.28776978417266236,-1.695624126214019,0.35408560311284043,-0.4759284765912221,0.6194444444444445,0.5732271838343472,0.8959999999999999,0.8911142735778254
2021-07-06,28.2,25.0,26.3,91,7.4,12.0,1005.5,16.9,229,24.7,0,0.17037037037037042,-1.928037789149177,0.6228070175438597,0.4705425651449816,0.2954545454545456,-0.9730468029375063,0.9545454545454546,1.2717337860007614,0.28776978417266236,-1.695624126214019,0.4863813229571983,0.3268529621640708,0.6361111111111111,0.6456752292661005,0.88,0.8011139311334778
2021-07-07,29.6,24.7,26.4,89,9.5,14.0,1006.7,16.5,218,24.4,0,0.2740740740740743,-1.2803681705754841,0.5964912280701754,0.2543593300264844,0.3068181818181817,-0.8996280819052562,0.9090909090909091,1.0797992521646478,0.3741007194244643,-1.0819888810135645,0.47081712062256803,0.23240808701638957,0.6055555555555555,0.5128538126412195,0.856,0.6661134174669557
2021-07-08,27.3,24.6,25.6,91,11.9,19.0,1007.4,15.0,216,24.1,0,0.10370370370370387,-2.3443968296608353,0.5877192982456142,0.1822982516536537,0.21590909090909113,-1.4869778501632682,0.9545454545454546,1.2717337860007614,0.42446043165467534,-0.7240349879800146,0.4124513618677042,-0.12176019478741629,0.6,0.48870446416396846,0.8320000000000002,0.5311129038004352
2021-07-09,29.3,23.7,25.8,89,22.3,20.0,1007.1,14.6,186,23.8,1,0.251851851851852,-1.419154517412704,0.5087719298245613,-0.46625145370183796,0.23863636363636379,-1.3401404080987653,0.9090909090909091,1.0797992521646478,0.4028776978417289,-0.8774437992800992,0.39688715953307385,-0.21620506993509792,0.5166666666666667,0.12646423700520207,0.8080000000000002,0.39611239013391314
2021-07-10,30.3,24.3,26.8,86,8.4,14.0,1007.2,13.1,164,24.2,0,0.32592592592592606,-0.9565333612886384,0.5614035087719299,-0.03388498346484352,0.3522727272727274,-0.6059531977762476,0.8409090909090909,0.7918974514104776,0.4100719424460471,-0.8263075288467183,0.33852140077821,-0.5703733517389038,0.45555555555555555,-0.13917859624455994,0.84,0.5761130750226082
2021-07-11,30.9,24.6,27.6,84,7.3,8.0,1008.3,11.8,144,24.5,0,0.37037037037037035,-0.6789606676142,0.5877192982456142,0.1822982516536537,0.4431818181818184,-0.018603429518232836,0.7954545454545454,0.5999629175743643,0.4892086330935227,-0.2638085540797029,0.28793774319066145,-0.8773191959688685,0.4,-0.3806720810170709,0.8640000000000001,0.7111135886891303
2021-07-12,31.6,25.2,27.7,85,6.1,6.0,1008.3,14.3,136,24.7,0,0.42222222222222244,-0.35512585832735283,0.6403508771929824,0.6146647218906456,0.45454545454545453,0.05481529151401737,0.8181818181818182,0.695930184492421,0.4892086330935227,-0.2638085540797029,0.38521400778210113,-0.28703872629585886,0.37777777777777777,-0.47726947492607524,0.88,0.8011139311334778
2021-07-13,30.4,24.4,27.2,87,9.5,16.0,1007.4,12.7,148,24.7,0,0.3333333333333333,-0.9102712456762329,0.5701754385964911,0.03817609490798718,0.3977272727272727,-0.3122783136472415,0.8636363636363636,0.8878647183285344,0.42446043165467534,-0.7240349879800146,0.3229571984435797,-0.6648182268865854,0.4111111111111111,-0.33237338406256867,0.88,0.8011139311334778
2021-07-14,30.5,24.6,26.7,87,22.7,20.0,1006.6,10.6,208,24.3,1,0.34074074074074084,-0.8640091300638256,0.5877192982456142,0.1822982516536537,0.3409090909090909,-0.6793719188085003,0.8636363636363636,0.8878647183285344,0.3669064748201461,-1.1331251514469454,0.24124513618677038,-1.1606538214119135,0.5777777777777777,0.3921070702549641,0.8480000000000001,0.6211132462447827
2021-07-15,28.8,24.2,26.0,91,27.7,17.0,1007.9,9.7,251,24.3,1,0.21481481481481499,-1.6504650954747369,0.5526315789473684,-0.10594606183767678,0.2613636363636364,-1.1933029660342622,0.9545454545454546,1.2717337860007614,0.46043165467625813,-0.4683536358131683,0.20622568093385207,-1.3731547904941972,0.6972222222222222,0.9113180625158626,0.8480000000000001,0.6211132462447827
2021-07-16,31.5,23.9,27.7,82,4.0,5.0,1008.8,14.6,274,24.0,0,0.4148148148148149,-0.40138797393976006,0.5263157894736841,-0.322129296956174,0.45454545454545453,0.05481529151401737,0.75,0.4080283837382508,0.5251798561151055,-0.008127201912856584,0.39688715953307385,-0.21620506993509792,0.7611111111111111,1.18903557000425,0.8240000000000001,0.48611273257826065
2021-07-17,32.2,24.5,27.9,80,5.5,7.0,1006.8,17.1,257,24.0,0,0.466666666666667,-0.07755316465291279,0.5789473684210527,0.11023717328082044,0.4772727272727271,0.2016527335785204,0.7045454545454546,0.21609384990213737,0.38129496402877433,-1.0308526105802418,0.4941634241245136,0.3740753997379122,0.7138888888888889,0.9837661079476159,0.8240000000000001,0.48611273257826065
2021-07-18,30.4,25.1,26.9,88,18.4,18.0,1006.2,18.1,247,24.7,1,0.3333333333333333,-0.9102712456762329,0.6315789473684211,0.5426036435178149,0.36363636363636354,-0.5325344767439973,0.8863636363636364,0.9838319852465911,0.33812949640288154,-1.337670233180411,0.5330739299610895,0.6101875876071161,0.6861111111111111,0.8630193655613604,0.88,0.8011139311334778
2021-07-19,29.7,25.4,26.7,87,2.7,8.0,1007.3,16.6,234,24.2,0,0.28148148148148155,-1.2341060549630785,0.6578947368421051,0.7587868786363096,0.3409090909090909,-0.6793719188085003,0.8636363636363636,0.8878647183285344,0.4172661870503571,-0.7751712584133955,0.47470817120622566,0.2560193058033103,0.65,0.7060486004592282,0.84,0.5761130750226082
2021-07-20,31.2,25.0,27.5,84,7.5,4.0,1008.0,23.7,240,24.4,0,0.39259259259259266,-0.54017432077698,0.6228070175438597,0.4705425651449816,0.4318181818181819,-0.09202215055048565,0.7954545454545454,0.5999629175743643,0.4676258992805763,-0.41721736537978743,0.7509727626459142,1.9324158396746574,0.6666666666666666,0.7784966458909816,0.856,0.6661134174669557
2021-07-21,30.2,25.0,27.1,87,8.8,8.0,1007.7,22.9,234,24.7,0,0.3185185185185186,-1.0027954769010456,0.6228070175438597,0.4705425651449816,0.3863636363636366,-0.3856970346794917,0.8636363636363636,0.8878647183285344,0.4460431654676299,-0.5706261766798719,0.7198443579766536,1.743526089379294,0.65,0.7060486004592282,0.88,0.8011139311334778
2021-07-22,29.5,25.0,27.1,87,1.8,7.0,1007.1,16.3,232,24.7,0,0.2666666666666668,-1.3266302861878914,0.6228070175438597,0.4705425651449816,0.3863636363636366,-0.3856970346794917,0.8636363636363636,0.8878647183285344,0.4028776978417289,-0.8774437992800992,0.4630350194552529,0.18518564944254895,0.6444444444444445,0.6818992519819772,0.88,0.8011139311334778
2021-07-23,29.8,25.5,27.4,85,4.9,9.0,1006.6,27.3,245,24.7,0,0.28888888888888903,-1.1878439393506712,0.6666666666666666,0.8308479570091428,0.42045454545454536,-0.16544087158273846,0.8181818181818182,0.695930184492421,0.3669064748201461,-1.1331251514469454,0.8910505836575874,2.782419716003792,0.6805555555555556,0.8388700170841094,0.88,0.8011139311334778
2021-07-24,31.5,25.9,28.1,82,1.5,6.0,1006.2,21.9,244,24.6,0,0.4148148148148149,-0.40138797393976006,0.7017543859649121,1.1190922705004707,0.5000000000000002,0.34849017564302603,0.75,0.4080283837382508,0.33812949640288154,-1.337670233180411,0.6809338521400777,1.5074139015100902,0.6777777777777778,0.8267953428454837,0.8720000000000002,0.7561137599113048
2021-07-25,29.7,25.9,27.3,86,5.1,10.0,1006.9,28.7,239,24.6,0,0.28148148148148155,-1.2341060549630785,0.7017543859649121,1.1190922705004707,0.4090909090909092,-0.23885959261498868,0.8409090909090909,0.7918974514104776,0.3884892086330925,-0.9797163401468609,0.9455252918287935,3.112976779020677,0.6638888888888889,0.766421971652356,0.8720000000000002,0.7561137599113048
2021-07-26,31.3,25.0,27.8,83,3.4,9.0,1006.2,19.8,245,24.6,0,0.40000000000000013,-0.49391220516457285,0.6228070175438597,0.4705425651449816,0.46590909090909105,0.12823401254627018,0.7727272727272727,0.5039956506563075,0.33812949640288154,-1.337670233180411,0.5992217898832685,1.0115783069847626,0.6805555555555556,0.8388700170841094,0.8720000000000002,0.7561137599113048
2021-07-27,31.4,25.3,27.8,83,8.5,6.0,1005.6,22.4,246,24.7,0,0.4074074074074074,-0.44765008955216723,0.6491228070175439,0.6867258002634788,0.46590909090909105,0.12823401254627018,0.7727272727272727,0.5039956506563075,0.2949640287769805,-1.6444878557806382,0.7003891050583657,1.6254699954446923,0.6833333333333333,0.8509446913227349,0.88,0.8011139311334778
2021-07-28,30.9,25.8,27.4,84,9.9,8.0,1005.5,24.7,245,24.5,0,0.37037037037037035,-0.6789606676142,0.6929824561403509,1.04703119212764,0.42045454545454536,-0.16544087158273846,0.7954545454545454,0.5999629175743643,0.28776978417266236,-1.695624126214019,0.78988326848249,2.168528027543861,0.6805555555555556,0.8388700170841094,0.8640000000000001,0.7111135886891303
2021-07-29,29.8,25.2,26.8,88,14.0,16.0,1006.5,21.2,236,24.6,1,0.28888888888888903,-1.1878439393506712,0.6403508771929824,0.6146647218906456,0.3522727272727274,-0.6059531977762476,0.8863636363636364,0.9838319852465911,0.35971223021582793,-1.1842614218803265,0.6536964980544745,1.3421353700016476,0.6555555555555556,0.7301979489364794,0.8720000000000002,0.7561137599113048
2021-07-30,30.0,24.9,26.8,89,17.5,14.0,1007.5,22.0,238,24.7,1,0.3037037037037038,-1.0953197081258585,0.6140350877192982,0.39848148677214834,0.3522727272727274,-0.6059531977762476,0.9090909090909091,1.0797992521646478,0.4316546762589935,-0.6728987175466338,0.6848249027237354,1.5310251202970109,0.6611111111111111,0.7543472974137305,0.88,0.8011139311334778
2021-07-31,31.4,25.1,27.6,85,6.9,8.0,1007.5,17.7,234,24.8,0,0.4074074074074074,-0.44765008955216723,0.6315789473684211,0.5426036435178149,0.4431818181818184,-0.018603429518232836,0.8181818181818182,0.695930184492421,0.4316546762589935,-0.6728987175466338,0.5175097276264591,0.515742712459434,0.65,0.7060486004592282,0.8880000000000001,0.8461141023556523
2021-08-01,32.2,25.1,27.9,83,2.9,4.0,1006.3,23.7,244,24.6,0,0.466666666666667,-0.07755316465291279,0.6315789473684211,0.5426036435178149,0.4772727272727271,0.2016527335785204,0.7727272727272727,0.5039956506563075,0.34532374100719154,-1.2865339627470882,0.7509727626459142,1.9324158396746574,0.6777777777777778,0.8267953428454837,0.8720000000000002,0.7561137599113048
2021-08-02,31.3,25.7,28.1,82,5.4,8.0,1006.5,22.1,245,24.7,0,0.40000000000000013,-0.49391220516457285,0.6842105263157894,0.9749701137548068,0.5000000000000002,0.34849017564302603,0.75,0.4080283837382508,0.35971223021582793,-1.1842614218803265,0.688715953307393,1.5546363390839317,0.6805555555555556,0.8388700170841094,0.88,0.8011139311334778
2021-08-03,30.4,26.0,28.0,81,3.4,9.0,1007.3,22.8,244,24.3,0,0.3333333333333333,-0.9102712456762329,0.7105263157894737,1.191153348873304,0.4886363636363637,0.2750714546107732,0.7272727272727273,0.3120611168201941,0.4172661870503571,-0.7751712584133955,0.715953307392996,1.7199148705923744,0.6777777777777778,0.8267953428454837,0.8480000000000001,0.6211132462447827
2021-08-04,32.5,25.8,28.1,81,2.8,4.0,1007.8,23.7,243,24.5,0,0.488888888888889,0.061233182184305575,0.6929824561403509,1.04703119212764,0.5000000000000002,0.34849017564302603,0.7272727272727273,0.3120611168201941,0.4532374100719399,-0.5194899062465492,0.7509727626459142,1.9324158396746574,0.675,0.8147206686068582,0.8640000000000001,0.7111135886891303
2021-08-05,31.3,25.8,27.7,84,2.6,7.0,1007.8,25.0,238,24.7,0,0.40000000000000013,-0.49391220516457285,0.6929824561403509,1.04703119212764,0.45454545454545453,0.05481529151401737,0.7954545454545454,0.5999629175743643,0.4532374100719399,-0.5194899062465492,0.801556420233463,2.239361683904623,0.6611111111111111,0.7543472974137305,0.88,0.8011139311334778
2021-08-06,32.1,25.4,28.1,82,2.0,5.0,1008.0,21.0,240,24.6,0,0.4592592592592595,-0.12381528026532002,0.6578947368421051,0.7587868786363096,0.5000000000000002,0.34849017564302603,0.75,0.4080283837382508,0.4676258992805763,-0.41721736537978743,0.6459143968871596,1.294912932427807,0.6666666666666666,0.7784966458909816,0.8720000000000002,0.7561137599113048
2021-08-07,32.4,25.3,28.0,84,3.5,7.0,1008.3,19.9,248,24.9,0,0.48148148148148145,0.014971066571898358,0.6491228070175439,0.6867258002634788,0.4886363636363637,0.2750714546107732,0.7954545454545454,0.5999629175743643,0.4892086330935227,-0.2638085540797029,0.6031128404669259,1.0351895257716826,0.6888888888888889,0.8750940397999859,0.8959999999999999,0.8911142735778254
2021-08-08,31.9,25.3,28.2,83,6.7,9.0,1008.0,15.3,245,24.9,0,0.4444444444444444,-0.21633951149013445,0.6491228070175439,0.6867258002634788,0.5113636363636364,0.4219088966752762,0.7727272727272727,0.5039956506563075,0.4676258992805763,-0.41721736537978743,0.42412451361867703,-0.05092653842665494,0.6805555555555556,0.8388700170841094,0.8959999999999999,0.8911142735778254
2021-08-09,32.0,25.9,28.5,82,1.3,9.0,1007.0,15.1,233,25.1,0,0.45185185185185195,-0.17007739587772722,0.7017543859649121,1.1190922705004707,0.5454545454545455,0.6421650597720321,0.75,0.4080283837382508,0.3956834532374107,-0.9285800697134801,0.4163424124513618,-0.09814897600049598,0.6472222222222223,0.6939739262206027,0.9120000000000001,0.9811146160221744
2021-08-10,30.7,25.7,27.5,87,11.6,14.0,1006.5,19.4,209,25.1,0,0.3555555555555556,-0.7714848988390128,0.6842105263157894,0.9749701137548068,0.4318181818181819,-0.09202215055048565,0.8636363636363636,0.8878647183285344,0.35971223021582793,-1.1842614218803265,0.583657587548638,0.9171334318370805,0.5805555555555556,0.4041817444935896,0.9120000000000001,0.9811146160221744
2021-08-11,30.8,25.2,27.3,88,14.2,12.0,1008.6,14.5,184,24.9,0,0.3629629629629631,-0.7252227832266056,0.6403508771929824,0.6146647218906456,0.4090909090909092,-0.23885959261498868,0.8863636363636364,0.9838319852465911,0.5107913669064773,-0.11039974277956023,0.3929961089494163,-0.23981628872201824,0.5111111111111111,0.10231488852795098,0.8959999999999999,0.8911142735778254
2021-08-12,29.1,24.9,26.9,90,8.1,12.0,1010.5,13.5,201,25.1,0,0.23703703703703724,-1.511678748637517,0.6140350877192982,0.39848148677214834,0.36363636363636354,-0.5325344767439973,0.9318181818181818,1.1757665190827045,0.6474820143884903,0.8611893954544442,0.35408560311284043,-0.4759284765912221,0.5583333333333333,0.3075843505845853,0.9120000000000001,0.9811146160221744
2021-08-13,30.9,24.6,26.6,88,9.6,11.0,1008.8,15.1,217,24.3,0,0.37037037037037035,-0.6789606676142,0.5877192982456142,0.1822982516536537,0.32954545454545475,-0.7527906398407506,0.8863636363636364,0.9838319852465911,0.5251798561151055,-0.008127201912856584,0.4163424124513618,-0.09814897600049598,0.6027777777777777,0.500779138402594,0.8480000000000001,0.6211132462447827
2021-08-14,30.0,25.2,27.1,89,10.7,15.0,1007.7,16.2,241,25.0,0,0.3037037037037038,-1.0953197081258585,0.6403508771929824,0.6146647218906456,0.3863636363636366,-0.3856970346794917,0.9090909090909091,1.0797992521646478,0.4460431654676299,-0.5706261766798719,0.45914396887159525,0.16157443065562824,0.6694444444444444,0.7905713201296071,0.904,0.9361144448
2021-08-15,29.9,24.5,26.9,83,0.0,0.0,1009.4,12.8,277,23.6,0,0.2962962962962963,-1.1415818237382658,0.5789473684210527,0.11023717328082044,0.36363636363636354,-0.5325344767439973,0.7727272727272727,0.5039956506563075,0.5683453237410064,0.2986904206873706,0.32684824902723736,-0.6412070080996647,0.7694444444444445,1.2252595927201269,0.7920000000000001,0.30611204768956557
2021-08-16,32.3,23.6,27.8,81,3.7,8.0,1011.1,8.7,327,24.0,0,0.474074074074074,-0.03129104904050886,0.5000000000000001,-0.5383125320746687,0.46590909090909105,0.12823401254627018,0.7272727272727273,0.3120611168201941,0.6906474820143913,1.1680070180546713,0.1673151750972762,-1.609266978363401,0.9083333333333333,1.8289933046514042,0.8240000000000001,0.48611273257826065
2021-08-17,31.4,24.2,27.2,88,11.5,15.0,1010.3,7.9,2,24.8,0,0.4074074074074074,-0.44765008955216723,0.5526315789473684,-0.10594606183767678,0.3977272727272727,-0.3122783136472415,0.8863636363636364,0.9838319852465911,0.6330935251798538,0.7589168545876823,0.13618677042801555,-1.7981567286587639,0.005555555555555556,-2.0952758229018986,0.8880000000000001,0.8461141023556523
2021-08-18,31.7,24.0,27.3,85,15.1,7.0,1008.5,10.4,224,24.4,0,0.4296296296296297,-0.30886374271494726,0.5350877192982456,-0.2500682185833407,0.4090909090909092,-0.23885959261498868,0.8181818181818182,0.695930184492421,0.5035971223021591,-0.16153601321294112,0.23346303501945523,-1.2078762589857541,0.6222222222222222,0.5853018580729729,0.856,0.6661134174669557
2021-08-19,31.3,24.0,27.1,85,11.2,15.0,1008.0,9.6,184,24.3,0,0.40000000000000013,-0.49391220516457285,0.5350877192982456,-0.2500682185833407,0.3863636363636366,-0.3856970346794917,0.8181818181818182,0.695930184492421,0.4676258992805763,-0.41721736537978743,0.2023346303501945,-1.3967660092811174,0.5111111111111111,0.10231488852795098,0.8480000000000001,0.6211132462447827
2021-08-20,30.9,24.7,27.1,86,7.4,14.0,1008.7,12.7,157,24.6,0,0.37037037037037035,-0.6789606676142,0.5964912280701754,0.2543593300264844,0.3863636363636366,-0.3856970346794917,0.8409090909090909,0.7918974514104776,0.5179856115107955,-0.05926347234617934,0.3229571984435797,-0.6648182268865854,0.4361111111111111,-0.22370131591493878,0.8720000000000002,0.7561137599113048
2021-08-21,31.8,23.9,27.5,83,1.0,7.0,1008.9,10.0,212,24.0,0,0.43703703703703717,-0.26260162710254004,0.5263157894736841,-0.322129296956174,0.4318181818181819,-0.09202215055048565,0.7727272727272727,0.5039956506563075,0.5323741007194237,0.04300906852052431,0.21789883268482488,-1.3023211341334358,0.5888888888888889,0.4404057672094663,0.8240000000000001,0.48611273257826065
2021-08-22,31.8,24.9,27.5,84,7.4,8.0,1008.2,17.3,227,24.5,0,0.43703703703703717,-0.26260162710254004,0.6140350877192982,0.39848148677214834,0.4318181818181819,-0.09202215055048565,0.7954545454545454,0.5999629175743643,0.4820143884892127,-0.31494482451302563,0.5019455252918288,0.42129783731175285,0.6305555555555555,0.6215258807888495,0.8640000000000001,0.7111135886891303
2021-08-23,31.6,24.9,27.2,86,22.0,12.0,1007.7,15.8,237,24.4,1,0.42222222222222244,-0.35512585832735283,0.6140350877192982,0.39848148677214834,0.3977272727272727,-0.3122783136472415,0.8409090909090909,0.7918974514104776,0.4460431654676299,-0.5706261766798719,0.44357976653696496,0.067129555507947,0.6583333333333333,0.7422726231751049,0.856,0.6661134174669557
2021-08-24,29.4,24.4,26.5,88,11.4,11.0,1007.0,16.7,207,24.3,0,0.25925925925925924,-1.3728924018002986,0.5701754385964911,0.03817609490798718,0.31818181818181823,-0.8262093608730033,0.8863636363636364,0.9838319852465911,0.3956834532374107,-0.9285800697134801,0.4785992217898832,0.2796305245902302,0.575,0.38003239601633854,0.8480000000000001,0.6211132462447827
2021-08-25,28.6,24.0,25.5,91,10.1,15.0,1007.5,17.6,213,23.8,0,0.2000000000000002,-1.7429893266995498,0.5350877192982456,-0.2500682185833407,0.2045454545454546,-1.560396571195521,0.9545454545454546,1.2717337860007614,0.4316546762589935,-0.6728987175466338,0.5136186770428015,0.4921314936725142,0.5916666666666667,0.4524804414480918,0.8080000000000002,0.39611239013391314
2021-08-26,28.4,23.7,25.4,91,17.2,24.0,1007.9,16.6,208,23.8,1,0.18518518518518517,-1.835513557924364,0.5087719298245613,-0.46625145370183796,0.1931818181818181,-1.633815292227774,0.9545454545454546,1.2717337860007614,0.46043165467625813,-0.4683536358131683,0.47470817120622566,0.2560193058033103,0.5777777777777777,0.3921070702549641,0.8080000000000002,0.39611239013391314
2021-08-27,31.2,23.5,26.4,88,18.1,11.0,1007.5,18.7,226,24.2,1,0.39259259259259266,-0.54017432077698,0.4912280701754386,-0.6103736104475019,0.3068181818181817,-0.8996280819052562,0.8863636363636364,0.9838319852465911,0.4316546762589935,-0.6728987175466338,0.5564202334630349,0.751854900328638,0.6277777777777778,0.6094512065502239,0.84,0.5761130750226082
2021-08-28,29.9,23.8,26.0,87,20.2,22.0,1007.3,9.3,46,23.6,1,0.2962962962962963,-1.1415818237382658,0.5175438596491229,-0.3941903753290047,0.2613636363636364,-1.1933029660342622,0.8636363636363636,0.8878647183285344,0.4172661870503571,-0.7751712584133955,0.19066147859922178,-1.4675996656418784,0.12777777777777777,-1.5639901564023744,0.7920000000000001,0.30611204768956557
2021-08-29,29.8,23.3,26.3,88,33.1,21.0,1007.1,11.1,10,23.9,1,0.28888888888888903,-1.1878439393506712,0.4736842105263159,-0.7544957671931659,0.2954545454545456,-0.9730468029375063,0.8863636363636364,0.9838319852465911,0.4028776978417289,-0.8774437992800992,0.2607003891050583,-1.0425977274773115,0.027777777777777776,-1.998678428992894,0.816,0.44111256135608606
2021-08-30,30.2,23.5,26.3,89,21.4,18.0,1007.9,12.3,151,24.3,1,0.3185185185185186,-1.0027954769010456,0.4912280701754386,-0.6103736104475019,0.2954545454545456,-0.9730468029375063,0.9090909090909091,1.0797992521646478,0.46043165467625813,-0.4683536358131683,0.3073929961089494,-0.7592631020342666,0.41944444444444445,-0.29614936134669206,0.8480000000000001,0.6211132462447827
2021-08-31,30.8,23.9,26.7,88,13.8,13.0,1008.4,12.3,175,24.5,0,0.3629629629629631,-0.7252227832266056,0.5263157894736841,-0.322129296956174,0.3409090909090909,-0.6793719188085003,0.8863636363636364,0.9838319852465911,0.4964028776978409,-0.212672283646322,0.3073929961089494,-0.7592631020342666,0.4861111111111111,-0.006357179619678942,0.8640000000000001,0.7111135886891303
2021-09-01,31.0,23.9,26.7,87,9.5,13.0,1008.1,12.3,184,24.3,0,0.3777777777777779,-0.6326985520017928,0.5263157894736841,-0.322129296956174,0.3409090909090909,-0.6793719188085003,0.8636363636363636,0.8878647183285344,0.4748201438848945,-0.36608109494640656,0.3073929961089494,-0.7592631020342666,0.5111111111111111,0.10231488852795098,0.8480000000000001,0.6211132462447827
2021-09-02,29.5,24.2,26.7,87,30.0,21.0,1007.9,13.3,181,24.2,1,0.2666666666666668,-1.3266302861878914,0.5526315789473684,-0.10594606183767678,0.3409090909090909,-0.6793719188085003,0.8636363636363636,0.8878647183285344,0.46043165467625813,-0.4683536358131683,0.3463035019455253,-0.5231509141650628,0.5027777777777778,0.06609086581207434,0.84,0.5761130750226082
2021-09-03,30.2,23.9,26.3,87,10.4,18.0,1007.5,16.1,252,23.9,0,0.3185185185185186,-1.0027954769010456,0.5263157894736841,-0.322129296956174,0.2954545454545456,-0.9730468029375063,0.8636363636363636,0.8878647183285344,0.4316546762589935,-0.6728987175466338,0.45525291828793774,0.13796321186870833,0.7,0.9233927367544881,0.816,0.44111256135608606
2021-09-04,29.2,24.3,26.1,88,25.2,22.0,1008.0,18.8,259,23.9,1,0.2444444444444445,-1.4654166330251113,0.5614035087719299,-0.03388498346484352,0.27272727272727293,-1.1198842450020094,0.8863636363636364,0.9838319852465911,0.4676258992805763,-0.41721736537978743,0.5603112840466925,0.7754661191155587,0.7194444444444444,1.007915456424867,0.816,0.44111256135608606
2021-09-05,30.1,24.2,26.1,87,17.0,22.0,1008.4,14.0,281,23.8,0,0.31111111111111134,-1.0490575925134513,0.5526315789473684,-0.10594606183767678,0.27272727272727293,-1.1198842450020094,0.8636363636363636,0.8878647183285344,0.4964028776978409,-0.212672283646322,0.37354085603112835,-0.3578723826566202,0.7805555555555556,1.273558289674629,0.8080000000000002,0.39611239013391314
2021-09-06,30.7,23.3,26.4,87,9.7,10.0,1008.5,11.6,268,23.9,0,0.3555555555555556,-0.7714848988390128,0.4736842105263159,-0.7544957671931659,0.3068181818181817,-0.8996280819052562,0.8636363636363636,0.8878647183285344,0.5035971223021591,-0.16153601321294112,0.28015564202334625,-0.9245416335427096,0.7444444444444445,1.1165875245724968,0.816,0.44111256135608606
2021-09-07,30.6,24.2,26.5,88,9.6,12.0,1007.5,16.6,231,24.2,0,0.3481481481481484,-0.8177470144514184,0.5526315789473684,-0.10594606183767678,0.31818181818181823,-0.8262093608730033,0.8863636363636364,0.9838319852465911,0.4316546762589935,-0.6728987175466338,0.47470817120622566,0.2560193058033103,0.6416666666666667,0.6698245777433517,0.84,0.5761130750226082
2021-09-08,30.8,24.3,26.8,88,5.4,11.0,1006.3,17.6,211,24.4,0,0.3629629629629631,-0.7252227832266056,0.5614035087719299,-0.03388498346484352,0.3522727272727274,-0.6059531977762476,0.8863636363636364,0.9838319852465911,0.34532374100719154,-1.2865339627470882,0.5136186770428015,0.4921314936725142,0.5861111111111111,0.4283310929708407,0.856,0.6661134174669557
2021-09-09,30.1,24.3,26.4,87,16.0,19.0,1007.8,18.9,214,24.0,1,0.31111111111111134,-1.0490575925134513,0.5614035087719299,-0.03388498346484352,0.3068181818181817,-0.8996280819052562,0.8636363636363636,0.8878647183285344,0.4532374100719399,-0.5194899062465492,0.5642023346303501,0.7990773379024786,0.5944444444444444,0.46455511568671737,0.8240000000000001,0.48611273257826065
2021-09-10,30.5,24.9,26.9,87,5.6,17.0,1007.9,21.2,240,24.4,0,0.34074074074074084,-0.8640091300638256,0.6140350877192982,0.39848148677214834,0.36363636363636354,-0.5325344767439973,0.8636363636363636,0.8878647183285344,0.46043165467625813,-0.4683536358131683,0.6536964980544745,1.3421353700016476,0.6666666666666666,0.7784966458909816,0.856,0.6661134174669557
2021-09-11,30.9,25.0,27.2,83,2.7,14.0,1006.6,26.0,264,24.0,0,0.37037037037037035,-0.6789606676142,0.6228070175438597,0.4705425651449816,0.3977272727272727,-0.3122783136472415,0.7727272727272727,0.5039956506563075,0.3669064748201461,-1.1331251514469454,0.8404669260700389,2.4754738717738265,0.7333333333333333,1.0682888276179947,0.8240000000000001,0.48611273257826065
2021-09-12,31.0,25.2,27.7,81,1.1,6.0,1004.3,27.2,263,23.9,0,0.3777777777777779,-0.6326985520017928,0.6403508771929824,0.6146647218906456,0.45454545454545453,0.05481529151401737,0.7272727272727273,0.3120611168201941,0.20143884892086036,-2.3092593714144733,0.8871595330739298,2.758808497216871,0.7305555555555555,1.0562141533793692,0.816,0.44111256135608606
2021-09-13,31.1,25.2,26.9,87,22.3,15.0,1005.5,14.9,238,24.4,1,0.3851851851851854,-0.5864364363893856,0.6403508771929824,0.6146647218906456,0.36363636363636354,-0.5325344767439973,0.8636363636363636,0.8878647183285344,0.28776978417266236,-1.695624126214019,0.40856031128404663,-0.14537141357433658,0.6611111111111111,0.7543472974137305,0.856,0.6661134174669557
2021-09-14,29.4,24.4,26.2,90,30.1,21.0,1007.9,13.3,202,24.4,1,0.25925925925925924,-1.3728924018002986,0.5701754385964911,0.03817609490798718,0.28409090909090906,-1.0464655239697591,0.9318181818181818,1.1757665190827045,0.46043165467625813,-0.4683536358131683,0.3463035019455253,-0.5231509141650628,0.5611111111111111,0.3196590248232108,0.856,0.6661134174669557
2021-09-15,30.2,23.9,26.1,89,26.1,20.0,1009.5,14.0,165,24.0,1,0.3185185185185186,-1.0027954769010456,0.5263157894736841,-0.322129296956174,0.27272727272727293,-1.1198842450020094,0.9090909090909091,1.0797992521646478,0.5755395683453247,0.3498266911207515,0.37354085603112835,-0.3578723826566202,0.4583333333333333,-0.1271039220059344,0.8240000000000001,0.48611273257826065
2021-09-16,30.2,24.5,26.9,88,3.2,9.0,1009.4,9.7,127,24.6,0,0.3185185185185186,-1.0027954769010456,0.5789473684210527,0.11023717328082044,0.36363636363636354,-0.5325344767439973,0.8863636363636364,0.9838319852465911,0.5683453237410064,0.2986904206873706,0.20622568093385207,-1.3731547904941972,0.3527777777777778,-0.5859415430737052,0.8720000000000002,0.7561137599113048
2021-09-17,31.6,23.9,27.2,86,17.4,12.0,1008.7,8.9,155,24.6,0,0.42222222222222244,-0.35512585832735283,0.5263157894736841,-0.322129296956174,0.3977272727272727,-0.3122783136472415,0.8409090909090909,0.7918974514104776,0.5179856115107955,-0.05926347234617934,0.17509727626459143,-1.56204454078956,0.4305555555555556,-0.24785066439218986,0.8720000000000002,0.7561137599113048
2021-09-18,31.8,24.6,27.4,86,8.1,16.0,1008.3,8.5,43,24.7,0,0.43703703703703717,-0.26260162710254004,0.5877192982456142,0.1822982516536537,0.42045454545454536,-0.16544087158273846,0.8409090909090909,0.7918974514104776,0.4892086330935227,-0.2638085540797029,0.15953307392996105,-1.6564894159372416,0.11944444444444445,-1.6002141791182511,0.88,0.8011139311334778
2021-09-19,27.9,23.8,25.3,91,27.1,23.0,1008.4,13.6,234,23.8,1,0.14814814814814814,-2.066824135986397,0.5175438596491229,-0.3941903753290047,0.18181818181818196,-1.707234013260024,0.9545454545454546,1.2717337860007614,0.4964028776978409,-0.212672283646322,0.357976653696498,-0.4523172578043018,0.65,0.7060486004592282,0.8080000000000002,0.39611239013391314
2021-09-20,30.6,23.4,25.9,90,14.0,18.0,1008.1,16.1,217,23.9,0,0.3481481481481484,-0.8177470144514184,0.4824561403508771,-0.6824346888203352,0.2499999999999999,-1.266721687066515,0.9318181818181818,1.1757665190827045,0.4748201438848945,-0.36608109494640656,0.45525291828793774,0.13796321186870833,0.6027777777777777,0.500779138402594,0.816,0.44111256135608606
2021-09-21,30.4,23.9,26.6,87,5.2,6.0,1007.7,17.0,196,24.1,0,0.3333333333333333,-0.9102712456762329,0.5263157894736841,-0.322129296956174,0.32954545454545475,-0.7527906398407506,0.8636363636363636,0.8878647183285344,0.4460431654676299,-0.5706261766798719,0.49027237354085595,0.3504641809509915,0.5444444444444444,0.24721097939145753,0.8320000000000002,0.5311129038004352
2021-09-22,30.1,23.8,26.4,88,8.6,10.0,1008.0,11.2,221,24.2,0,0.31111111111111134,-1.0490575925134513,0.5175438596491229,-0.3941903753290047,0.3068181818181817,-0.8996280819052562,0.8863636363636364,0.9838319852465911,0.4676258992805763,-0.41721736537978743,0.2645914396887159,-1.0189865086903913,0.6138888888888889,0.5490778353570962,0.84,0.5761130750226082
2021-09-23,30.4,24.5,26.5,89,4.7,9.0,1008.2,11.6,265,24.5,0,0.3333333333333333,-0.9102712456762329,0.5789473684210527,0.11023717328082044,0.31818181818181823,-0.8262093608730033,0.9090909090909091,1.0797992521646478,0.4820143884892127,-0.31494482451302563,0.28015564202334625,-0.9245416335427096,0.7361111111111112,1.0803635018566202,0.8640000000000001,0.7111135886891303
2021-09-24,29.9,24.5,26.4,90,14.7,15.0,1008.3,15.8,218,24.6,0,0.2962962962962963,-1.1415818237382658,0.5789473684210527,0.11023717328082044,0.3068181818181817,-0.8996280819052562,0.9318181818181818,1.1757665190827045,0.4892086330935227,-0.2638085540797029,0.44357976653696496,0.067129555507947,0.6055555555555555,0.5128538126412195,0.8720000000000002,0.7561137599113048
2021-09-25,30.5,24.4,26.5,89,15.1,20.0,1007.9,17.4,202,24.5,1,0.34074074074074084,-0.8640091300638256,0.5701754385964911,0.03817609490798718,0.31818181818181823,-0.8262093608730033,0.9090909090909091,1.0797992521646478,0.46043165467625813,-0.4683536358131683,0.5058365758754862,0.4449090560986727,0.5611111111111111,0.3196590248232108,0.8640000000000001,0.7111135886891303
2021-09-26,31.1,23.9,26.7,87,5.5,11.0,1007.2,12.3,110,24.3,0,0.3851851851851854,-0.5864364363893856,0.5263157894736841,-0.322129296956174,0.3409090909090909,-0.6793719188085003,0.8636363636363636,0.8878647183285344,0.4100719424460471,-0.8263075288467183,0.3073929961089494,-0.7592631020342666,0.3055555555555556,-0.7912110051303395,0.8480000000000001,0.6211132462447827
2021-09-27,31.7,24.7,27.7,84,4.5,12.0,1007.5,13.8,134,24.6,0,0.4296296296296297,-0.30886374271494726,0.5964912280701754,0.2543593300264844,0.45454545454545453,0.05481529151401737,0.7954545454545454,0.5999629175743643,0.4316546762589935,-0.6728987175466338,0.3657587548638132,-0.4050948202304608,0.37222222222222223,-0.5014188234033263,0.8720000000000002,0.7561137599113048
2021-09-28,31.9,25.1,27.7,86,3.3,13.0,1008.0,10.3,106,25.0,0,0.4444444444444444,-0.21633951149013445,0.6315789473684211,0.5426036435178149,0.45454545454545453,0.05481529151401737,0.8409090909090909,0.7918974514104776,0.4676258992805763,-0.41721736537978743,0.22957198443579765,-1.2314874777726743,0.29444444444444445,-0.8395097020848417,0.904,0.9361144448
2021-09-29,31.7,24.7,27.4,86,6.1,16.0,1007.4,12.9,193,24.6,0,0.4296296296296297,-0.30886374271494726,0.5964912280701754,0.2543593300264844,0.42045454545454536,-0.16544087158273846,0.8409090909090909,0.7918974514104776,0.42446043165467534,-0.7240349879800146,0.33073929961089493,-0.6175957893127444,0.5361111111111111,0.2109869566755809,0.8720000000000002,0.7561137599113048
2021-09-30,29.9,24.4,26.8,89,10.9,13.0,1008.3,9.6,174,24.7,0,0.2962962962962963,-1.1415818237382658,0.5701754385964911,0.03817609490798718,0.3522727272727274,-0.6059531977762476,0.9090909090909091,1.0797992521646478,0.4892086330935227,-0.2638085540797029,0.2023346303501945,-1.3967660092811174,0.48333333333333334,-0.018431853858304488,0.88,0.8011139311334778
2021-10-01,30.9,24.7,26.9,88,25.2,13.0,1008.9,8.8,179,24.7,1,0.37037037037037035,-0.6789606676142,0.5964912280701754,0.2543593300264844,0.36363636363636354,-0.5325344767439973,0.8863636363636364,0.9838319852465911,0.5323741007194237,0.04300906852052431,0.17120622568093385,-1.5856557595764802,0.49722222222222223,0.04194151733482324,0.88,0.8011139311334778
2021-10-02,29.9,23.9,26.1,90,26.8,20.0,1009.4,10.3,241,24.3,1,0.2962962962962963,-1.1415818237382658,0.5263157894736841,-0.322129296956174,0.27272727272727293,-1.1198842450020094,0.9318181818181818,1.1757665190827045,0.5683453237410064,0.2986904206873706,0.22957198443579765,-1.2314874777726743,0.6694444444444444,0.7905713201296071,0.8480000000000001,0.6211132462447827
2021-10-03,29.2,23.9,26.3,89,4.4,7.0,1008.3,7.6,151,24.2,0,0.2444444444444445,-1.4654166330251113,0.5263157894736841,-0.322129296956174,0.2954545454545456,-0.9730468029375063,0.9090909090909091,1.0797992521646478,0.4892086330935227,-0.2638085540797029,0.12451361867704276,-1.868990385019525,0.41944444444444445,-0.29614936134669206,0.84,0.5761130750226082
2021-10-04,31.1,24.7,27.5,84,3.0,7.0,1006.7,8.2,321,24.4,0,0.3851851851851854,-0.5864364363893856,0.5964912280701754,0.2543593300264844,0.4318181818181819,-0.09202215055048565,0.7954545454545454,0.5999629175743643,0.3741007194244643,-1.0819888810135645,0.14785992217898827,-1.7273230722980029,0.8916666666666667,1.7565452592196509,0.856,0.6661134174669557
2021-10-05,30.5,24.3,26.7,87,27.4,21.0,1005.6,11.8,133,24.2,1,0.34074074074074084,-0.8640091300638256,0.5614035087719299,-0.03388498346484352,0.3409090909090909,-0.6793719188085003,0.8636363636363636,0.8878647183285344,0.2949640287769805,-1.6444878557806382,0.28793774319066145,-0.8773191959688685,0.36944444444444446,-0.5134934976419518,0.84,0.5761130750226082
2021-10-06,27.9,24.0,25.8,91,12.4,19.0,1004.3,9.2,240,24.2,0,0.14814814814814814,-2.066824135986397,0.5350877192982456,-0.2500682185833407,0.23863636363636379,-1.3401404080987653,0.9545454545454546,1.2717337860007614,0.20143884892086036,-2.3092593714144733,0.18677042801556415,-1.491210884428799,0.6666666666666666,0.7784966458909816,0.84,0.5761130750226082
2021-10-07,28.0,24.4,26.0,91,9.7,20.0,1003.8,12.6,252,24.4,0,0.15555555555555567,-2.0205620203739896,0.5701754385964911,0.03817609490798718,0.2613636363636364,-1.1933029660342622,0.9545454545454546,1.2717337860007614,0.16546762589927758,-2.5649407235813197,0.3190661478599221,-0.6884294456735057,0.7,0.9233927367544881,0.856,0.6661134174669557
2021-10-08,29.3,25.0,26.4,89,9.9,19.0,1004.4,21.3,256,24.5,0,0.251851851851852,-1.419154517412704,0.6228070175438597,0.4705425651449816,0.3068181818181817,-0.8996280819052562,0.9090909090909091,1.0797992521646478,0.20863309352517856,-2.2581231009810927,0.6575875486381322,1.3657465887885685,0.7111111111111111,0.9716914337089904,0.8640000000000001,0.7111135886891303
2021-10-09,29.5,24.9,26.8,88,9.3,9.0,1006.0,21.3,242,24.6,0,0.2666666666666668,-1.3266302861878914,0.6140350877192982,0.39848148677214834,0.3522727272727274,-0.6059531977762476,0.8863636363636364,0.9838319852465911,0.32374100719424515,-1.4399427740471726,0.6575875486381322,1.3657465887885685,0.6722222222222223,0.8026459943682327,0.8720000000000002,0.7561137599113048
2021-10-10,32.2,25.1,27.5,85,9.2,8.0,1005.4,19.6,244,24.6,0,0.466666666666667,-0.07755316465291279,0.6315789473684211,0.5426036435178149,0.4318181818181819,-0.09202215055048565,0.8181818181818182,0.695930184492421,0.28057553956834413,-1.7467603966474,0.5914396887159533,0.964355869410922,0.6777777777777778,0.8267953428454837,0.8720000000000002,0.7561137599113048
2021-10-11,28.7,25.3,26.5,90,20.4,18.0,1005.2,15.4,244,24.7,1,0.20740740740740746,-1.696727211087144,0.6491228070175439,0.6867258002634788,0.31818181818181823,-0.8262093608730033,0.9318181818181818,1.1757665190827045,0.26618705035971596,-1.8490329375141035,0.4280155642023346,-0.027315319639734638,0.6777777777777778,0.8267953428454837,0.88,0.8011139311334778
2021-10-12,29.0,24.5,26.0,89,35.3,21.0,1005.0,25.3,255,23.9,1,0.22962962962962974,-1.5579408642499242,0.5789473684210527,0.11023717328082044,0.2613636363636364,-1.1933029660342622,0.9090909090909091,1.0797992521646478,0.25179856115107957,-1.9513054783808652,0.8132295719844357,2.310195340265384,0.7083333333333334,0.9596167594703647,0.816,0.44111256135608606
2021-10-13,30.2,24.6,26.1,88,19.6,17.0,1003.9,20.7,259,23.9,1,0.3185185185185186,-1.0027954769010456,0.5877192982456142,0.1822982516536537,0.27272727272727293,-1.1198842450020094,0.8863636363636364,0.9838319852465911,0.17266187050359577,-2.5138044531479387,0.6342412451361866,1.2240792760670458,0.7194444444444444,1.007915456424867,0.816,0.44111256135608606
2021-10-14,31.2,24.3,26.6,89,12.0,8.0,1005.1,21.7,222,24.5,0,0.39259259259259266,-0.54017432077698,0.5614035087719299,-0.03388498346484352,0.32954545454545475,-0.7527906398407506,0.9090909090909091,1.0797992521646478,0.25899280575539774,-1.9001692079474843,0.6731517509727625,1.4601914639362497,0.6166666666666667,0.5611525095957217,0.8640000000000001,0.7111135886891303
2021-10-15,31.2,24.1,26.8,87,17.0,11.0,1006.1,15.3,229,24.3,1,0.39259259259259266,-0.54017432077698,0.5438596491228072,-0.17800714021050748,0.3522727272727274,-0.6059531977762476,0.8636363636363636,0.8878647183285344,0.3309352517985633,-1.3888065036137918,0.42412451361867703,-0.05092653842665494,0.6361111111111111,0.6456752292661005,0.8480000000000001,0.6211132462447827
2021-10-16,28.0,24.1,25.8,90,24.6,22.0,1007.6,10.1,290,24.0,1,0.15555555555555567,-2.0205620203739896,0.5438596491228072,-0.17800714021050748,0.23863636363636379,-1.3401404080987653,0.9318181818181818,1.1757665190827045,0.43884892086331173,-0.6217624471132528,0.22178988326848245,-1.2787099153465153,0.8055555555555556,1.3822303578222588,0.8240000000000001,0.48611273257826065
2021-10-17,29.4,23.7,25.7,89,12.4,7.0,1008.0,13.8,299,23.6,0,0.25925925925925924,-1.3728924018002986,0.5087719298245613,-0.46625145370183796,0.22727272727272727,-1.413559129131018,0.9090909090909091,1.0797992521646478,0.4676258992805763,-0.41721736537978743,0.3657587548638132,-0.4050948202304608,0.8305555555555556,1.4909024259698889,0.7920000000000001,0.30611204768956557
2021-10-18,30.8,23.7,27.0,85,1.2,8.0,1009.6,14.9,142,24.1,0,0.3629629629629631,-0.7252227832266056,0.5087719298245613,-0.46625145370183796,0.37500000000000006,-0.4591157557117445,0.8181818181818182,0.695930184492421,0.5827338129496429,0.4009629615541324,0.40856031128404663,-0.14537141357433658,0.39444444444444443,-0.404821429494322,0.8320000000000002,0.5311129038004352
2021-10-19,30.5,24.7,27.2,86,2.3,7.0,1012.0,14.5,110,24.6,0,0.34074074074074084,-0.8640091300638256,0.5964912280701754,0.2543593300264844,0.3977272727272727,-0.3122783136472415,0.8409090909090909,0.7918974514104776,0.7553956834532386,1.628233451954983,0.3929961089494163,-0.23981628872201824,0.3055555555555556,-0.7912110051303395,0.8720000000000002,0.7561137599113048
2021-10-20,28.8,24.0,25.7,91,25.3,13.0,1012.3,11.9,126,24.1,1,0.21481481481481499,-1.6504650954747369,0.5350877192982456,-0.2500682185833407,0.22727272727272727,-1.413559129131018,0.9545454545454546,1.2717337860007614,0.776978417266185,1.7816422632550677,0.29182879377431903,-0.8537079771819482,0.35,-0.5980162173123307,0.8320000000000002,0.5311129038004352
2021-10-21,30.6,23.8,26.7,85,3.9,9.0,1011.0,11.3,99,23.8,0,0.3481481481481484,-0.8177470144514184,0.5175438596491229,-0.3941903753290047,0.3409090909090909,-0.6793719188085003,0.8181818181818182,0.695930184492421,0.683453237410073,1.1168707476212905,0.26848249027237353,-0.9953752899034706,0.275,-0.9240324217552205,0.8080000000000002,0.39611239013391314
2021-10-22,29.7,24.1,26.2,89,12.7,11.0,1011.5,12.7,97,24.1,0,0.28148148148148155,-1.2341060549630785,0.5438596491228072,-0.17800714021050748,0.28409090909090906,-1.0464655239697591,0.9090909090909091,1.0797992521646478,0.7194244604316559,1.3725520997881366,0.3229571984435797,-0.6648182268865854,0.26944444444444443,-0.9481817702324715,0.8320000000000002,0.5311129038004352
2021-10-23,30.5,23.4,26.0,88,5.1,6.0,1011.7,11.1,360,23.7,0,0.34074074074074084,-0.8640091300638256,0.4824561403508771,-0.6824346888203352,0.2613636363636364,-1.1933029660342622,0.8863636363636364,0.9838319852465911,0.7338129496402922,1.4748246406548986,0.2607003891050583,-1.0425977274773115,1.0,2.227457554526047,0.8,0.35111221891173855
2021-10-24,31.2,23.5,26.3,87,3.0,5.0,1010.3,6.4,321,23.9,0,0.39259259259259266,-0.54017432077698,0.4912280701754386,-0.6103736104475019,0.2954545454545456,-0.9730468029375063,0.8636363636363636,0.8878647183285344,0.6330935251798538,0.7589168545876823,0.07782101167315174,-2.1523250104625697,0.8916666666666667,1.7565452592196509,0.816,0.44111256135608606
2021-10-25,30.6,23.9,26.7,86,4.6,6.0,1008.8,12.3,338,24.1,0,0.3481481481481484,-0.8177470144514184,0.5263157894736841,-0.322129296956174,0.3409090909090909,-0.6793719188085003,0.8409090909090909,0.7918974514104776,0.5251798561151055,-0.008127201912856584,0.3073929961089494,-0.7592631020342666,0.9388888888888889,1.961814721276285,0.8320000000000002,0.5311129038004352
2021-10-26,31.2,24.0,27.0,81,1.1,3.0,1007.8,12.2,11,23.4,0,0.39259259259259266,-0.54017432077698,0.5350877192982456,-0.2500682185833407,0.37500000000000006,-0.4591157557117445,0.7272727272727273,0.3120611168201941,0.4532374100719399,-0.5194899062465492,0.30350194552529175,-0.7828743208211874,0.030555555555555555,-1.9866037547542685,0.7759999999999999,0.21611170524521645
2021-10-27,29.4,24.1,26.2,85,6.3,9.0,1008.2,14.0,301,23.4,0,0.25925925925925924,-1.3728924018002986,0.5438596491228072,-0.17800714021050748,0.28409090909090906,-1.0464655239697591,0.8181818181818182,0.695930184492421,0.4820143884892127,-0.31494482451302563,0.37354085603112835,-0.3578723826566202,0.8361111111111111,1.51505177444714,0.7759999999999999,0.21611170524521645
2021-10-28,31.1,23.6,27.0,84,0.9,3.0,1009.9,16.2,128,23.9,0,0.3851851851851854,-0.5864364363893856,0.5000000000000001,-0.5383125320746687,0.37500000000000006,-0.4591157557117445,0.7954545454545454,0.5999629175743643,0.6043165467625893,0.5543717728542169,0.45914396887159525,0.16157443065562824,0.35555555555555557,-0.5738668688350796,0.816,0.44111256135608606
2021-10-29,31.4,24.2,26.8,85,10.2,8.0,1011.3,14.8,100,24.0,0,0.4074074074074074,-0.44765008955216723,0.5526315789473684,-0.10594606183767678,0.3522727272727274,-0.6059531977762476,0.8181818181818182,0.695930184492421,0.7050359712230194,1.270279558921375,0.40466926070038906,-0.16898263236125688,0.2777777777777778,-0.9119577475165949,0.8240000000000001,0.48611273257826065
2021-10-30,31.7,23.3,26.5,86,4.0,5.0,1011.1,18.3,81,23.8,0,0.4296296296296297,-0.30886374271494726,0.4736842105263159,-0.7544957671931659,0.31818181818181823,-0.8262093608730033,0.8409090909090909,0.7918974514104776,0.6906474820143913,1.1680070180546713,0.5408560311284046,0.6574100251809567,0.225,-1.1413765580504802,0.8080000000000002,0.39611239013391314
2021-10-31,30.5,24.1,26.2,87,23.8,7.0,1011.5,13.9,92,23.9,1,0.34074074074074084,-0.8640091300638256,0.5438596491228072,-0.17800714021050748,0.28409090909090906,-1.0464655239697591,0.8636363636363636,0.8878647183285344,0.7194244604316559,1.3725520997881366,0.3696498054474708,-0.3814836014435405,0.25555555555555554,-1.0085551414255993,0.816,0.44111256135608606
2021-11-01,31.3,23.8,26.6,88,10.9,6.0,1010.7,10.9,32,24.4,0,0.40000000000000013,-0.49391220516457285,0.5175438596491229,-0.3941903753290047,0.32954545454545475,-0.7527906398407506,0.8863636363636364,0.9838319852465911,0.6618705035971266,0.9634619363212059,0.2529182879377432,-1.089820165051152,0.08888888888888889,-1.733035595743132,0.856,0.6661134174669557
2021-11-02,31.3,23.0,26.9,83,0.0,0.0,1010.4,11.2,42,23.5,0,0.40000000000000013,-0.49391220516457285,0.44736842105263164,-0.970679002311663,0.36363636363636354,-0.5325344767439973,0.7727272727272727,0.5039956506563075,0.6402877697841721,0.8100531250210632,0.2645914396887159,-1.0189865086903913,0.11666666666666667,-1.6122888533568767,0.784,0.26111187646739104
2021-11-03,31.6,23.5,27.3,82,0.9,2.0,1009.6,12.9,82,23.6,0,0.42222222222222244,-0.35512585832735283,0.4912280701754386,-0.6103736104475019,0.4090909090909092,-0.23885959261498868,0.75,0.4080283837382508,0.5827338129496429,0.4009629615541324,0.33073929961089493,-0.6175957893127444,0.22777777777777777,-1.1293018838118547,0.7920000000000001,0.30611204768956557
2021-11-04,31.3,23.7,27.3,81,0.4,4.0,1009.5,16.2,110,23.5,0,0.40000000000000013,-0.49391220516457285,0.5087719298245613,-0.46625145370183796,0.4090909090909092,-0.23885959261498868,0.7272727272727273,0.3120611168201941,0.5755395683453247,0.3498266911207515,0.45914396887159525,0.16157443065562824,0.3055555555555556,-0.7912110051303395,0.784,0.26111187646739104
2021-11-05,31.6,23.9,26.8,87,6.7,4.0,1008.4,15.8,111,24.3,0,0.42222222222222244,-0.35512585832735283,0.5263157894736841,-0.322129296956174,0.3522727272727274,-0.6059531977762476,0.8636363636363636,0.8878647183285344,0.4964028776978409,-0.212672283646322,0.44357976653696496,0.067129555507947,0.30833333333333335,-0.7791363308917139,0.8480000000000001,0.6211132462447827
2021-11-06,30.9,24.5,27.0,86,3.8,9.0,1006.8,13.0,108,24.3,0,0.37037037037037035,-0.6789606676142,0.5789473684210527,0.11023717328082044,0.37500000000000006,-0.4591157557117445,0.8409090909090909,0.7918974514104776,0.38129496402877433,-1.0308526105802418,0.3346303501945525,-0.5939845705258241,0.3,-0.8153603536075905,0.8480000000000001,0.6211132462447827
2021-11-07,30.8,24.7,27.4,85,1.2,6.0,1006.8,14.4,123,24.6,0,0.3629629629629631,-0.7252227832266056,0.5964912280701754,0.2543593300264844,0.42045454545454536,-0.16544087158273846,0.8181818181818182,0.695930184492421,0.38129496402877433,-1.0308526105802418,0.3891050583657587,-0.2634275075089385,0.3416666666666667,-0.6342402400282073,0.8720000000000002,0.7561137599113048
2021-11-08,31.8,24.7,27.8,84,2.6,3.0,1007.8,18.4,99,24.6,0,0.43703703703703717,-0.26260162710254004,0.5964912280701754,0.2543593300264844,0.46590909090909105,0.12823401254627018,0.7954545454545454,0.5999629175743643,0.4532374100719399,-0.5194899062465492,0.5447470817120621,0.6810212439678767,0.275,-0.9240324217552205,0.8720000000000002,0.7561137599113048
2021-11-09,29.4,23.5,26.6,86,2.8,8.0,1008.8,8.4,345,24.0,0,0.25925925925925924,-1.3728924018002986,0.4912280701754386,-0.6103736104475019,0.32954545454545475,-0.7527906398407506,0.8409090909090909,0.7918974514104776,0.5251798561151055,-0.008127201912856584,0.15564202334630348,-1.6801006347241618,0.9583333333333334,2.046337440946664,0.8240000000000001,0.48611273257826065
2021-11-10,31.2,24.2,27.2,82,3.6,5.0,1008.7,9.4,8,23.8,0,0.39259259259259266,-0.54017432077698,0.5526315789473684,-0.10594606183767678,0.3977272727272727,-0.3122783136472415,0.75,0.4080283837382508,0.5179856115107955,-0.05926347234617934,0.19455252918287935,-1.443988446854958,0.022222222222222223,-2.022827777470145,0.8080000000000002,0.39611239013391314
2021-11-11,28.8,24.1,25.7,91,21.2,17.0,1008.8,14.1,318,24.1,1,0.21481481481481499,-1.6504650954747369,0.5438596491228072,-0.17800714021050748,0.22727272727272727,-1.413559129131018,0.9545454545454546,1.2717337860007614,0.5251798561151055,-0.008127201912856584,0.37743190661478593,-0.3342611638696999,0.8833333333333333,1.720321236503774,0.8320000000000002,0.5311129038004352
2021-11-12,30.8,23.5,25.9,88,14.9,12.0,1009.4,8.7,327,23.7,0,0.3629629629629631,-0.7252227832266056,0.4912280701754386,-0.6103736104475019,0.2499999999999999,-1.266721687066515,0.8863636363636364,0.9838319852465911,0.5683453237410064,0.2986904206873706,0.1673151750972762,-1.609266978363401,0.9083333333333333,1.8289933046514042,0.8,0.35111221891173855
2021-11-13,30.4,23.2,26.2,87,9.3,8.0,1009.3,15.2,55,23.6,0,0.3333333333333333,-0.9102712456762329,0.4649122807017544,-0.8265568455659992,0.28409090909090906,-1.0464655239697591,0.8636363636363636,0.8878647183285344,0.5611510791366883,0.24755415025398972,0.42023346303501935,-0.07453775721357567,0.1527777777777778,-1.4553180882547445,0.7920000000000001,0.30611204768956557
2021-11-14,27.6,23.8,25.2,91,11.7,13.0,1009.8,7.9,275,23.7,0,0.12592592592592614,-2.2056104828236154,0.5175438596491229,-0.3941903753290047,0.17045454545454544,-1.7806527342922769,0.9545454545454546,1.2717337860007614,0.5971223021582711,0.503235502420836,0.13618677042801555,-1.7981567286587639,0.7638888888888888,1.2011102442428756,0.8,0.35111221891173855
2021-11-15,29.5,23.4,26.0,89,16.1,6.0,1008.4,14.7,113,24.0,0,0.2666666666666668,-1.3266302861878914,0.4824561403508771,-0.6824346888203352,0.2613636363636364,-1.1933029660342622,0.9090909090909091,1.0797992521646478,0.4964028776978409,-0.212672283646322,0.4007782101167314,-0.19259385114817762,0.3138888888888889,-0.7549869824144628,0.8240000000000001,0.48611273257826065
2021-11-16,29.4,23.9,25.9,90,13.9,15.0,1008.5,10.9,73,24.0,0,0.25925925925925924,-1.3728924018002986,0.5263157894736841,-0.322129296956174,0.2499999999999999,-1.266721687066515,0.9318181818181818,1.1757665190827045,0.5035971223021591,-0.16153601321294112,0.2529182879377432,-1.089820165051152,0.20277777777777778,-1.2379739519594846,0.8240000000000001,0.48611273257826065
2021-11-17,30.5,23.8,26.2,90,12.7,10.0,1008.8,13.2,71,24.2,0,0.34074074074074084,-0.8640091300638256,0.5175438596491229,-0.3941903753290047,0.28409090909090906,-1.0464655239697591,0.9318181818181818,1.1757665190827045,0.5251798561151055,-0.008127201912856584,0.3424124513618676,-0.5467621329519835,0.19722222222222222,-1.2621233004367358,0.84,0.5761130750226082
2021-11-18,30.6,23.9,26.2,89,13.6,9.0,1008.0,18.7,111,24.2,0,0.3481481481481484,-0.8177470144514184,0.5263157894736841,-0.322129296956174,0.28409090909090906,-1.0464655239697591,0.9090909090909091,1.0797992521646478,0.4676258992805763,-0.41721736537978743,0.5564202334630349,0.751854900328638,0.30833333333333335,-0.7791363308917139,0.84,0.5761130750226082
2021-11-19,30.9,23.3,26.6,86,1.1,3.0,1007.1,10.7,7,23.8,0,0.37037037037037035,-0.6789606676142,0.4736842105263159,-0.7544957671931659,0.32954545454545475,-0.7527906398407506,0.8409090909090909,0.7918974514104776,0.4028776978417289,-0.8774437992800992,0.24513618677042795,-1.1370426026249931,0.019444444444444445,-2.0349024517087706,0.8080000000000002,0.39611239013391314
2021-11-20,30.0,23.8,26.0,91,14.9,8.0,1007.0,13.2,138,24.3,1,0.3037037037037038,-1.0953197081258585,0.5175438596491229,-0.3941903753290047,0.2613636363636364,-1.1933029660342622,0.9545454545454546,1.2717337860007614,0.3956834532374107,-0.9285800697134801,0.3424124513618676,-0.5467621329519835,0.38333333333333336,-0.45312012644882416,0.8480000000000001,0.6211132462447827
2021-11-21,31.1,22.9,26.5,87,8.7,5.0,1007.8,12.6,67,24.0,0,0.3851851851851854,-0.5864364363893856,0.4385964912280701,-1.0427400806844964,0.31818181818181823,-0.8262093608730033,0.8636363636363636,0.8878647183285344,0.4532374100719399,-0.5194899062465492,0.3190661478599221,-0.6884294456735057,0.18611111111111112,-1.3104219973912379,0.8240000000000001,0.48611273257826065
2021-11-22,28.9,24.5,26.2,88,6.7,7.0,1009.0,17.9,101,24.0,0,0.2222222222222222,-1.6042029798623314,0.5789473684210527,0.11023717328082044,0.28409090909090906,-1.0464655239697591,0.8863636363636364,0.9838319852465911,0.5395683453237419,0.0941453389539052,0.5252918287937742,0.5629651500332746,0.28055555555555556,-0.8998830732779693,0.8240000000000001,0.48611273257826065
2021-11-23,30.8,22.9,26.4,87,11.4,9.0,1008.7,9.7,96,23.8,0,0.3629629629629631,-0.7252227832266056,0.4385964912280701,-1.0427400806844964,0.3068181818181817,-0.8996280819052562,0.8636363636363636,0.8878647183285344,0.5179856115107955,-0.05926347234617934,0.20622568093385207,-1.3731547904941972,0.26666666666666666,-0.9602564444710971,0.8080000000000002,0.39611239013391314
2021-11-24,31.2,23.4,26.6,83,12.7,9.0,1009.3,7.6,351,23.3,0,0.39259259259259266,-0.54017432077698,0.4824561403508771,-0.6824346888203352,0.32954545454545475,-0.7527906398407506,0.7727272727272727,0.5039956506563075,0.5611510791366883,0.24755415025398972,0.12451361867704276,-1.868990385019525,0.975,2.118785486378417,0.7680000000000001,0.1711115340230435
2021-11-25,30.5,23.5,26.0,87,2.4,4.0,1009.5,14.0,35,23.6,0,0.34074074074074084,-0.8640091300638256,0.4912280701754386,-0.6103736104475019,0.2613636363636364,-1.1933029660342622,0.8636363636363636,0.8878647183285344,0.5755395683453247,0.3498266911207515,0.37354085603112835,-0.3578723826566202,0.09722222222222222,-1.6968115730272555,0.7920000000000001,0.30611204768956557
2021-11-26,30.6,22.9,26.5,77,0.3,1.0,1009.0,12.3,6,22.0,0,0.3481481481481484,-0.8177470144514184,0.4385964912280701,-1.0427400806844964,0.31818181818181823,-0.8262093608730033,0.6363636363636364,-0.07180795085203279,0.5395683453237419,0.0941453389539052,0.3073929961089494,-0.7592631020342666,0.016666666666666666,-2.046977125947396,0.664,-0.4138906918652179
2021-11-27,27.8,23.3,24.9,83,4.0,12.0,1009.0,15.0,6,21.8,0,0.1407407407407409,-2.1130862515988027,0.4736842105263159,-0.7544957671931659,0.13636363636363627,-2.0009088973890328,0.7727272727272727,0.5039956506563075,0.5395683453237419,0.0941453389539052,0.4124513618677042,-0.12176019478741629,0.016666666666666666,-2.046977125947396,0.6480000000000001,-0.5038910343095654
2021-11-28,29.6,22.8,25.3,87,27.0,13.0,1008.1,12.0,1,22.9,1,0.2740740740740743,-1.2803681705754841,0.4298245614035089,-1.114801159057327,0.18181818181818196,-1.707234013260024,0.8636363636363636,0.8878647183285344,0.4748201438848945,-0.36608109494640656,0.2957198443579766,-0.830096758395028,0.002777777777777778,-2.107350497140524,0.736,-0.008889150865653173
2021-11-29,27.5,23.7,25.4,90,3.1,14.0,1007.8,11.2,16,23.6,0,0.11851851851851862,-2.2518725984360226,0.5087719298245613,-0.46625145370183796,0.1931818181818181,-1.633815292227774,0.9318181818181818,1.1757665190827045,0.4532374100719399,-0.5194899062465492,0.2645914396887159,-1.0189865086903913,0.044444444444444446,-1.9262303835611407,0.7920000000000001,0.30611204768956557
2021-11-30,27.6,23.3,25.4,89,7.1,14.0,1008.9,20.5,104,23.5,0,0.12592592592592614,-2.2056104828236154,0.4736842105263159,-0.7544957671931659,0.1931818181818181,-1.633815292227774,0.9090909090909091,1.0797992521646478,0.5323741007194237,0.04300906852052431,0.6264591439688716,1.1768568384932052,0.28888888888888886,-0.8636590505620927,0.784,0.26111187646739104
2021-12-01,29.5,22.4,25.6,84,1.0,4.0,1010.0,9.7,5,22.5,0,0.2666666666666668,-1.3266302861878914,0.3947368421052631,-1.4030454725486576,0.21590909090909113,-1.4869778501632682,0.7954545454545454,0.5999629175743643,0.6115107913669074,0.6055080432875978,0.20622568093385207,-1.3731547904941972,0.013888888888888888,-2.0590518001860216,0.7040000000000001,-0.18888983575434823
2021-12-02,29.8,21.1,25.2,78,0.0,0.0,1010.9,8.2,340,21.0,0,0.28888888888888903,-1.1878439393506712,0.2807017543859651,-2.3398394913954745,0.17045454545454544,-1.7806527342922769,0.6590909090909091,0.02415931606602393,0.6762589928057549,1.0657344771879096,0.14785992217898827,-1.7273230722980029,0.9444444444444444,1.9859640697535361,0.5840000000000001,-0.8638924040869571
2021-12-03,28.8,20.9,24.7,77,0.0,0.0,1012.4,11.2,353,20.3,0,0.21481481481481499,-1.6504650954747369,0.26315789473684204,-2.483961648141141,0.11363636363636363,-2.1477463394535357,0.6363636363636364,-0.07180795085203279,0.7841726618705033,1.8327785336884486,0.2645914396887159,-1.0189865086903913,0.9805555555555555,2.1429348348556685,0.5280000000000001,-1.1788936026421744
2021-12-04,27.9,19.8,23.8,77,0.0,0.0,1012.5,10.6,353,19.2,0,0.14814814814814814,-2.066824135986397,0.16666666666666682,-3.276633510242294,0.011363636363636524,-2.808514828743801,0.6363636363636364,-0.07180795085203279,0.7913669064748214,1.8839148041218294,0.24124513618677038,-1.1606538214119135,0.9805555555555555,2.1429348348556685,0.44,-1.6738954860860882
2021-12-05,28.8,17.9,23.7,75,0.0,0.0,1011.5,12.3,321,18.7,0,0.21481481481481499,-1.6504650954747369,0.0,-4.645793999326108,0.0,-2.8819335497760536,0.5909090909090909,-0.2637424846881462,0.7194244604316559,1.3725520997881366,0.3073929961089494,-0.7592631020342666,0.8916666666666667,1.7565452592196509,0.4,-1.8988963421969578
2021-12-06,29.6,20.9,25.2,79,0.4,3.0,1010.9,11.4,6,21.1,0,0.2740740740740743,-1.2803681705754841,0.26315789473684204,-2.483961648141141,0.17045454545454544,-1.7806527342922769,0.6818181818181818,0.12012658298408065,0.6762589928057549,1.0657344771879096,0.2723735408560311,-0.9717640711165502,0.016666666666666666,-2.046977125947396,0.5920000000000002,-0.8188922328647825
2021-12-07,29.5,20.8,25.3,78,0.0,0.0,1011.4,8.6,343,21.0,0,0.2666666666666668,-1.3266302861878914,0.2543859649122808,-2.5560227265139717,0.18181818181818196,-1.707234013260024,0.6590909090909091,0.02415931606602393,0.7122302158273377,1.3214158293547558,0.16342412451361862,-1.6328781971503212,0.9527777777777777,2.022188092469413,0.5840000000000001,-0.8638924040869571
2021-12-08,30.5,20.3,25.5,77,0.0,0.0,1011.6,9.7,31,21.0,0,0.34074074074074084,-0.8640091300638256,0.21052631578947384,-2.916328118378133,0.2045454545454546,-1.560396571195521,0.6363636363636364,-0.07180795085203279,0.726618705035974,1.4236883702215177,0.20622568093385207,-1.3731547904941972,0.08611111111111111,-1.7451102699817576,0.5840000000000001,-0.8638924040869571
2021-12-09,30.2,22.3,25.7,85,3.6,4.0,1011.8,11.7,354,22.8,0,0.3185185185185186,-1.0027954769010456,0.38596491228070184,-1.4751065509214882,0.22727272727272727,-1.413559129131018,0.8181818181818182,0.695930184492421,0.7410071942446023,1.5259609110882213,0.2840466926070038,-0.9009304147557893,0.9833333333333333,2.155009509094294,0.7280000000000001,-0.05388932208782614
2021-12-10,30.1,21.2,25.6,78,0.0,0.0,1011.6,10.7,5,21.2,0,0.31111111111111134,-1.0490575925134513,0.2894736842105263,-2.267778413022644,0.21590909090909113,-1.4869778501632682,0.6590909090909091,0.02415931606602393,0.726618705035974,1.4236883702215177,0.24513618677042795,-1.1370426026249931,0.013888888888888888,-2.0590518001860216,0.6,-0.7738920616426096
2021-12-11,30.0,19.5,24.9,78,0.0,0.0,1011.9,8.8,320,20.5,0,0.3037037037037038,-1.0953197081258585,0.14035087719298256,-3.4928167453607912,0.13636363636363627,-2.0009088973890328,0.6590909090909091,0.02415931606602393,0.7482014388489204,1.5770971815216022,0.17120622568093385,-1.5856557595764802,0.8888888888888888,1.7444705849810254,0.544,-1.0888932601978267
2021-12-12,30.7,21.8,26.2,80,0.0,0.0,1010.9,9.4,327,22.0,0,0.3555555555555556,-0.7714848988390128,0.34210526315789486,-1.8354119427856495,0.28409090909090906,-1.0464655239697591,0.7045454545454546,0.21609384990213737,0.6762589928057549,1.0657344771879096,0.19455252918287935,-1.443988446854958,0.9083333333333333,1.8289933046514042,0.664,-0.4138906918652179
2021-12-13,30.7,23.3,26.5,75,0.0,0.0,1010.3,11.9,31,21.3,0,0.3555555555555556,-0.7714848988390128,0.4736842105263159,-0.7544957671931659,0.31818181818181823,-0.8262093608730033,0.5909090909090909,-0.2637424846881462,0.6330935251798538,0.7589168545876823,0.29182879377431903,-0.8537079771819482,0.08611111111111111,-1.7451102699817576,0.6080000000000001,-0.728891890420435
2021-12-14,30.7,22.5,26.5,72,0.0,0.0,1009.1,8.9,64,20.9,0,0.3555555555555556,-0.7714848988390128,0.4035087719298246,-1.3309843941758244,0.31818181818181823,-0.8262093608730033,0.5227272727272727,-0.5516442854423164,0.54676258992806,0.14528160938728607,0.17509727626459143,-1.56204454078956,0.17777777777777778,-1.3466460201071146,0.576,-0.9088925753091317
2021-12-15,31.5,22.9,26.8,77,0.0,0.0,1008.7,9.7,46,22.1,0,0.4148148148148149,-0.40138797393976006,0.4385964912280701,-1.0427400806844964,0.3522727272727274,-0.6059531977762476,0.6363636363636364,-0.07180795085203279,0.5179856115107955,-0.05926347234617934,0.20622568093385207,-1.3731547904941972,0.12777777777777777,-1.5639901564023744,0.6720000000000002,-0.3688905206430433
2021-12-16,31.9,23.8,27.6,79,0.2,1.0,1009.1,11.5,103,23.4,0,0.4444444444444444,-0.21633951149013445,0.5175438596491229,-0.3941903753290047,0.4431818181818184,-0.018603429518232836,0.6818181818181818,0.12012658298408065,0.54676258992806,0.14528160938728607,0.2762645914396887,-0.9481528523296299,0.2861111111111111,-0.8757337248007183,0.7759999999999999,0.21611170524521645
2021-12-17,32.5,24.2,27.5,76,1.0,6.0,1009.2,15.9,90,22.7,0,0.488888888888889,0.061233182184305575,0.5526315789473684,-0.10594606183767678,0.4318181818181819,-0.09202215055048565,0.6136363636363636,-0.1677752177700895,0.5539568345323783,0.19641787982066697,0.44747081712062253,0.09074077429486731,0.25,-1.0327044899028504,0.72,-0.0988894933100007
2021-12-18,33.1,21.9,27.4,65,0.0,0.0,1009.0,18.8,17,19.5,0,0.5333333333333335,0.3388058758587456,0.35087719298245607,-1.7633508644128186,0.42045454545454536,-0.16544087158273846,0.36363636363636365,-1.2234151538687135,0.5395683453237419,0.0941453389539052,0.5603112840466925,0.7754661191155587,0.04722222222222222,-1.9141557093225152,0.4640000000000001,-1.538894972419566
2021-12-19,29.9,24.3,26.8,55,0.0,0.0,1009.2,22.7,354,16.9,0,0.2962962962962963,-1.1415818237382658,0.5614035087719299,-0.03388498346484352,0.3522727272727274,-0.6059531977762476,0.13636363636363635,-2.1830878230492807,0.5539568345323783,0.19641787982066697,0.7120622568093383,1.6963036518054535,0.9833333333333333,2.155009509094294,0.25599999999999995,-2.7088994241960886
2021-12-20,29.9,21.6,26.0,66,0.0,0.0,1011.2,10.6,315,18.7,0,0.2962962962962963,-1.1415818237382658,0.3245614035087721,-1.9795340995313133,0.2613636363636364,-1.1933029660342622,0.38636363636363635,-1.1274478869506568,0.6978417266187095,1.2191432884880522,0.24124513618677038,-1.1606538214119135,0.875,1.6840972137878976,0.4,-1.8988963421969578
2021-12-21,31.8,22.3,26.8,73,0.0,0.0,1011.6,14.8,137,21.1,0,0.43703703703703717,-0.26260162710254004,0.38596491228070184,-1.4751065509214882,0.3522727272727274,-0.6059531977762476,0.5454545454545454,-0.4556770185242597,0.726618705035974,1.4236883702215177,0.40466926070038906,-0.16898263236125688,0.38055555555555554,-0.4651948006874497,0.5920000000000002,-0.8188922328647825
2021-12-22,32.1,23.8,26.9,76,2.0,8.0,1010.9,15.6,119,22.0,0,0.4592592592592595,-0.12381528026532002,0.5175438596491229,-0.3941903753290047,0.36363636363636354,-0.5325344767439973,0.6136363636363636,-0.1677752177700895,0.6762589928057549,1.0657344771879096,0.43579766536964976,0.01990711793410597,0.33055555555555555,-0.6825389369827095,0.664,-0.4138906918652179
2021-12-23,32.0,23.0,26.9,75,0.0,0.0,1010.6,15.2,117,21.6,0,0.45185185185185195,-0.17007739587772722,0.44736842105263164,-0.970679002311663,0.36363636363636354,-0.5325344767439973,0.5909090909090909,-0.2637424846881462,0.6546762589928085,0.912325665887825,0.42023346303501935,-0.07453775721357567,0.325,-0.7066882854599607,0.6320000000000001,-0.5938913767539129
2021-12-24,31.5,22.6,26.9,73,0.2,2.0,1010.7,12.7,96,21.1,0,0.4148148148148149,-0.40138797393976006,0.41228070175438614,-1.258923315802991,0.36363636363636354,-0.5325344767439973,0.5454545454545454,-0.4556770185242597,0.6618705035971266,0.9634619363212059,0.3229571984435797,-0.6648182268865854,0.26666666666666666,-0.9602564444710971,0.5920000000000002,-0.8188922328647825
2021-12-25,32.6,22.5,27.5,71,0.2,1.0,1011.1,9.7,121,21.2,0,0.4962962962962965,0.1074952977967128,0.4035087719298246,-1.3309843941758244,0.4318181818181819,-0.09202215055048565,0.5,-0.647611552360373,0.6906474820143913,1.1680070180546713,0.20622568093385207,-1.3731547904941972,0.33611111111111114,-0.6583895885054585,0.6,-0.7738920616426096
2021-12-26,32.6,22.8,27.8,70,0.0,0.0,1012.0,10.1,62,21.2,0,0.4962962962962965,0.1074952977967128,0.4298245614035089,-1.114801159057327,0.46590909090909105,0.12823401254627018,0.4772727272727273,-0.7435788192784298,0.7553956834532386,1.628233451954983,0.22178988326848245,-1.2787099153465153,0.17222222222222222,-1.3707953685843657,0.6,-0.7738920616426096
2021-12-27,32.0,23.3,27.0,77,6.2,10.0,1012.5,9.7,360,22.3,0,0.45185185185185195,-0.17007739587772722,0.4736842105263159,-0.7544957671931659,0.37500000000000006,-0.4591157557117445,0.6363636363636364,-0.07180795085203279,0.7913669064748214,1.8839148041218294,0.20622568093385207,-1.3731547904941972,1.0,2.227457554526047,0.6880000000000002,-0.27889017819869577
2021-12-28,31.9,23.2,26.5,82,4.9,4.0,1012.1,16.3,11,22.8,0,0.4444444444444444,-0.21633951149013445,0.4649122807017544,-0.8265568455659992,0.31818181818181823,-0.8262093608730033,0.75,0.4080283837382508,0.7625899280575569,1.679369722388364,0.4630350194552529,0.18518564944254895,0.030555555555555555,-1.9866037547542685,0.7280000000000001,-0.05388932208782614
2021-12-29,30.5,23.0,26.6,78,0.2,2.0,1011.9,11.0,22,22.2,0,0.34074074074074084,-0.8640091300638256,0.44736842105263164,-0.970679002311663,0.32954545454545475,-0.7527906398407506,0.6590909090909091,0.02415931606602393,0.7482014388489204,1.5770971815216022,0.25680933852140075,-1.066208946264232,0.06111111111111111,-1.8537823381293876,0.68,-0.3238903494208703
2021-12-30,32.7,22.6,27.3,64,1.3,3.0,1012.6,15.8,35,19.4,0,0.503703703703704,0.15375741340912003,0.41228070175438614,-1.258923315802991,0.4090909090909092,-0.23885959261498868,0.3409090909090909,-1.3193824207867701,0.7985611510791396,1.9350510745552103,0.44357976653696496,0.067129555507947,0.09722222222222222,-1.6968115730272555,0.45599999999999996,-1.5838951436417406
2021-12-31,31.9,22.6,27.1,61,0.0,0.0,1012.7,14.1,38,18.4,0,0.4444444444444444,-0.21633951149013445,0.41228070175438614,-1.258923315802991,0.3863636363636366,-0.3856970346794917,0.2727272727272727,-1.6072842215409402,0.8057553956834578,1.9861873449885912,0.37743190661478593,-0.3342611638696999,0.10555555555555556,-1.6605875503113787,0.37599999999999995,-2.03389685586348
2022-01-01,32.9,23.0,27.3,58,0.0,0.0,1012.4,14.5,43,17.9,0,0.5185185185185185,0.24628164463393118,0.44736842105263164,-0.970679002311663,0.4090909090909092,-0.23885959261498868,0.20454545454545456,-1.8951860222951105,0.7841726618705033,1.8327785336884486,0.3929961089494163,-0.23981628872201824,0.11944444444444445,-1.6002141791182511,0.33599999999999997,-2.2588977119743494
2022-01-02,33.0,23.1,27.9,60,0.0,0.0,1011.7,11.2,43,18.9,0,0.525925925925926,0.2925437602463384,0.4561403508771931,-0.8986179239388299,0.4772727272727271,0.2016527335785204,0.25,-1.703251488458997,0.7338129496402922,1.4748246406548986,0.2645914396887159,-1.0189865086903913,0.11944444444444445,-1.6002141791182511,0.4159999999999999,-1.8088959997526102
2022-01-03,32.3,24.3,27.8,66,0.2,2.0,1011.0,12.7,58,20.5,0,0.474074074074074,-0.03129104904050886,0.5614035087719299,-0.03388498346484352,0.46590909090909105,0.12823401254627018,0.38636363636363635,-1.1274478869506568,0.683453237410073,1.1168707476212905,0.3229571984435797,-0.6648182268865854,0.16111111111111112,-1.419094065538868,0.544,-1.0888932601978267
2022-01-04,33.3,23.3,27.7,67,1.4,3.0,1011.0,16.9,31,20.7,0,0.548148148148148,0.43133010708355674,0.4736842105263159,-0.7544957671931659,0.45454545454545453,0.05481529151401737,0.4090909090909091,-1.0314806200325999,0.683453237410073,1.1168707476212905,0.4863813229571983,0.3268529621640708,0.08611111111111111,-1.7451102699817576,0.56,-0.9988929177534792
2022-01-05,32.3,23.4,27.6,70,0.9,7.0,1010.9,12.6,168,21.2,0,0.474074074074074,-0.03129104904050886,0.4824561403508771,-0.6824346888203352,0.4431818181818184,-0.018603429518232836,0.4772727272727273,-0.7435788192784298,0.6762589928057549,1.0657344771879096,0.3190661478599221,-0.6884294456735057,0.4666666666666667,-0.09087989929005777,0.6,-0.7738920616426096
2022-01-06,31.4,24.0,27.4,75,1.1,4.0,1011.3,12.1,60,22.3,0,0.4074074074074074,-0.44765008955216723,0.5350877192982456,-0.2500682185833407,0.42045454545454536,-0.16544087158273846,0.5909090909090909,-0.2637424846881462,0.7050359712230194,1.270279558921375,0.2996108949416342,-0.8064855396081076,0.16666666666666666,-1.3949447170616167,0.6880000000000002,-0.27889017819869577
2022-01-07,32.8,23.6,27.5,74,0.4,2.0,1012.0,15.3,108,22.0,0,0.511111111111111,0.20001952902152395,0.5000000000000001,-0.5383125320746687,0.4318181818181819,-0.09202215055048565,0.5681818181818182,-0.35970975160620294,0.7553956834532386,1.628233451954983,0.42412451361867703,-0.05092653842665494,0.3,-0.8153603536075905,0.664,-0.4138906918652179
2022-01-08,33.9,23.1,27.6,68,0.1,1.0,1011.7,16.4,67,20.3,0,0.5925925925925926,0.7089028007579968,0.4561403508771931,-0.8986179239388299,0.4431818181818184,-0.018603429518232836,0.4318181818181818,-0.9355133531145432,0.7338129496402922,1.4748246406548986,0.4669260700389104,0.20879686822946883,0.18611111111111112,-1.3104219973912379,0.5280000000000001,-1.1788936026421744
2022-01-09,32.9,22.3,27.2,72,0.0,0.0,1010.9,18.9,102,20.8,0,0.5185185185185185,0.24628164463393118,0.38596491228070184,-1.4751065509214882,0.3977272727272727,-0.3122783136472415,0.5227272727272727,-0.5516442854423164,0.6762589928057549,1.0657344771879096,0.5642023346303501,0.7990773379024786,0.2833333333333333,-0.8878083990393438,0.5680000000000001,-0.9538927465313046
2022-01-10,31.8,24.0,27.6,69,2.9,6.0,1011.3,12.8,106,21.1,0,0.43703703703703717,-0.26260162710254004,0.5350877192982456,-0.2500682185833407,0.4431818181818184,-0.018603429518232836,0.45454545454545453,-0.8395460861964865,0.7050359712230194,1.270279558921375,0.32684824902723736,-0.6412070080996647,0.29444444444444445,-0.8395097020848417,0.5920000000000002,-0.8188922328647825
2022-01-11,33.7,23.3,27.6,64,0.1,1.0,1012.2,21.0,106,19.6,0,0.5777777777777781,0.6163785695331856,0.4736842105263159,-0.7544957671931659,0.4431818181818184,-0.018603429518232836,0.3409090909090909,-1.3193824207867701,0.769784172661875,1.7305059928217448,0.6459143968871596,1.294912932427807,0.29444444444444445,-0.8395097020848417,0.4720000000000002,-1.4938948011973914
2022-01-12,32.8,21.9,26.8,60,0.0,0.0,1012.8,18.0,108,17.8,0,0.511111111111111,0.20001952902152395,0.35087719298245607,-1.7633508644128186,0.3522727272727274,-0.6059531977762476,0.25,-1.703251488458997,0.8129496402877678,2.037323615421914,0.5291828793774318,0.5865763688201954,0.3,-0.8153603536075905,0.3280000000000001,-2.3038978831965222
2022-01-13,32.7,22.2,26.6,64,0.0,0.0,1012.7,19.2,115,18.4,0,0.503703703703704,0.15375741340912003,0.37719298245614036,-1.5471676292943215,0.32954545454545475,-0.7527906398407506,0.3409090909090909,-1.3193824207867701,0.8057553956834578,1.9861873449885912,0.5758754863813228,0.8699109942632399,0.3194444444444444,-0.7308376339372117,0.37599999999999995,-2.03389685586348
2022-01-14,32.8,21.0,26.6,56,0.0,0.0,1012.8,15.9,91,16.2,0,0.511111111111111,0.20001952902152395,0.2719298245614036,-2.411900569768308,0.32954545454545475,-0.7527906398407506,0.1590909090909091,-2.087120556131224,0.8129496402877678,2.037323615421914,0.44747081712062253,0.09074077429486731,0.25277777777777777,-1.0206298156642248,0.2,-3.023900622751306
2022-01-15,33.0,21.3,26.7,64,0.0,0.0,1012.2,17.9,111,18.4,0,0.525925925925926,0.2925437602463384,0.29824561403508787,-2.1957173346498107,0.3409090909090909,-0.6793719188085003,0.3409090909090909,-1.3193824207867701,0.769784172661875,1.7305059928217448,0.5252918287937742,0.5629651500332746,0.30833333333333335,-0.7791363308917139,0.37599999999999995,-2.03389685586348
2022-01-16,33.7,21.5,27.0,63,0.0,0.0,1011.9,19.1,112,18.6,0,0.5777777777777781,0.6163785695331856,0.31578947368421056,-2.051595177904147,0.37500000000000006,-0.4591157557117445,0.3181818181818182,-1.4153496877048268,0.7482014388489204,1.5770971815216022,0.5719844357976653,0.8462997754763201,0.3111111111111111,-0.7670616566530883,0.3920000000000002,-1.9438965134191306
2022-01-17,32.0,23.2,27.4,63,0.4,3.0,1011.9,16.3,121,19.4,0,0.45185185185185195,-0.17007739587772722,0.4649122807017544,-0.8265568455659992,0.42045454545454536,-0.16544087158273846,0.3181818181818182,-1.4153496877048268,0.7482014388489204,1.5770971815216022,0.4630350194552529,0.18518564944254895,0.33611111111111114,-0.6583895885054585,0.45599999999999996,-1.5838951436417406
2022-01-18,34.0,22.6,27.6,62,0.0,0.0,1011.0,17.7,107,18.9,0,0.6000000000000001,0.755164916370404,0.41228070175438614,-1.258923315802991,0.4431818181818184,-0.018603429518232836,0.29545454545454547,-1.5113169546228835,0.683453237410073,1.1168707476212905,0.5175097276264591,0.515742712459434,0.2972222222222222,-0.8274350278462161,0.4159999999999999,-1.8088959997526102
2022-01-19,33.4,22.6,27.2,65,0.0,0.0,1010.0,17.7,150,19.3,0,0.5555555555555556,0.47759222269596396,0.41228070175438614,-1.258923315802991,0.3977272727272727,-0.3122783136472415,0.36363636363636365,-1.2234151538687135,0.6115107913669074,0.6055080432875978,0.5175097276264591,0.515742712459434,0.4166666666666667,-0.3082240355853176,0.4480000000000001,-1.6288953148639136
2022-01-20,33.0,22.5,27.3,65,0.8,5.0,1009.6,18.2,189,19.5,0,0.525925925925926,0.2925437602463384,0.4035087719298246,-1.3309843941758244,0.4090909090909092,-0.23885959261498868,0.36363636363636365,-1.2234151538687135,0.5827338129496429,0.4009629615541324,0.536964980544747,0.633798806394036,0.525,0.1626882597210787,0.4640000000000001,-1.538894972419566
2022-01-21,32.9,22.9,27.2,68,0.1,1.0,1010.0,18.9,137,20.1,0,0.5185185185185185,0.24628164463393118,0.4385964912280701,-1.0427400806844964,0.3977272727272727,-0.3122783136472415,0.4318181818181818,-0.9355133531145432,0.6115107913669074,0.6055080432875978,0.5642023346303501,0.7990773379024786,0.38055555555555554,-0.4651948006874497,0.5120000000000001,-1.2688939450865218
2022-01-22,33.7,23.0,27.2,68,0.0,0.0,1009.2,22.0,148,20.1,0,0.5777777777777781,0.6163785695331856,0.44736842105263164,-0.970679002311663,0.3977272727272727,-0.3122783136472415,0.4318181818181818,-0.9355133531145432,0.5539568345323783,0.19641787982066697,0.6848249027237354,1.5310251202970109,0.4111111111111111,-0.33237338406256867,0.5120000000000001,-1.2688939450865218
2022-01-23,32.7,23.3,27.3,71,0.2,2.0,1009.4,15.2,147,21.0,0,0.503703703703704,0.15375741340912003,0.4736842105263159,-0.7544957671931659,0.4090909090909092,-0.23885959261498868,0.5,-0.647611552360373,0.5683453237410064,0.2986904206873706,0.42023346303501935,-0.07453775721357567,0.4083333333333333,-0.34444805830119424,0.5840000000000001,-0.8638924040869571
2022-01-24,33.3,23.3,27.5,73,0.0,0.0,1009.3,17.7,127,21.5,0,0.548148148148148,0.43133010708355674,0.4736842105263159,-0.7544957671931659,0.4318181818181819,-0.09202215055048565,0.5454545454545454,-0.4556770185242597,0.5611510791366883,0.24755415025398972,0.5175097276264591,0.515742712459434,0.3527777777777778,-0.5859415430737052,0.6240000000000001,-0.6388915479760875
2022-01-25,32.1,23.3,27.1,75,1.1,5.0,1009.6,16.6,142,21.9,0,0.4592592592592595,-0.12381528026532002,0.4736842105263159,-0.7544957671931659,0.3863636363636366,-0.3856970346794917,0.5909090909090909,-0.2637424846881462,0.5827338129496429,0.4009629615541324,0.47470817120622566,0.2560193058033103,0.39444444444444443,-0.404821429494322,0.6559999999999999,-0.4588908630873924
2022-01-26,34.3,23.3,27.8,71,0.2,2.0,1009.6,22.4,101,21.4,0,0.6222222222222221,0.8939512632076224,0.4736842105263159,-0.7544957671931659,0.46590909090909105,0.12823401254627018,0.5,-0.647611552360373,0.5827338129496429,0.4009629615541324,0.7003891050583657,1.6254699954446923,0.28055555555555556,-0.8998830732779693,0.616,-0.6838917191982621
2022-01-27,34.8,23.3,27.8,70,0.1,1.0,1009.2,22.4,131,20.7,0,0.6592592592592591,1.1252618412696551,0.4736842105263159,-0.7544957671931659,0.46590909090909105,0.12823401254627018,0.4772727272727273,-0.7435788192784298,0.5539568345323783,0.19641787982066697,0.7003891050583657,1.6254699954446923,0.3638888888888889,-0.537642846119203,0.56,-0.9988929177534792
2022-01-28,34.8,22.7,28.3,67,0.0,0.0,1009.6,11.3,258,20.3,0,0.6592592592592591,1.1252618412696551,0.42105263157894735,-1.1868622374301603,0.5227272727272728,0.49532761770752903,0.4090909090909091,-1.0314806200325999,0.5827338129496429,0.4009629615541324,0.26848249027237353,-0.9953752899034706,0.7166666666666667,0.9958407821862414,0.5280000000000001,-1.1788936026421744
2022-01-29,33.8,23.3,27.8,73,0.3,3.0,1009.4,19.0,178,21.7,0,0.585185185185185,0.6626406851455896,0.4736842105263159,-0.7544957671931659,0.46590909090909105,0.12823401254627018,0.5454545454545454,-0.4556770185242597,0.5683453237410064,0.2986904206873706,0.5680933852140077,0.8226885566893993,0.49444444444444446,0.029866843096197696,0.64,-0.54889120553174
2022-01-30,32.4,24.4,27.6,72,0.3,3.0,1009.9,20.3,153,21.7,0,0.48148148148148145,0.014971066571898358,0.5701754385964911,0.03817609490798718,0.4431818181818184,-0.018603429518232836,0.5227272727272727,-0.5516442854423164,0.6043165467625893,0.5543717728542169,0.6186770428015563,1.1296344009193646,0.425,-0.272000012869441,0.64,-0.54889120553174
2022-01-31,34.2,23.5,27.8,67,0.0,0.0,1009.7,20.8,134,20.5,0,0.6148148148148151,0.8476891475952184,0.4912280701754386,-0.6103736104475019,0.46590909090909105,0.12823401254627018,0.4090909090909091,-1.0314806200325999,0.589928057553961,0.4520992319875133,0.6381322957198442,1.2476904948539664,0.37222222222222223,-0.5014188234033263,0.544,-1.0888932601978267
2022-02-01,36.0,23.7,28.5,61,0.0,0.0,1009.6,25.0,126,19.2,0,0.7481481481481482,1.6804072286185352,0.5087719298245613,-0.46625145370183796,0.5454545454545455,0.6421650597720321,0.2727272727272727,-1.6072842215409402,0.5827338129496429,0.4009629615541324,0.801556420233463,2.239361683904623,0.35,-0.5980162173123307,0.44,-1.6738954860860882
2022-02-02,35.7,23.9,28.6,60,0.0,0.0,1010.5,20.2,129,19.4,0,0.7259259259259262,1.5416208817813168,0.5263157894736841,-0.322129296956174,0.556818181818182,0.7155837808042849,0.25,-1.703251488458997,0.6474820143884903,0.8611893954544442,0.6147859922178988,1.1060231821324438,0.35833333333333334,-0.561792194596454,0.45599999999999996,-1.5838951436417406
2022-02-03,35.3,23.7,28.7,62,0.1,1.0,1010.0,19.2,120,20.0,0,0.6962962962962962,1.356572419331688,0.5087719298245613,-0.46625145370183796,0.5681818181818181,0.7890025018365351,0.29545454545454547,-1.5113169546228835,0.6115107913669074,0.6055080432875978,0.5758754863813228,0.8699109942632399,0.3333333333333333,-0.670464262744084,0.504,-1.3138941163086963
2022-02-04,35.5,24.4,29.2,62,0.2,2.0,1009.4,16.6,101,20.4,0,0.7111111111111112,1.4490966505565024,0.5701754385964911,0.03817609490798718,0.625,1.156096106997794,0.29545454545454547,-1.5113169546228835,0.5683453237410064,0.2986904206873706,0.47470817120622566,0.2560193058033103,0.28055555555555556,-0.8998830732779693,0.5359999999999999,-1.1338934314200013
2022-02-05,34.4,24.1,29.1,59,0.3,2.0,1009.7,11.8,64,19.4,0,0.6296296296296297,0.9402133788200295,0.5438596491228072,-0.17800714021050748,0.6136363636363639,1.0826773859655436,0.22727272727272727,-1.7992187553770538,0.589928057553961,0.4520992319875133,0.28793774319066145,-0.8773191959688685,0.17777777777777778,-1.3466460201071146,0.45599999999999996,-1.5838951436417406
2022-02-06,35.5,23.7,28.6,56,0.4,2.0,1010.4,20.5,63,18.6,0,0.7111111111111112,1.4490966505565024,0.5087719298245613,-0.46625145370183796,0.556818181818182,0.7155837808042849,0.1590909090909091,-2.087120556131224,0.6402877697841721,0.8100531250210632,0.6264591439688716,1.1768568384932052,0.175,-1.3587206943457402,0.3920000000000002,-1.9438965134191306
2022-02-07,35.8,24.5,29.1,61,0.4,3.0,1010.1,17.6,113,20.1,0,0.7333333333333333,1.5878829973937207,0.5789473684210527,0.11023717328082044,0.6136363636363639,1.0826773859655436,0.2727272727272727,-1.6072842215409402,0.6187050359712256,0.6566443137209788,0.5136186770428015,0.4921314936725142,0.3138888888888889,-0.7549869824144628,0.5120000000000001,-1.2688939450865218
2022-02-08,35.5,25.2,29.3,58,1.0,3.0,1009.9,17.5,113,19.8,0,0.7111111111111112,1.4490966505565024,0.6403508771929824,0.6146647218906456,0.6363636363636365,1.2295148280300467,0.20454545454545456,-1.8951860222951105,0.6043165467625893,0.5543717728542169,0.5097276264591439,0.46852027488559345,0.3138888888888889,-0.7549869824144628,0.4880000000000001,-1.403894458753044
2022-02-09,35.6,24.8,29.3,58,0.1,1.0,1009.8,18.7,106,19.6,0,0.7185185185185188,1.4953587661689096,0.605263157894737,0.3264204083993177,0.6363636363636365,1.2295148280300467,0.20454545454545456,-1.8951860222951105,0.5971223021582711,0.503235502420836,0.5564202334630349,0.751854900328638,0.29444444444444445,-0.8395097020848417,0.4720000000000002,-1.4938948011973914
2022-02-10,36.0,24.8,29.4,59,1.0,1.0,1009.1,17.1,105,20.0,0,0.7481481481481482,1.6804072286185352,0.605263157894737,0.3264204083993177,0.6477272727272726,1.3029335490622969,0.22727272727272727,-1.7992187553770538,0.54676258992806,0.14528160938728607,0.4941634241245136,0.3740753997379122,0.2916666666666667,-0.8515843763234672,0.504,-1.3138941163086963
2022-02-11,35.3,24.7,28.9,61,0.4,2.0,1008.5,18.5,120,20.0,0,0.6962962962962962,1.356572419331688,0.5964912280701754,0.2543593300264844,0.5909090909090908,0.9358399439010381,0.2727272727272727,-1.6072842215409402,0.5035971223021591,-0.16153601321294112,0.5486381322957198,0.7046324627547973,0.3333333333333333,-0.670464262744084,0.504,-1.3138941163086963
2022-02-12,35.0,25.4,28.8,62,0.2,1.0,1007.8,20.3,124,20.3,0,0.6740740740740742,1.2177860724944696,0.6578947368421051,0.7587868786363096,0.5795454545454547,0.8624212228687879,0.29545454545454547,-1.5113169546228835,0.4532374100719399,-0.5194899062465492,0.6186770428015563,1.1296344009193646,0.34444444444444444,-0.6221655657895818,0.5280000000000001,-1.1788936026421744
2022-02-13,33.5,24.9,27.9,71,8.1,4.0,1007.0,18.9,118,21.9,0,0.5629629629629631,0.5238543383083711,0.6140350877192982,0.39848148677214834,0.4772727272727271,0.2016527335785204,0.5,-0.647611552360373,0.3956834532374107,-0.9285800697134801,0.5642023346303501,0.7990773379024786,0.3277777777777778,-0.6946136112213351,0.6559999999999999,-0.4588908630873924
2022-02-14,34.3,24.8,28.7,70,0.1,1.0,1007.4,19.8,114,22.1,0,0.6222222222222221,0.8939512632076224,0.605263157894737,0.3264204083993177,0.5681818181818181,0.7890025018365351,0.4772727272727273,-0.7435788192784298,0.42446043165467534,-0.7240349879800146,0.5992217898832685,1.0115783069847626,0.31666666666666665,-0.7429123081758373,0.6720000000000002,-0.3688905206430433
2022-02-15,34.3,24.7,28.4,68,1.2,4.0,1008.1,27.0,113,21.4,0,0.6222222222222221,0.8939512632076224,0.5964912280701754,0.2543593300264844,0.534090909090909,0.5687463387397792,0.4318181818181818,-0.9355133531145432,0.4748201438848945,-0.36608109494640656,0.8793774319066148,2.7115860596430306,0.3138888888888889,-0.7549869824144628,0.616,-0.6838917191982621
2022-02-16,34.1,24.7,28.4,67,0.1,1.0,1007.6,24.9,129,21.2,0,0.6074074074074076,0.8014270319828112,0.5964912280701754,0.2543593300264844,0.534090909090909,0.5687463387397792,0.4090909090909091,-1.0314806200325999,0.43884892086331173,-0.6217624471132528,0.7976653696498054,2.215750465117702,0.35833333333333334,-0.561792194596454,0.6,-0.7738920616426096
2022-02-17,34.2,24.4,28.3,70,0.1,1.0,1007.6,22.1,135,21.6,0,0.6148148148148151,0.8476891475952184,0.5701754385964911,0.03817609490798718,0.5227272727272728,0.49532761770752903,0.4772727272727273,-0.7435788192784298,0.43884892086331173,-0.6217624471132528,0.688715953307393,1.5546363390839317,0.375,-0.4893441491647008,0.6320000000000001,-0.5938913767539129
2022-02-18,34.7,24.4,28.5,71,1.2,4.0,1008.4,21.3,132,22.2,0,0.6518518518518521,1.0789997256572512,0.5701754385964911,0.03817609490798718,0.5454545454545455,0.6421650597720321,0.5,-0.647611552360373,0.4964028776978409,-0.212672283646322,0.6575875486381322,1.3657465887885685,0.36666666666666664,-0.5255681718805775,0.68,-0.3238903494208703
2022-02-19,33.9,24.6,28.4,71,1.2,4.0,1009.7,16.9,138,22.3,0,0.5925925925925926,0.7089028007579968,0.5877192982456142,0.1822982516536537,0.534090909090909,0.5687463387397792,0.5,-0.647611552360373,0.589928057553961,0.4520992319875133,0.4863813229571983,0.3268529621640708,0.38333333333333336,-0.45312012644882416,0.6880000000000002,-0.27889017819869577
2022-02-20,32.4,24.6,27.6,77,3.6,3.0,1009.5,19.5,140,22.9,0,0.48148148148148145,0.014971066571898358,0.5877192982456142,0.1822982516536537,0.4431818181818184,-0.018603429518232836,0.6363636363636364,-0.07180795085203279,0.5755395683453247,0.3498266911207515,0.5875486381322956,0.9407446506240013,0.3888888888888889,-0.42897077797157307,0.736,-0.008889150865653173
2022-02-21,33.0,24.1,27.3,75,5.8,6.0,1010.2,15.5,132,22.2,0,0.525925925925926,0.2925437602463384,0.5438596491228072,-0.17800714021050748,0.4090909090909092,-0.23885959261498868,0.5909090909090909,-0.2637424846881462,0.6258992805755439,0.7077805841543596,0.4319066147859922,-0.003704100852814333,0.36666666666666664,-0.5255681718805775,0.68,-0.3238903494208703
2022-02-22,32.8,23.2,27.2,76,2.9,7.0,1011.2,15.3,9,22.2,0,0.511111111111111,0.20001952902152395,0.4649122807017544,-0.8265568455659992,0.3977272727272727,-0.3122783136472415,0.6136363636363636,-0.1677752177700895,0.6978417266187095,1.2191432884880522,0.42412451361867703,-0.05092653842665494,0.025,-2.0107531032315196,0.68,-0.3238903494208703
2022-02-23,33.4,23.6,27.6,75,1.0,4.0,1011.8,14.8,44,22.2,0,0.5555555555555556,0.47759222269596396,0.5000000000000001,-0.5383125320746687,0.4431818181818184,-0.018603429518232836,0.5909090909090909,-0.2637424846881462,0.7410071942446023,1.5259609110882213,0.40466926070038906,-0.16898263236125688,0.12222222222222222,-1.5881395048796254,0.68,-0.3238903494208703
2022-02-24,33.4,22.6,27.3,66,0.0,0.0,1012.3,12.4,28,19.8,0,0.5555555555555556,0.47759222269596396,0.41228070175438614,-1.258923315802991,0.4090909090909092,-0.23885959261498868,0.38636363636363635,-1.1274478869506568,0.776978417266185,1.7816422632550677,0.31128404669260695,-0.7356518832473463,0.07777777777777778,-1.7813342926976343,0.4880000000000001,-1.403894458753044
2022-02-25,33.9,23.2,27.8,57,0.1,1.0,1012.1,17.3,44,18.0,0,0.5925925925925926,0.7089028007579968,0.4649122807017544,-0.8265568455659992,0.46590909090909105,0.12823401254627018,0.18181818181818182,-1.9911532892131671,0.7625899280575569,1.679369722388364,0.5019455252918288,0.42129783731175285,0.12222222222222222,-1.5881395048796254,0.3440000000000001,-2.213897540752175
2022-02-26,34.6,22.6,28.3,60,0.4,2.0,1011.5,14.7,69,19.3,0,0.6444444444444447,1.032737610044844,0.41228070175438614,-1.258923315802991,0.5227272727272728,0.49532761770752903,0.25,-1.703251488458997,0.7194244604316559,1.3725520997881366,0.4007782101167314,-0.19259385114817762,0.19166666666666668,-1.2862726489139868,0.4480000000000001,-1.6288953148639136
2022-02-27,35.3,23.7,28.9,59,0.1,1.0,1011.1,17.8,104,19.6,0,0.6962962962962962,1.356572419331688,0.5087719298245613,-0.46625145370183796,0.5909090909090908,0.9358399439010381,0.22727272727272727,-1.7992187553770538,0.6906474820143913,1.1680070180546713,0.5214007782101167,0.5393539312463548,0.28888888888888886,-0.8636590505620927,0.4720000000000002,-1.4938948011973914
2022-02-28,35.8,24.1,29.2,59,0.7,2.0,1010.6,17.1,114,19.7,0,0.7333333333333333,1.5878829973937207,0.5438596491228072,-0.17800714021050748,0.625,1.156096106997794,0.22727272727272727,-1.7992187553770538,0.6546762589928085,0.912325665887825,0.4941634241245136,0.3740753997379122,0.31666666666666665,-0.7429123081758373,0.48,-1.4488946299752186
2022-03-01,35.1,24.9,29.3,58,0.0,0.0,1010.5,15.8,127,19.7,0,0.6814814814814817,1.2640481881068768,0.6140350877192982,0.39848148677214834,0.6363636363636365,1.2295148280300467,0.20454545454545456,-1.8951860222951105,0.6474820143884903,0.8611893954544442,0.44357976653696496,0.067129555507947,0.3527777777777778,-0.5859415430737052,0.48,-1.4488946299752186
2022-03-02,33.1,25.0,28.6,59,0.0,0.0,1010.1,17.2,118,19.6,0,0.5333333333333335,0.3388058758587456,0.6228070175438597,0.4705425651449816,0.556818181818182,0.7155837808042849,0.22727272727272727,-1.7992187553770538,0.6187050359712256,0.6566443137209788,0.4980544747081711,0.3976866185248321,0.3277777777777778,-0.6946136112213351,0.4720000000000002,-1.4938948011973914
2022-03-03,34.3,25.1,29.1,62,0.4,3.0,1009.8,17.6,134,20.8,0,0.6222222222222221,0.8939512632076224,0.6315789473684211,0.5426036435178149,0.6136363636363639,1.0826773859655436,0.29545454545454547,-1.5113169546228835,0.5971223021582711,0.503235502420836,0.5136186770428015,0.4921314936725142,0.37222222222222223,-0.5014188234033263,0.5680000000000001,-0.9538927465313046
2022-03-04,36.5,24.4,29.4,59,0.1,1.0,1009.0,19.3,128,20.1,0,0.7851851851851853,1.911717806680568,0.5701754385964911,0.03817609490798718,0.6477272727272726,1.3029335490622969,0.22727272727272727,-1.7992187553770538,0.5395683453237419,0.0941453389539052,0.5797665369649805,0.8935222130501607,0.35555555555555557,-0.5738668688350796,0.5120000000000001,-1.2688939450865218
2022-03-05,36.4,25.1,29.4,64,1.5,4.0,1008.6,20.8,133,21.2,0,0.7777777777777778,1.8654556910681608,0.6315789473684211,0.5426036435178149,0.6477272727272726,1.3029335490622969,0.3409090909090909,-1.3193824207867701,0.5107913669064773,-0.11039974277956023,0.6381322957198442,1.2476904948539664,0.36944444444444446,-0.5134934976419518,0.6,-0.7738920616426096
2022-03-06,35.5,25.1,29.0,65,2.3,3.0,1008.7,22.4,136,21.3,0,0.7111111111111112,1.4490966505565024,0.6315789473684211,0.5426036435178149,0.6022727272727273,1.0092586649332909,0.36363636363636365,-1.2234151538687135,0.5179856115107955,-0.05926347234617934,0.7003891050583657,1.6254699954446923,0.37777777777777777,-0.47726947492607524,0.6080000000000001,-0.728891890420435
2022-03-07,35.2,25.0,28.8,67,2.0,1.0,1009.3,21.5,130,21.5,0,0.6888888888888892,1.310310303719284,0.6228070175438597,0.4705425651449816,0.5795454545454547,0.8624212228687879,0.4090909090909091,-1.0314806200325999,0.5611510791366883,0.24755415025398972,0.6653696498054474,1.412969026362409,0.3611111111111111,-0.5497175203578285,0.6240000000000001,-0.6388915479760875
2022-03-08,35.0,23.5,28.4,64,0.0,0.0,1008.9,20.2,139,20.2,0,0.6740740740740742,1.2177860724944696,0.4912280701754386,-0.6103736104475019,0.534090909090909,0.5687463387397792,0.3409090909090909,-1.3193824207867701,0.5323741007194237,0.04300906852052431,0.6147859922178988,1.1060231821324438,0.3861111111111111,-0.4410454522101986,0.52,-1.223893773864349
2022-03-09,34.5,24.0,28.5,62,0.3,3.0,1008.5,20.3,115,20.1,0,0.6370370370370372,0.9864754944324368,0.5350877192982456,-0.2500682185833407,0.5454545454545455,0.6421650597720321,0.29545454545454547,-1.5113169546228835,0.5035971223021591,-0.16153601321294112,0.6186770428015563,1.1296344009193646,0.3194444444444444,-0.7308376339372117,0.5120000000000001,-1.2688939450865218
2022-03-10,33.0,23.6,27.4,67,0.2,2.0,1008.1,19.9,145,20.3,0,0.525925925925926,0.2925437602463384,0.5000000000000001,-0.5383125320746687,0.42045454545454536,-0.16544087158273846,0.4090909090909091,-1.0314806200325999,0.4748201438848945,-0.36608109494640656,0.6031128404669259,1.0351895257716826,0.4027777777777778,-0.3685974067784453,0.5280000000000001,-1.1788936026421744
2022-03-11,35.3,23.1,28.5,63,0.0,0.0,1007.0,21.9,104,19.8,0,0.6962962962962962,1.356572419331688,0.4561403508771931,-0.8986179239388299,0.5454545454545455,0.6421650597720321,0.3181818181818182,-1.4153496877048268,0.3956834532374107,-0.9285800697134801,0.6809338521400777,1.5074139015100902,0.28888888888888886,-0.8636590505620927,0.4880000000000001,-1.403894458753044
2022-03-12,35.3,23.7,28.5,66,0.0,0.0,1006.7,25.0,157,20.8,0,0.6962962962962962,1.356572419331688,0.5087719298245613,-0.46625145370183796,0.5454545454545455,0.6421650597720321,0.38636363636363635,-1.1274478869506568,0.3741007194244643,-1.0819888810135645,0.801556420233463,2.239361683904623,0.4361111111111111,-0.22370131591493878,0.5680000000000001,-0.9538927465313046
2022-03-13,35.1,25.5,29.3,66,5.1,6.0,1006.8,19.7,117,21.9,0,0.6814814814814817,1.2640481881068768,0.6666666666666666,0.8308479570091428,0.6363636363636365,1.2295148280300467,0.38636363636363635,-1.1274478869506568,0.38129496402877433,-1.0308526105802418,0.5953307392996108,0.9879670881978418,0.325,-0.7066882854599607,0.6559999999999999,-0.4588908630873924
2022-03-14,35.4,25.9,29.0,71,1.4,4.0,1007.5,17.4,136,22.9,0,0.7037037037037037,1.4028345349440952,0.7017543859649121,1.1190922705004707,0.6022727272727273,1.0092586649332909,0.5,-0.647611552360373,0.4316546762589935,-0.6728987175466338,0.5058365758754862,0.4449090560986727,0.37777777777777777,-0.47726947492607524,0.736,-0.008889150865653173
2022-03-15,35.1,25.1,28.8,72,0.1,1.0,1006.8,19.4,138,22.7,0,0.6814814814814817,1.2640481881068768,0.6315789473684211,0.5426036435178149,0.5795454545454547,0.8624212228687879,0.5227272727272727,-0.5516442854423164,0.38129496402877433,-1.0308526105802418,0.583657587548638,0.9171334318370805,0.38333333333333336,-0.45312012644882416,0.72,-0.0988894933100007
2022-03-16,33.5,25.0,28.7,70,0.5,4.0,1007.0,18.0,140,22.2,0,0.5629629629629631,0.5238543383083711,0.6228070175438597,0.4705425651449816,0.5681818181818181,0.7890025018365351,0.4772727272727273,-0.7435788192784298,0.3956834532374107,-0.9285800697134801,0.5291828793774318,0.5865763688201954,0.3888888888888889,-0.42897077797157307,0.68,-0.3238903494208703
2022-03-17,35.0,24.9,29.1,69,0.0,0.0,1006.8,18.1,143,22.1,0,0.6740740740740742,1.2177860724944696,0.6140350877192982,0.39848148677214834,0.6136363636363639,1.0826773859655436,0.45454545454545453,-0.8395460861964865,0.38129496402877433,-1.0308526105802418,0.5330739299610895,0.6101875876071161,0.3972222222222222,-0.3927467552556964,0.6720000000000002,-0.3688905206430433
2022-03-18,34.5,25.8,29.0,72,2.3,4.0,1006.9,15.7,146,23.1,0,0.6370370370370372,0.9864754944324368,0.6929824561403509,1.04703119212764,0.6022727272727273,1.0092586649332909,0.5227272727272727,-0.5516442854423164,0.3884892086330925,-0.9797163401468609,0.43968871595330733,0.04351833672102628,0.40555555555555556,-0.3565227325398198,0.7520000000000002,0.08111119157869595
2022-03-19,34.5,24.2,28.4,74,1.8,4.0,1006.5,21.7,134,22.9,0,0.6370370370370372,0.9864754944324368,0.5526315789473684,-0.10594606183767678,0.534090909090909,0.5687463387397792,0.5681818181818182,-0.35970975160620294,0.35971223021582793,-1.1842614218803265,0.6731517509727625,1.4601914639362497,0.37222222222222223,-0.5014188234033263,0.736,-0.008889150865653173
2022-03-20,34.4,25.2,28.7,74,0.8,4.0,1007.5,19.7,132,23.2,0,0.6296296296296297,0.9402133788200295,0.6403508771929824,0.6146647218906456,0.5681818181818181,0.7890025018365351,0.5681818181818182,-0.35970975160620294,0.4316546762589935,-0.6728987175466338,0.5953307392996108,0.9879670881978418,0.36666666666666664,-0.5255681718805775,0.76,0.12611136280086893
2022-03-21,32.7,25.3,28.3,75,2.8,11.0,1009.1,26.1,135,23.2,0,0.503703703703704,0.15375741340912003,0.6491228070175439,0.6867258002634788,0.5227272727272728,0.49532761770752903,0.5909090909090909,-0.2637424846881462,0.54676258992806,0.14528160938728607,0.8443579766536965,2.4990850905607473,0.375,-0.4893441491647008,0.76,0.12611136280086893
2022-03-22,30.8,25.4,27.7,78,4.6,9.0,1009.9,19.3,139,23.4,0,0.3629629629629631,-0.7252227832266056,0.6578947368421051,0.7587868786363096,0.45454545454545453,0.05481529151401737,0.6590909090909091,0.02415931606602393,0.6043165467625893,0.5543717728542169,0.5797665369649805,0.8935222130501607,0.3861111111111111,-0.4410454522101986,0.7759999999999999,0.21611170524521645
2022-03-23,33.6,24.7,28.3,77,1.6,3.0,1009.2,16.9,134,23.6,0,0.5703703703703705,0.5701164539207784,0.5964912280701754,0.2543593300264844,0.5227272727272728,0.49532761770752903,0.6363636363636364,-0.07180795085203279,0.5539568345323783,0.19641787982066697,0.4863813229571983,0.3268529621640708,0.37222222222222223,-0.5014188234033263,0.7920000000000001,0.30611204768956557
2022-03-24,32.8,25.1,28.4,78,2.2,7.0,1008.8,19.8,142,23.9,0,0.511111111111111,0.20001952902152395,0.6315789473684211,0.5426036435178149,0.534090909090909,0.5687463387397792,0.6590909090909091,0.02415931606602393,0.5251798561151055,-0.008127201912856584,0.5992217898832685,1.0115783069847626,0.39444444444444443,-0.404821429494322,0.816,0.44111256135608606
2022-03-25,34.9,25.3,29.4,72,0.0,0.0,1009.6,20.5,140,23.4,0,0.6666666666666666,1.1715239568820623,0.6491228070175439,0.6867258002634788,0.6477272727272726,1.3029335490622969,0.5227272727272727,-0.5516442854423164,0.5827338129496429,0.4009629615541324,0.6264591439688716,1.1768568384932052,0.3888888888888889,-0.42897077797157307,0.7759999999999999,0.21611170524521645
2022-03-26,35.4,24.8,29.7,71,0.0,0.0,1009.9,17.0,149,23.1,0,0.7037037037037037,1.4028345349440952,0.605263157894737,0.3264204083993177,0.6818181818181818,1.5231897121590527,0.5,-0.647611552360373,0.6043165467625893,0.5543717728542169,0.49027237354085595,0.3504641809509915,0.41388888888888886,-0.32029870982394315,0.7520000000000002,0.08111119157869595
2022-03-27,35.7,23.5,29.3,71,1.2,4.0,1009.8,17.1,154,23.2,0,0.7259259259259262,1.5416208817813168,0.4912280701754386,-0.6103736104475019,0.6363636363636365,1.2295148280300467,0.5,-0.647611552360373,0.5971223021582711,0.503235502420836,0.4941634241245136,0.3740753997379122,0.42777777777777776,-0.2599253386308154,0.76,0.12611136280086893
2022-03-28,35.4,24.2,28.6,74,9.1,8.0,1009.6,16.8,81,22.8,0,0.7037037037037037,1.4028345349440952,0.5526315789473684,-0.10594606183767678,0.556818181818182,0.7155837808042849,0.5681818181818182,-0.35970975160620294,0.5827338129496429,0.4009629615541324,0.4824902723735408,0.3032417433771509,0.225,-1.1413765580504802,0.7280000000000001,-0.05388932208782614
2022-03-29,33.6,23.9,27.6,80,11.1,6.0,1009.1,18.1,355,23.5,0,0.5703703703703705,0.5701164539207784,0.5263157894736841,-0.322129296956174,0.4431818181818184,-0.018603429518232836,0.7045454545454546,0.21609384990213737,0.54676258992806,0.14528160938728607,0.5330739299610895,0.6101875876071161,0.9861111111111112,2.1670841833329195,0.784,0.26111187646739104
2022-03-30,33.2,24.0,27.8,79,5.2,13.0,1008.0,17.8,334,23.4,0,0.5407407407407411,0.38506799147115284,0.5350877192982456,-0.2500682185833407,0.46590909090909105,0.12823401254627018,0.6818181818181818,0.12012658298408065,0.4676258992805763,-0.41721736537978743,0.5214007782101167,0.5393539312463548,0.9277777777777778,1.913516024321783,0.7759999999999999,0.21611170524521645
2022-03-31,30.9,24.3,26.5,85,18.4,13.0,1008.0,12.9,178,23.6,0,0.37037037037037035,-0.6789606676142,0.5614035087719299,-0.03388498346484352,0.31818181818181823,-0.8262093608730033,0.8181818181818182,0.695930184492421,0.4676258992805763,-0.41721736537978743,0.33073929961089493,-0.6175957893127444,0.49444444444444446,0.029866843096197696,0.7920000000000001,0.30611204768956557
2022-04-01,29.7,23.8,25.9,87,31.4,20.0,1009.4,19.6,141,23.5,1,0.28148148148148155,-1.2341060549630785,0.5175438596491229,-0.3941903753290047,0.2499999999999999,-1.266721687066515,0.8636363636363636,0.8878647183285344,0.5683453237410064,0.2986904206873706,0.5914396887159533,0.964355869410922,0.39166666666666666,-0.4168961037329475,0.784,0.26111187646739104
2022-04-02,31.9,24.0,27.4,81,3.0,8.0,1010.0,17.0,116,23.7,0,0.4444444444444444,-0.21633951149013445,0.5350877192982456,-0.2500682185833407,0.42045454545454536,-0.16544087158273846,0.7272727272727273,0.3120611168201941,0.6115107913669074,0.6055080432875978,0.49027237354085595,0.3504641809509915,0.32222222222222224,-0.7187629596985862,0.8,0.35111221891173855
2022-04-03,31.6,22.8,25.8,83,21.1,6.0,1010.4,15.8,349,22.5,1,0.42222222222222244,-0.35512585832735283,0.4298245614035089,-1.114801159057327,0.23863636363636379,-1.3401404080987653,0.7727272727272727,0.5039956506563075,0.6402877697841721,0.8100531250210632,0.44357976653696496,0.067129555507947,0.9694444444444444,2.094636137901166,0.7040000000000001,-0.18888983575434823
2022-04-04,32.0,22.9,25.9,83,14.8,6.0,1011.3,11.5,348,22.5,0,0.45185185185185195,-0.17007739587772722,0.4385964912280701,-1.0427400806844964,0.2499999999999999,-1.266721687066515,0.7727272727272727,0.5039956506563075,0.7050359712230194,1.270279558921375,0.2762645914396887,-0.9481528523296299,0.9666666666666667,2.0825614636625405,0.7040000000000001,-0.18888983575434823
2022-04-05,31.0,23.5,26.3,84,22.7,10.0,1011.4,9.1,39,23.3,1,0.3777777777777779,-0.6326985520017928,0.4912280701754386,-0.6103736104475019,0.2954545454545456,-0.9730468029375063,0.7954545454545454,0.5999629175743643,0.7122302158273377,1.3214158293547558,0.18287937743190658,-1.5148221032157194,0.10833333333333334,-1.6485128760727532,0.7680000000000001,0.1711115340230435
2022-04-06,32.2,23.2,27.0,82,0.1,1.0,1010.3,15.3,300,23.3,0,0.466666666666667,-0.07755316465291279,0.4649122807017544,-0.8265568455659992,0.37500000000000006,-0.4591157557117445,0.75,0.4080283837382508,0.6330935251798538,0.7589168545876823,0.42412451361867703,-0.05092653842665494,0.8333333333333334,1.5029771002085144,0.7680000000000001,0.1711115340230435
2022-04-07,30.0,23.6,26.6,85,0.2,2.0,1009.5,14.0,193,23.8,0,0.3037037037037038,-1.0953197081258585,0.5000000000000001,-0.5383125320746687,0.32954545454545475,-0.7527906398407506,0.8181818181818182,0.695930184492421,0.5755395683453247,0.3498266911207515,0.37354085603112835,-0.3578723826566202,0.5361111111111111,0.2109869566755809,0.8080000000000002,0.39611239013391314
2022-04-08,32.6,22.8,27.1,78,1.8,4.0,1009.2,16.7,244,22.2,0,0.4962962962962965,0.1074952977967128,0.4298245614035089,-1.114801159057327,0.3863636363636366,-0.3856970346794917,0.6590909090909091,0.02415931606602393,0.5539568345323783,0.19641787982066697,0.4785992217898832,0.2796305245902302,0.6777777777777778,0.8267953428454837,0.68,-0.3238903494208703
2022-04-09,31.9,23.3,27.2,79,0.8,4.0,1008.6,15.1,213,22.9,0,0.4444444444444444,-0.21633951149013445,0.4736842105263159,-0.7544957671931659,0.3977272727272727,-0.3122783136472415,0.6818181818181818,0.12012658298408065,0.5107913669064773,-0.11039974277956023,0.4163424124513618,-0.09814897600049598,0.5916666666666667,0.4524804414480918,0.736,-0.008889150865653173
2022-04-10,31.6,23.2,26.9,80,19.1,15.0,1008.6,14.2,173,22.8,0,0.42222222222222244,-0.35512585832735283,0.4649122807017544,-0.8265568455659992,0.36363636363636354,-0.5325344767439973,0.7045454545454546,0.21609384990213737,0.5107913669064773,-0.11039974277956023,0.3813229571984435,-0.31064994508277954,0.48055555555555557,-0.030506528096930035,0.7280000000000001,-0.05388932208782614
2022-04-11,30.5,24.1,27.2,81,2.4,9.0,1008.4,14.8,168,23.5,0,0.34074074074074084,-0.8640091300638256,0.5438596491228072,-0.17800714021050748,0.3977272727272727,-0.3122783136472415,0.7272727272727273,0.3120611168201941,0.4964028776978409,-0.212672283646322,0.40466926070038906,-0.16898263236125688,0.4666666666666667,-0.09087989929005777,0.784,0.26111187646739104
2022-04-12,31.5,23.8,27.3,82,2.0,6.0,1007.5,13.5,172,23.7,0,0.4148148148148149,-0.40138797393976006,0.5175438596491229,-0.3941903753290047,0.4090909090909092,-0.23885959261498868,0.75,0.4080283837382508,0.4316546762589935,-0.6728987175466338,0.35408560311284043,-0.4759284765912221,0.4777777777777778,-0.04258120233555558,0.8,0.35111221891173855
2022-04-13,32.7,24.7,28.2,81,0.8,2.0,1006.2,13.3,175,24.4,0,0.503703703703704,0.15375741340912003,0.5964912280701754,0.2543593300264844,0.5113636363636364,0.4219088966752762,0.7272727272727273,0.3120611168201941,0.33812949640288154,-1.337670233180411,0.3463035019455253,-0.5231509141650628,0.4861111111111111,-0.006357179619678942,0.856,0.6661134174669557
2022-04-14,32.9,25.2,28.2,81,6.9,4.0,1006.5,13.0,162,24.4,0,0.5185185185185185,0.24628164463393118,0.6403508771929824,0.6146647218906456,0.5113636363636364,0.4219088966752762,0.7272727272727273,0.3120611168201941,0.35971223021582793,-1.1842614218803265,0.3346303501945525,-0.5939845705258241,0.45,-0.16332794472181106,0.856,0.6661134174669557
2022-04-15,31.5,24.2,27.3,85,14.5,15.0,1007.2,12.5,132,24.5,1,0.4148148148148149,-0.40138797393976006,0.5526315789473684,-0.10594606183767678,0.4090909090909092,-0.23885959261498868,0.8181818181818182,0.695930184492421,0.4100719424460471,-0.8263075288467183,0.3151750972762645,-0.712040664460426,0.36666666666666664,-0.5255681718805775,0.8640000000000001,0.7111135886891303
2022-04-16,30.7,24.7,27.0,86,19.1,14.0,1007.5,15.3,128,24.4,1,0.3555555555555556,-0.7714848988390128,0.5964912280701754,0.2543593300264844,0.37500000000000006,-0.4591157557117445,0.8409090909090909,0.7918974514104776,0.4316546762589935,-0.6728987175466338,0.42412451361867703,-0.05092653842665494,0.35555555555555557,-0.5738668688350796,0.856,0.6661134174669557
2022-04-17,31.7,24.8,27.8,81,1.0,3.0,1007.9,16.2,124,24.1,0,0.4296296296296297,-0.30886374271494726,0.605263157894737,0.3264204083993177,0.46590909090909105,0.12823401254627018,0.7272727272727273,0.3120611168201941,0.46043165467625813,-0.4683536358131683,0.45914396887159525,0.16157443065562824,0.34444444444444444,-0.6221655657895818,0.8320000000000002,0.5311129038004352
2022-04-18,33.0,25.4,28.5,75,0.2,2.0,1008.6,15.3,113,23.5,0,0.525925925925926,0.2925437602463384,0.6578947368421051,0.7587868786363096,0.5454545454545455,0.6421650597720321,0.5909090909090909,-0.2637424846881462,0.5107913669064773,-0.11039974277956023,0.42412451361867703,-0.05092653842665494,0.3138888888888889,-0.7549869824144628,0.784,0.26111187646739104
2022-04-19,32.9,24.7,28.5,75,0.1,1.0,1009.2,13.4,97,23.4,0,0.5185185185185185,0.24628164463393118,0.5964912280701754,0.2543593300264844,0.5454545454545455,0.6421650597720321,0.5909090909090909,-0.2637424846881462,0.5539568345323783,0.19641787982066697,0.35019455252918286,-0.4995396953781424,0.26944444444444443,-0.9481817702324715,0.7759999999999999,0.21611170524521645
2022-04-20,32.7,25.0,28.1,79,3.2,4.0,1008.8,18.3,98,23.9,0,0.503703703703704,0.15375741340912003,0.6228070175438597,0.4705425651449816,0.5000000000000002,0.34849017564302603,0.6818181818181818,0.12012658298408065,0.5251798561151055,-0.008127201912856584,0.5408560311284046,0.6574100251809567,0.2722222222222222,-0.936107095993846,0.816,0.44111256135608606
2022-04-21,33.9,25.1,28.8,74,2.9,4.0,1008.4,17.7,126,23.3,0,0.5925925925925926,0.7089028007579968,0.6315789473684211,0.5426036435178149,0.5795454545454547,0.8624212228687879,0.5681818181818182,-0.35970975160620294,0.4964028776978409,-0.212672283646322,0.5175097276264591,0.515742712459434,0.35,-0.5980162173123307,0.7680000000000001,0.1711115340230435
2022-04-22,34.1,25.2,29.0,74,0.5,1.0,1008.7,14.0,127,23.4,0,0.6074074074074076,0.8014270319828112,0.6403508771929824,0.6146647218906456,0.6022727272727273,1.0092586649332909,0.5681818181818182,-0.35970975160620294,0.5179856115107955,-0.05926347234617934,0.37354085603112835,-0.3578723826566202,0.3527777777777778,-0.5859415430737052,0.7759999999999999,0.21611170524521645
2022-04-23,35.2,25.8,29.1,76,0.7,3.0,1008.0,18.0,135,24.2,0,0.6888888888888892,1.310310303719284,0.6929824561403509,1.04703119212764,0.6136363636363639,1.0826773859655436,0.6136363636363636,-0.1677752177700895,0.4676258992805763,-0.41721736537978743,0.5291828793774318,0.5865763688201954,0.375,-0.4893441491647008,0.84,0.5761130750226082
2022-04-24,33.7,25.6,29.0,79,6.0,6.0,1006.9,19.9,130,24.8,0,0.5777777777777781,0.6163785695331856,0.6754385964912282,0.9029090353819761,0.6022727272727273,1.0092586649332909,0.6818181818181818,0.12012658298408065,0.3884892086330925,-0.9797163401468609,0.6031128404669259,1.0351895257716826,0.3611111111111111,-0.5497175203578285,0.8880000000000001,0.8461141023556523
2022-04-25,33.4,26.2,29.0,78,2.1,7.0,1006.9,17.3,142,24.5,0,0.5555555555555556,0.47759222269596396,0.7280701754385964,1.335275505618968,0.6022727272727273,1.0092586649332909,0.6590909090909091,0.02415931606602393,0.3884892086330925,-0.9797163401468609,0.5019455252918288,0.42129783731175285,0.39444444444444443,-0.404821429494322,0.8640000000000001,0.7111135886891303
2022-04-26,33.8,25.8,28.8,77,1.8,5.0,1007.1,10.4,166,24.1,0,0.585185185185185,0.6626406851455896,0.6929824561403509,1.04703119212764,0.5795454545454547,0.8624212228687879,0.6363636363636364,-0.07180795085203279,0.4028776978417289,-0.8774437992800992,0.23346303501945523,-1.2078762589857541,0.46111111111111114,-0.11502924776730886,0.8320000000000002,0.5311129038004352
2022-04-27,35.5,25.3,30.0,73,0.0,0.0,1006.3,15.1,139,24.1,0,0.7111111111111112,1.4490966505565024,0.6491228070175439,0.6867258002634788,0.7159090909090909,1.7434458752558086,0.5454545454545454,-0.4556770185242597,0.34532374100719154,-1.2865339627470882,0.4163424124513618,-0.09814897600049598,0.3861111111111111,-0.4410454522101986,0.8320000000000002,0.5311129038004352
2022-04-28,34.1,26.6,29.6,74,2.2,9.0,1006.8,21.8,146,24.2,0,0.6074074074074076,0.8014270319828112,0.7631578947368423,1.6235198191102984,0.6704545454545456,1.4497709911268026,0.5681818181818182,-0.35970975160620294,0.38129496402877433,-1.0308526105802418,0.67704280155642,1.4838026827231703,0.40555555555555556,-0.3565227325398198,0.84,0.5761130750226082
2022-04-29,27.1,24.1,25.6,87,32.6,21.0,1007.5,17.8,331,23.4,1,0.0888888888888891,-2.436921060885648,0.5438596491228072,-0.17800714021050748,0.21590909090909113,-1.4869778501632682,0.8636363636363636,0.8878647183285344,0.4316546762589935,-0.6728987175466338,0.5214007782101167,0.5393539312463548,0.9194444444444444,1.8772920016059063,0.7759999999999999,0.21611170524521645
2022-04-30,29.8,24.4,26.6,86,17.2,15.0,1006.2,17.2,135,24.0,1,0.28888888888888903,-1.1878439393506712,0.5701754385964911,0.03817609490798718,0.32954545454545475,-0.7527906398407506,0.8409090909090909,0.7918974514104776,0.33812949640288154,-1.337670233180411,0.4980544747081711,0.3976866185248321,0.375,-0.4893441491647008,0.8240000000000001,0.48611273257826065
2022-05-01,30.7,25.1,26.9,87,10.6,13.0,1006.1,15.9,139,24.4,0,0.3555555555555556,-0.7714848988390128,0.6315789473684211,0.5426036435178149,0.36363636363636354,-0.5325344767439973,0.8636363636363636,0.8878647183285344,0.3309352517985633,-1.3888065036137918,0.44747081712062253,0.09074077429486731,0.3861111111111111,-0.4410454522101986,0.856,0.6661134174669557
2022-05-02,31.6,24.4,27.1,85,24.6,17.0,1006.8,15.3,140,24.3,1,0.42222222222222244,-0.35512585832735283,0.5701754385964911,0.03817609490798718,0.3863636363636366,-0.3856970346794917,0.8181818181818182,0.695930184492421,0.38129496402877433,-1.0308526105802418,0.42412451361867703,-0.05092653842665494,0.3888888888888889,-0.42897077797157307,0.8480000000000001,0.6211132462447827
2022-05-03,29.6,24.0,26.2,87,16.1,23.0,1008.7,15.1,129,23.8,0,0.2740740740740743,-1.2803681705754841,0.5350877192982456,-0.2500682185833407,0.28409090909090906,-1.0464655239697591,0.8636363636363636,0.8878647183285344,0.5179856115107955,-0.05926347234617934,0.4163424124513618,-0.09814897600049598,0.35833333333333334,-0.561792194596454,0.8080000000000002,0.39611239013391314
2022-05-04,31.5,23.6,26.7,85,9.0,11.0,1008.4,12.8,342,23.8,0,0.4148148148148149,-0.40138797393976006,0.5000000000000001,-0.5383125320746687,0.3409090909090909,-0.6793719188085003,0.8181818181818182,0.695930184492421,0.4964028776978409,-0.212672283646322,0.32684824902723736,-0.6412070080996647,0.95,2.0101134182307874,0.8080000000000002,0.39611239013391314
2022-05-05,32.0,23.9,27.5,83,3.9,11.0,1006.9,18.3,119,24.1,0,0.45185185185185195,-0.17007739587772722,0.5263157894736841,-0.322129296956174,0.4318181818181819,-0.09202215055048565,0.7727272727272727,0.5039956506563075,0.3884892086330925,-0.9797163401468609,0.5408560311284046,0.6574100251809567,0.33055555555555555,-0.6825389369827095,0.8320000000000002,0.5311129038004352
2022-05-06,30.9,25.5,27.9,82,7.1,5.0,1006.7,18.2,126,24.4,0,0.37037037037037035,-0.6789606676142,0.6666666666666666,0.8308479570091428,0.4772727272727271,0.2016527335785204,0.75,0.4080283837382508,0.3741007194244643,-1.0819888810135645,0.536964980544747,0.633798806394036,0.35,-0.5980162173123307,0.856,0.6661134174669557
2022-05-07,32.5,25.6,28.2,78,6.4,3.0,1006.8,20.1,109,23.9,0,0.488888888888889,0.061233182184305575,0.6754385964912282,0.9029090353819761,0.5113636363636364,0.4219088966752762,0.6590909090909091,0.02415931606602393,0.38129496402877433,-1.0308526105802418,0.6108949416342412,1.0824119633455238,0.30277777777777776,-0.803285679368965,0.816,0.44111256135608606
2022-05-08,29.8,25.8,27.2,84,12.4,12.0,1007.3,18.4,124,24.2,0,0.28888888888888903,-1.1878439393506712,0.6929824561403509,1.04703119212764,0.3977272727272727,-0.3122783136472415,0.7954545454545454,0.5999629175743643,0.4172661870503571,-0.7751712584133955,0.5447470817120621,0.6810212439678767,0.34444444444444444,-0.6221655657895818,0.84,0.5761130750226082
2022-05-09,32.1,26.1,28.3,81,3.7,6.0,1007.6,19.4,129,24.7,0,0.4592592592592595,-0.12381528026532002,0.7192982456140352,1.2632144272461372,0.5227272727272728,0.49532761770752903,0.7272727272727273,0.3120611168201941,0.43884892086331173,-0.6217624471132528,0.583657587548638,0.9171334318370805,0.35833333333333334,-0.561792194596454,0.88,0.8011139311334778
2022-05-10,31.5,25.5,27.9,85,10.6,7.0,1007.7,13.4,127,25.0,0,0.4148148148148149,-0.40138797393976006,0.6666666666666666,0.8308479570091428,0.4772727272727271,0.2016527335785204,0.8181818181818182,0.695930184492421,0.4460431654676299,-0.5706261766798719,0.35019455252918286,-0.4995396953781424,0.3527777777777778,-0.5859415430737052,0.904,0.9361144448
2022-05-11,32.1,25.4,28.4,85,5.0,7.0,1007.5,13.2,145,25.6,0,0.4592592592592595,-0.12381528026532002,0.6578947368421051,0.7587868786363096,0.534090909090909,0.5687463387397792,0.8181818181818182,0.695930184492421,0.4316546762589935,-0.6728987175466338,0.3424124513618676,-0.5467621329519835,0.4027777777777778,-0.3685974067784453,0.9520000000000002,1.206115472133044
2022-05-12,32.2,24.5,27.6,86,14.2,11.0,1007.5,12.3,183,24.8,1,0.466666666666667,-0.07755316465291279,0.5789473684210527,0.11023717328082044,0.4431818181818184,-0.018603429518232836,0.8409090909090909,0.7918974514104776,0.4316546762589935,-0.6728987175466338,0.3073929961089494,-0.7592631020342666,0.5083333333333333,0.09024021428932542,0.8880000000000001,0.8461141023556523
2022-05-13,33.1,25.6,28.4,85,3.5,7.0,1007.0,14.2,180,25.5,0,0.5333333333333335,0.3388058758587456,0.6754385964912282,0.9029090353819761,0.534090909090909,0.5687463387397792,0.8181818181818182,0.695930184492421,0.3956834532374107,-0.9285800697134801,0.3813229571984435,-0.31064994508277954,0.5,0.05401619157344879,0.9440000000000001,1.1611153009108695
2022-05-14,32.9,26.0,28.6,85,3.0,10.0,1007.6,13.4,170,25.7,0,0.5185185185185185,0.24628164463393118,0.7105263157894737,1.191153348873304,0.556818181818182,0.7155837808042849,0.8181818181818182,0.695930184492421,0.43884892086331173,-0.6217624471132528,0.35019455252918286,-0.4995396953781424,0.4722222222222222,-0.06673055081280667,0.96,1.251115643355217
2022-05-15,33.2,25.0,28.8,83,16.3,9.0,1008.2,16.5,169,25.5,0,0.5407407407407411,0.38506799147115284,0.6228070175438597,0.4705425651449816,0.5795454545454547,0.8624212228687879,0.7727272727272727,0.5039956506563075,0.4820143884892127,-0.31494482451302563,0.47081712062256803,0.23240808701638957,0.46944444444444444,-0.07880522505143223,0.9440000000000001,1.1611153009108695
2022-05-16,31.4,24.3,26.7,88,24.1,19.0,1008.5,12.3,201,24.6,1,0.4074074074074074,-0.44765008955216723,0.5614035087719299,-0.03388498346484352,0.3409090909090909,-0.6793719188085003,0.8863636363636364,0.9838319852465911,0.5035971223021591,-0.16153601321294112,0.3073929961089494,-0.7592631020342666,0.5583333333333333,0.3075843505845853,0.8720000000000002,0.7561137599113048
2022-05-17,30.7,24.5,26.7,87,7.5,17.0,1008.6,13.3,120,24.3,0,0.3555555555555556,-0.7714848988390128,0.5789473684210527,0.11023717328082044,0.3409090909090909,-0.6793719188085003,0.8636363636363636,0.8878647183285344,0.5107913669064773,-0.11039974277956023,0.3463035019455253,-0.5231509141650628,0.3333333333333333,-0.670464262744084,0.8480000000000001,0.6211132462447827
2022-05-18,30.2,24.2,26.7,87,13.0,17.0,1009.4,16.6,149,24.4,0,0.3185185185185186,-1.0027954769010456,0.5526315789473684,-0.10594606183767678,0.3409090909090909,-0.6793719188085003,0.8636363636363636,0.8878647183285344,0.5683453237410064,0.2986904206873706,0.47470817120622566,0.2560193058033103,0.41388888888888886,-0.32029870982394315,0.856,0.6661134174669557
2022-05-19,30.3,24.1,26.4,89,36.6,19.0,1009.7,13.2,203,24.4,1,0.32592592592592606,-0.9565333612886384,0.5438596491228072,-0.17800714021050748,0.3068181818181817,-0.8996280819052562,0.9090909090909091,1.0797992521646478,0.589928057553961,0.4520992319875133,0.3424124513618676,-0.5467621329519835,0.5638888888888889,0.33173369906183636,0.856,0.6661134174669557
2022-05-20,32.4,25.1,27.9,85,15.7,10.0,1007.9,12.2,252,24.9,1,0.48148148148148145,0.014971066571898358,0.6315789473684211,0.5426036435178149,0.4772727272727271,0.2016527335785204,0.8181818181818182,0.695930184492421,0.46043165467625813,-0.4683536358131683,0.30350194552529175,-0.7828743208211874,0.7,0.9233927367544881,0.8959999999999999,0.8911142735778254
2022-05-21,31.8,24.9,27.7,86,4.2,11.0,1006.2,15.6,218,24.9,0,0.43703703703703717,-0.26260162710254004,0.6140350877192982,0.39848148677214834,0.45454545454545453,0.05481529151401737,0.8409090909090909,0.7918974514104776,0.33812949640288154,-1.337670233180411,0.43579766536964976,0.01990711793410597,0.6055555555555555,0.5128538126412195,0.8959999999999999,0.8911142735778254
2022-05-22,30.9,24.8,26.8,88,18.7,17.0,1004.9,18.8,220,24.6,1,0.37037037037037035,-0.6789606676142,0.605263157894737,0.3264204083993177,0.3522727272727274,-0.6059531977762476,0.8863636363636364,0.9838319852465911,0.24460431654676135,-2.0024417488142463,0.5603112840466925,0.7754661191155587,0.6111111111111112,0.5370031611184707,0.8720000000000002,0.7561137599113048
2022-05-23,29.5,24.5,26.6,88,2.6,9.0,1005.5,20.5,226,24.4,0,0.2666666666666668,-1.3266302861878914,0.5789473684210527,0.11023717328082044,0.32954545454545475,-0.7527906398407506,0.8863636363636364,0.9838319852465911,0.28776978417266236,-1.695624126214019,0.6264591439688716,1.1768568384932052,0.6277777777777778,0.6094512065502239,0.856,0.6661134174669557
2022-05-24,31.9,25.0,28.2,82,0.4,4.0,1007.7,13.6,235,24.7,0,0.4444444444444444,-0.21633951149013445,0.6228070175438597,0.4705425651449816,0.5113636363636364,0.4219088966752762,0.75,0.4080283837382508,0.4460431654676299,-0.5706261766798719,0.357976653696498,-0.4523172578043018,0.6527777777777778,0.7181232746978539,0.88,0.8011139311334778
2022-05-25,32.5,25.2,28.1,84,6.7,10.0,1007.9,17.6,273,24.9,0,0.488888888888889,0.061233182184305575,0.6403508771929824,0.6146647218906456,0.5000000000000002,0.34849017564302603,0.7954545454545454,0.5999629175743643,0.46043165467625813,-0.4683536358131683,0.5136186770428015,0.4921314936725142,0.7583333333333333,1.1769608957656246,0.8959999999999999,0.8911142735778254
2022-05-26,31.7,25.4,27.3,86,12.1,10.0,1006.4,13.4,296,24.8,0,0.4296296296296297,-0.30886374271494726,0.6578947368421051,0.7587868786363096,0.4090909090909092,-0.23885959261498868,0.8409090909090909,0.7918974514104776,0.3525179856115097,-1.2353976923137073,0.35019455252918286,-0.4995396953781424,0.8222222222222222,1.454678403254012,0.8880000000000001,0.8461141023556523
2022-05-27,31.3,24.8,26.6,88,36.8,19.0,1005.4,17.8,242,24.5,1,0.40000000000000013,-0.49391220516457285,0.605263157894737,0.3264204083993177,0.32954545454545475,-0.7527906398407506,0.8863636363636364,0.9838319852465911,0.28057553956834413,-1.7467603966474,0.5214007782101167,0.5393539312463548,0.6722222222222223,0.8026459943682327,0.8640000000000001,0.7111135886891303
2022-05-28,29.9,24.3,26.0,89,13.3,10.0,1005.7,21.9,230,23.9,0,0.2962962962962963,-1.1415818237382658,0.5614035087719299,-0.03388498346484352,0.2613636363636364,-1.1933029660342622,0.9090909090909091,1.0797992521646478,0.30215827338129875,-1.5933515853472573,0.6809338521400777,1.5074139015100902,0.6388888888888888,0.6577499035047261,0.816,0.44111256135608606
2022-05-29,30.1,24.2,26.5,88,6.9,12.0,1006.0,19.2,229,24.2,0,0.31111111111111134,-1.0490575925134513,0.5526315789473684,-0.10594606183767678,0.31818181818181823,-0.8262093608730033,0.8863636363636364,0.9838319852465911,0.32374100719424515,-1.4399427740471726,0.5758754863813228,0.8699109942632399,0.6361111111111111,0.6456752292661005,0.84,0.5761130750226082
2022-05-30,31.1,24.6,26.6,88,10.9,9.0,1005.9,12.8,220,24.4,0,0.3851851851851854,-0.5864364363893856,0.5877192982456142,0.1822982516536537,0.32954545454545475,-0.7527906398407506,0.8863636363636364,0.9838319852465911,0.3165467625899269,-1.4910790444805535,0.32684824902723736,-0.6412070080996647,0.6111111111111112,0.5370031611184707,0.856,0.6661134174669557
2022-05-31,32.1,24.1,27.5,86,12.2,9.0,1005.5,8.4,208,24.9,0,0.4592592592592595,-0.12381528026532002,0.5438596491228072,-0.17800714021050748,0.4318181818181819,-0.09202215055048565,0.8409090909090909,0.7918974514104776,0.28776978417266236,-1.695624126214019,0.15564202334630348,-1.6801006347241618,0.5777777777777777,0.3921070702549641,0.8959999999999999,0.8911142735778254
2022-06-01,30.6,24.4,26.8,90,11.0,11.0,1006.4,12.8,128,24.9,0,0.3481481481481484,-0.8177470144514184,0.5701754385964911,0.03817609490798718,0.3522727272727274,-0.6059531977762476,0.9318181818181818,1.1757665190827045,0.3525179856115097,-1.2353976923137073,0.32684824902723736,-0.6412070080996647,0.35555555555555557,-0.5738668688350796,0.8959999999999999,0.8911142735778254
2022-06-02,32.3,24.1,26.8,86,20.4,9.0,1007.3,23.1,185,24.1,1,0.474074074074074,-0.03129104904050886,0.5438596491228072,-0.17800714021050748,0.3522727272727274,-0.6059531977762476,0.8409090909090909,0.7918974514104776,0.4172661870503571,-0.7751712584133955,0.727626459143969,1.7907485269531356,0.5138888888888888,0.11438956276657652,0.8320000000000002,0.5311129038004352
2022-06-03,30.8,23.5,26.6,87,7.6,10.0,1007.8,16.6,206,24.2,0,0.3629629629629631,-0.7252227832266056,0.4912280701754386,-0.6103736104475019,0.32954545454545475,-0.7527906398407506,0.8636363636363636,0.8878647183285344,0.4532374100719399,-0.5194899062465492,0.47470817120622566,0.2560193058033103,0.5722222222222222,0.367957721777713,0.84,0.5761130750226082
2022-06-04,30.7,24.3,26.5,87,16.8,10.0,1008.7,12.7,197,24.0,0,0.3555555555555556,-0.7714848988390128,0.5614035087719299,-0.03388498346484352,0.31818181818181823,-0.8262093608730033,0.8636363636363636,0.8878647183285344,0.5179856115107955,-0.05926347234617934,0.3229571984435797,-0.6648182268865854,0.5472222222222223,0.2592856536300831,0.8240000000000001,0.48611273257826065
2022-06-05,32.3,23.2,27.5,83,0.0,0.0,1007.3,15.9,239,24.0,0,0.474074074074074,-0.03129104904050886,0.4649122807017544,-0.8265568455659992,0.4318181818181819,-0.09202215055048565,0.7727272727272727,0.5039956506563075,0.4172661870503571,-0.7751712584133955,0.44747081712062253,0.09074077429486731,0.6638888888888889,0.766421971652356,0.8240000000000001,0.48611273257826065
2022-06-06,32.2,24.5,27.8,84,2.9,6.0,1006.5,14.8,255,24.6,0,0.466666666666667,-0.07755316465291279,0.5789473684210527,0.11023717328082044,0.46590909090909105,0.12823401254627018,0.7954545454545454,0.5999629175743643,0.35971223021582793,-1.1842614218803265,0.40466926070038906,-0.16898263236125688,0.7083333333333334,0.9596167594703647,0.8720000000000002,0.7561137599113048
2022-06-07,32.3,24.5,27.3,86,21.8,12.0,1006.8,9.2,314,24.6,1,0.474074074074074,-0.03129104904050886,0.5789473684210527,0.11023717328082044,0.4090909090909092,-0.23885959261498868,0.8409090909090909,0.7918974514104776,0.38129496402877433,-1.0308526105802418,0.18677042801556415,-1.491210884428799,0.8722222222222222,1.672022539549272,0.8720000000000002,0.7561137599113048
2022-06-08,32.6,24.3,27.8,82,2.1,4.0,1007.0,10.7,314,24.2,0,0.4962962962962965,0.1074952977967128,0.5614035087719299,-0.03388498346484352,0.46590909090909105,0.12823401254627018,0.75,0.4080283837382508,0.3956834532374107,-0.9285800697134801,0.24513618677042795,-1.1370426026249931,0.8722222222222222,1.672022539549272,0.84,0.5761130750226082
2022-06-09,33.4,24.5,28.5,80,0.7,4.0,1006.7,11.6,275,24.4,0,0.5555555555555556,0.47759222269596396,0.5789473684210527,0.11023717328082044,0.5454545454545455,0.6421650597720321,0.7045454545454546,0.21609384990213737,0.3741007194244643,-1.0819888810135645,0.28015564202334625,-0.9245416335427096,0.7638888888888888,1.2011102442428756,0.856,0.6661134174669557
2022-06-10,31.9,23.8,27.0,87,23.0,9.0,1007.3,8.2,134,24.6,1,0.4444444444444444,-0.21633951149013445,0.5175438596491229,-0.3941903753290047,0.37500000000000006,-0.4591157557117445,0.8636363636363636,0.8878647183285344,0.4172661870503571,-0.7751712584133955,0.14785992217898827,-1.7273230722980029,0.37222222222222223,-0.5014188234033263,0.8720000000000002,0.7561137599113048
2022-06-11,33.3,24.3,28.1,81,1.1,4.0,1007.5,10.9,233,24.2,0,0.548148148148148,0.43133010708355674,0.5614035087719299,-0.03388498346484352,0.5000000000000002,0.34849017564302603,0.7272727272727273,0.3120611168201941,0.4316546762589935,-0.6728987175466338,0.2529182879377432,-1.089820165051152,0.6472222222222223,0.6939739262206027,0.84,0.5761130750226082
2022-06-12,31.5,24.2,27.1,86,6.3,7.0,1008.0,11.0,159,24.4,0,0.4148148148148149,-0.40138797393976006,0.5526315789473684,-0.10594606183767678,0.3863636363636366,-0.3856970346794917,0.8409090909090909,0.7918974514104776,0.4676258992805763,-0.41721736537978743,0.25680933852140075,-1.066208946264232,0.44166666666666665,-0.1995519674376877,0.856,0.6661134174669557
2022-06-13,32.1,24.2,27.5,85,1.6,3.0,1007.8,10.7,197,24.6,0,0.4592592592592595,-0.12381528026532002,0.5526315789473684,-0.10594606183767678,0.4318181818181819,-0.09202215055048565,0.8181818181818182,0.695930184492421,0.4532374100719399,-0.5194899062465492,0.24513618677042795,-1.1370426026249931,0.5472222222222223,0.2592856536300831,0.8720000000000002,0.7561137599113048
2022-06-14,31.8,24.6,28.1,82,1.0,2.0,1007.7,14.7,188,24.6,0,0.43703703703703717,-0.26260162710254004,0.5877192982456142,0.1822982516536537,0.5000000000000002,0.34849017564302603,0.75,0.4080283837382508,0.4460431654676299,-0.5706261766798719,0.4007782101167314,-0.19259385114817762,0.5222222222222223,0.15061358548245316,0.8720000000000002,0.7561137599113048
2022-06-15,32.4,25.3,27.9,84,7.3,8.0,1008.4,15.5,183,24.8,0,0.48148148148148145,0.014971066571898358,0.6491228070175439,0.6867258002634788,0.4772727272727271,0.2016527335785204,0.7954545454545454,0.5999629175743643,0.4964028776978409,-0.212672283646322,0.4319066147859922,-0.003704100852814333,0.5083333333333333,0.09024021428932542,0.8880000000000001,0.8461141023556523
2022-06-16,32.1,24.6,27.7,84,2.9,4.0,1009.1,9.8,157,24.6,0,0.4592592592592595,-0.12381528026532002,0.5877192982456142,0.1822982516536537,0.45454545454545453,0.05481529151401737,0.7954545454545454,0.5999629175743643,0.54676258992806,0.14528160938728607,0.21011673151750973,-1.3495435717072763,0.4361111111111111,-0.22370131591493878,0.8720000000000002,0.7561137599113048
2022-06-17,32.3,24.7,27.4,85,10.6,9.0,1008.7,18.7,73,24.6,0,0.474074074074074,-0.03129104904050886,0.5964912280701754,0.2543593300264844,0.42045454545454536,-0.16544087158273846,0.8181818181818182,0.695930184492421,0.5179856115107955,-0.05926347234617934,0.5564202334630349,0.751854900328638,0.20277777777777778,-1.2379739519594846,0.8720000000000002,0.7561137599113048
2022-06-18,32.6,24.0,27.8,83,9.1,3.0,1008.4,10.4,236,24.4,0,0.4962962962962965,0.1074952977967128,0.5350877192982456,-0.2500682185833407,0.46590909090909105,0.12823401254627018,0.7727272727272727,0.5039956506563075,0.4964028776978409,-0.212672283646322,0.23346303501945523,-1.2078762589857541,0.6555555555555556,0.7301979489364794,0.856,0.6661134174669557
2022-06-19,32.6,24.7,27.3,84,3.1,7.0,1007.5,22.0,230,24.2,0,0.4962962962962965,0.1074952977967128,0.5964912280701754,0.2543593300264844,0.4090909090909092,-0.23885959261498868,0.7954545454545454,0.5999629175743643,0.4316546762589935,-0.6728987175466338,0.6848249027237354,1.5310251202970109,0.6388888888888888,0.6577499035047261,0.84,0.5761130750226082
2022-06-20,32.1,24.0,27.3,87,10.9,4.0,1005.9,17.0,203,24.8,0,0.4592592592592595,-0.12381528026532002,0.5350877192982456,-0.2500682185833407,0.4090909090909092,-0.23885959261498868,0.8636363636363636,0.8878647183285344,0.3165467625899269,-1.4910790444805535,0.49027237354085595,0.3504641809509915,0.5638888888888889,0.33173369906183636,0.8880000000000001,0.8461141023556523
2022-06-21,31.4,24.1,26.5,86,14.5,11.0,1006.2,16.2,187,23.7,1,0.4074074074074074,-0.44765008955216723,0.5438596491228072,-0.17800714021050748,0.31818181818181823,-0.8262093608730033,0.8409090909090909,0.7918974514104776,0.33812949640288154,-1.337670233180411,0.45914396887159525,0.16157443065562824,0.5194444444444445,0.1385389112438276,0.8,0.35111221891173855
2022-06-22,31.6,24.5,26.9,87,33.4,12.0,1008.2,18.8,163,24.3,1,0.42222222222222244,-0.35512585832735283,0.5789473684210527,0.11023717328082044,0.36363636363636354,-0.5325344767439973,0.8636363636363636,0.8878647183285344,0.4820143884892127,-0.31494482451302563,0.5603112840466925,0.7754661191155587,0.4527777777777778,-0.1512532704831855,0.8480000000000001,0.6211132462447827
2022-06-23,31.5,24.8,26.9,87,18.8,10.0,1008.4,21.3,150,24.3,0,0.4148148148148149,-0.40138797393976006,0.605263157894737,0.3264204083993177,0.36363636363636354,-0.5325344767439973,0.8636363636363636,0.8878647183285344,0.4964028776978409,-0.212672283646322,0.6575875486381322,1.3657465887885685,0.4166666666666667,-0.3082240355853176,0.8480000000000001,0.6211132462447827
2022-06-24,31.2,23.9,26.6,88,9.6,11.0,1007.6,14.0,162,24.4,0,0.39259259259259266,-0.54017432077698,0.5263157894736841,-0.322129296956174,0.32954545454545475,-0.7527906398407506,0.8863636363636364,0.9838319852465911,0.43884892086331173,-0.6217624471132528,0.37354085603112835,-0.3578723826566202,0.45,-0.16332794472181106,0.856,0.6661134174669557
2022-06-25,31.2,23.9,26.9,86,8.4,7.0,1006.6,12.8,158,24.1,0,0.39259259259259266,-0.54017432077698,0.5263157894736841,-0.322129296956174,0.36363636363636354,-0.5325344767439973,0.8409090909090909,0.7918974514104776,0.3669064748201461,-1.1331251514469454,0.32684824902723736,-0.6412070080996647,0.4388888888888889,-0.21162664167631323,0.8320000000000002,0.5311129038004352
2022-06-26,31.7,24.7,27.4,85,11.1,5.0,1007.7,14.5,151,24.5,0,0.4296296296296297,-0.30886374271494726,0.5964912280701754,0.2543593300264844,0.42045454545454536,-0.16544087158273846,0.8181818181818182,0.695930184492421,0.4460431654676299,-0.5706261766798719,0.3929961089494163,-0.23981628872201824,0.41944444444444445,-0.29614936134669206,0.8640000000000001,0.7111135886891303
2022-06-27,32.4,24.4,28.1,82,15.2,7.0,1007.8,11.3,220,24.5,1,0.48148148148148145,0.014971066571898358,0.5701754385964911,0.03817609490798718,0.5000000000000002,0.34849017564302603,0.75,0.4080283837382508,0.4532374100719399,-0.5194899062465492,0.26848249027237353,-0.9953752899034706,0.6111111111111112,0.5370031611184707,0.8640000000000001,0.7111135886891303
2022-06-28,31.1,24.1,26.4,87,17.6,17.0,1006.6,11.4,277,24.0,1,0.3851851851851854,-0.5864364363893856,0.5438596491228072,-0.17800714021050748,0.3068181818181817,-0.8996280819052562,0.8636363636363636,0.8878647183285344,0.3669064748201461,-1.1331251514469454,0.2723735408560311,-0.9717640711165502,0.7694444444444445,1.2252595927201269,0.8240000000000001,0.48611273257826065
2022-06-29,32.8,25.2,27.8,85,18.9,6.0,1004.0,21.0,260,24.9,1,0.511111111111111,0.20001952902152395,0.6403508771929824,0.6146647218906456,0.46590909090909105,0.12823401254627018,0.8181818181818182,0.695930184492421,0.17985611510791397,-2.462668182714558,0.6459143968871596,1.294912932427807,0.7222222222222222,1.0199901306634924,0.8959999999999999,0.8911142735778254
2022-06-30,30.3,25.6,27.1,87,17.8,8.0,1003.7,26.4,239,24.7,1,0.32592592592592606,-0.9565333612886384,0.6754385964912282,0.9029090353819761,0.3863636363636366,-0.3856970346794917,0.8636363636363636,0.8878647183285344,0.15827338129496757,-2.616076994014642,0.8560311284046692,2.5699187469215077,0.6638888888888889,0.766421971652356,0.88,0.8011139311334778
2022-07-01,29.9,24.9,26.7,88,5.8,5.0,1004.2,17.1,230,24.5,0,0.2962962962962963,-1.1415818237382658,0.6140350877192982,0.39848148677214834,0.3409090909090909,-0.6793719188085003,0.8863636363636364,0.9838319852465911,0.19424460431655036,-2.3603956418477963,0.4941634241245136,0.3740753997379122,0.6388888888888888,0.6577499035047261,0.8640000000000001,0.7111135886891303
2022-07-02,30.6,25.0,26.9,88,10.7,10.0,1004.8,22.3,223,24.6,0,0.3481481481481484,-0.8177470144514184,0.6228070175438597,0.4705425651449816,0.36363636363636354,-0.5325344767439973,0.8863636363636364,0.9838319852465911,0.23741007194244315,-2.053578019247627,0.696498054474708,1.6018587766577723,0.6194444444444445,0.5732271838343472,0.8720000000000002,0.7561137599113048
2022-07-03,30.7,24.6,27.1,89,4.6,9.0,1005.6,21.5,231,25.0,0,0.3555555555555556,-0.7714848988390128,0.5877192982456142,0.1822982516536537,0.3863636363636366,-0.3856970346794917,0.9090909090909091,1.0797992521646478,0.2949640287769805,-1.6444878557806382,0.6653696498054474,1.412969026362409,0.6416666666666667,0.6698245777433517,0.904,0.9361144448
2022-07-04,31.8,24.7,27.4,87,6.7,10.0,1005.8,20.7,226,25.0,0,0.43703703703703717,-0.26260162710254004,0.5964912280701754,0.2543593300264844,0.42045454545454536,-0.16544087158273846,0.8636363636363636,0.8878647183285344,0.30935251798560875,-1.5422153149139344,0.6342412451361866,1.2240792760670458,0.6277777777777778,0.6094512065502239,0.904,0.9361144448
2022-07-05,30.8,24.6,27.2,87,9.8,8.0,1006.3,17.7,230,24.7,0,0.3629629629629631,-0.7252227832266056,0.5877192982456142,0.1822982516536537,0.3977272727272727,-0.3122783136472415,0.8636363636363636,0.8878647183285344,0.34532374100719154,-1.2865339627470882,0.5175097276264591,0.515742712459434,0.6388888888888888,0.6577499035047261,0.88,0.8011139311334778
2022-07-06,31.2,25.1,27.2,88,15.2,8.0,1007.2,16.7,209,25.0,1,0.39259259259259266,-0.54017432077698,0.6315789473684211,0.5426036435178149,0.3977272727272727,-0.3122783136472415,0.8863636363636364,0.9838319852465911,0.4100719424460471,-0.8263075288467183,0.4785992217898832,0.2796305245902302,0.5805555555555556,0.4041817444935896,0.904,0.9361144448
2022-07-07,31.6,24.3,27.3,85,3.0,11.0,1007.0,21.3,241,24.3,0,0.42222222222222244,-0.35512585832735283,0.5614035087719299,-0.03388498346484352,0.4090909090909092,-0.23885959261498868,0.8181818181818182,0.695930184492421,0.3956834532374107,-0.9285800697134801,0.6575875486381322,1.3657465887885685,0.6694444444444444,0.7905713201296071,0.8480000000000001,0.6211132462447827
2022-07-08,29.9,24.9,26.5,90,16.7,14.0,1006.6,18.9,246,24.7,1,0.2962962962962963,-1.1415818237382658,0.6140350877192982,0.39848148677214834,0.31818181818181823,-0.8262093608730033,0.9318181818181818,1.1757665190827045,0.3669064748201461,-1.1331251514469454,0.5642023346303501,0.7990773379024786,0.6833333333333333,0.8509446913227349,0.88,0.8011139311334778
2022-07-09,30.3,25.0,26.4,89,13.9,21.0,1005.4,18.1,252,24.4,0,0.32592592592592606,-0.9565333612886384,0.6228070175438597,0.4705425651449816,0.3068181818181817,-0.8996280819052562,0.9090909090909091,1.0797992521646478,0.28057553956834413,-1.7467603966474,0.5330739299610895,0.6101875876071161,0.7,0.9233927367544881,0.856,0.6661134174669557
2022-07-10,30.7,24.4,26.2,87,27.0,14.0,1005.5,19.9,261,23.8,1,0.3555555555555556,-0.7714848988390128,0.5701754385964911,0.03817609490798718,0.28409090909090906,-1.0464655239697591,0.8636363636363636,0.8878647183285344,0.28776978417266236,-1.695624126214019,0.6031128404669259,1.0351895257716826,0.725,1.032064804902118,0.8080000000000002,0.39611239013391314
2022-07-11,30.9,24.4,26.3,87,34.9,9.0,1005.7,19.2,270,23.8,1,0.37037037037037035,-0.6789606676142,0.5701754385964911,0.03817609490798718,0.2954545454545456,-0.9730468029375063,0.8636363636363636,0.8878647183285344,0.30215827338129875,-1.5933515853472573,0.5758754863813228,0.8699109942632399,0.75,1.140736873049748,0.8080000000000002,0.39611239013391314
2022-07-12,28.8,24.4,25.8,90,21.2,19.0,1004.7,16.5,252,23.9,1,0.21481481481481499,-1.6504650954747369,0.5701754385964911,0.03817609490798718,0.23863636363636379,-1.3401404080987653,0.9318181818181818,1.1757665190827045,0.23021582733813314,-2.10471428968095,0.47081712062256803,0.23240808701638957,0.7,0.9233927367544881,0.816,0.44111256135608606
2022-07-13,29.7,23.8,26.1,87,4.4,10.0,1004.1,20.4,252,23.7,0,0.28148148148148155,-1.2341060549630785,0.5175438596491229,-0.3941903753290047,0.27272727272727293,-1.1198842450020094,0.8636363636363636,0.8878647183285344,0.18705035971223216,-2.411531912281177,0.6225680933852139,1.1532456197062844,0.7,0.9233927367544881,0.8,0.35111221891173855
2022-07-14,31.2,23.9,26.8,84,9.3,13.0,1004.6,20.1,248,23.7,0,0.39259259259259266,-0.54017432077698,0.5263157894736841,-0.322129296956174,0.3522727272727274,-0.6059531977762476,0.7954545454545454,0.5999629175743643,0.22302158273381495,-2.1558505601143305,0.6108949416342412,1.0824119633455238,0.6888888888888889,0.8750940397999859,0.8,0.35111221891173855
2022-07-15,29.7,24.1,26.4,89,13.2,9.0,1005.9,16.6,232,24.4,0,0.28148148148148155,-1.2341060549630785,0.5438596491228072,-0.17800714021050748,0.3068181818181817,-0.8996280819052562,0.9090909090909091,1.0797992521646478,0.3165467625899269,-1.4910790444805535,0.47470817120622566,0.2560193058033103,0.6444444444444445,0.6818992519819772,0.856,0.6661134174669557
2022-07-16,32.0,24.4,27.1,87,8.8,5.0,1006.9,15.5,218,24.6,0,0.45185185185185195,-0.17007739587772722,0.5701754385964911,0.03817609490798718,0.3863636363636366,-0.3856970346794917,0.8636363636363636,0.8878647183285344,0.3884892086330925,-0.9797163401468609,0.4319066147859922,-0.003704100852814333,0.6055555555555555,0.5128538126412195,0.8720000000000002,0.7561137599113048
2022-07-17,30.6,24.4,26.6,88,10.4,8.0,1008.1,14.0,215,24.4,0,0.3481481481481484,-0.8177470144514184,0.5701754385964911,0.03817609490798718,0.32954545454545475,-0.7527906398407506,0.8863636363636364,0.9838319852465911,0.4748201438848945,-0.36608109494640656,0.37354085603112835,-0.3578723826566202,0.5972222222222222,0.4766297899253429,0.856,0.6661134174669557
2022-07-18,31.4,24.0,27.2,85,6.8,8.0,1006.8,17.1,249,24.4,0,0.4074074074074074,-0.44765008955216723,0.5350877192982456,-0.2500682185833407,0.3977272727272727,-0.3122783136472415,0.8181818181818182,0.695930184492421,0.38129496402877433,-1.0308526105802418,0.4941634241245136,0.3740753997379122,0.6916666666666667,0.8871687140386115,0.856,0.6661134174669557
2022-07-19,31.7,24.6,27.0,87,3.9,7.0,1005.7,19.4,235,24.5,0,0.4296296296296297,-0.30886374271494726,0.5877192982456142,0.1822982516536537,0.37500000000000006,-0.4591157557117445,0.8636363636363636,0.8878647183285344,0.30215827338129875,-1.5933515853472573,0.583657587548638,0.9171334318370805,0.6527777777777778,0.7181232746978539,0.8640000000000001,0.7111135886891303
2022-07-20,30.1,25.0,26.2,90,14.4,22.0,1006.5,15.8,196,24.5,1,0.31111111111111134,-1.0490575925134513,0.6228070175438597,0.4705425651449816,0.28409090909090906,-1.0464655239697591,0.9318181818181818,1.1757665190827045,0.35971223021582793,-1.1842614218803265,0.44357976653696496,0.067129555507947,0.5444444444444444,0.24721097939145753,0.8640000000000001,0.7111135886891303
2022-07-21,28.9,24.3,25.9,90,8.6,13.0,1008.9,16.6,170,24.1,0,0.2222222222222222,-1.6042029798623314,0.5614035087719299,-0.03388498346484352,0.2499999999999999,-1.266721687066515,0.9318181818181818,1.1757665190827045,0.5323741007194237,0.04300906852052431,0.47470817120622566,0.2560193058033103,0.4722222222222222,-0.06673055081280667,0.8320000000000002,0.5311129038004352
2022-07-22,33.0,23.4,27.7,80,0.0,0.0,1009.3,12.3,73,23.5,0,0.525925925925926,0.2925437602463384,0.4824561403508771,-0.6824346888203352,0.45454545454545453,0.05481529151401737,0.7045454545454546,0.21609384990213737,0.5611510791366883,0.24755415025398972,0.3073929961089494,-0.7592631020342666,0.20277777777777778,-1.2379739519594846,0.784,0.26111187646739104
2022-07-23,31.8,24.6,27.3,85,7.9,6.0,1008.4,15.5,101,24.4,0,0.43703703703703717,-0.26260162710254004,0.5877192982456142,0.1822982516536537,0.4090909090909092,-0.23885959261498868,0.8181818181818182,0.695930184492421,0.4964028776978409,-0.212672283646322,0.4319066147859922,-0.003704100852814333,0.28055555555555556,-0.8998830732779693,0.856,0.6661134174669557
2022-07-24,32.4,24.7,28.0,81,0.4,2.0,1006.9,14.5,128,24.2,0,0.48148148148148145,0.014971066571898358,0.5964912280701754,0.2543593300264844,0.4886363636363637,0.2750714546107732,0.7272727272727273,0.3120611168201941,0.3884892086330925,-0.9797163401468609,0.3929961089494163,-0.23981628872201824,0.35555555555555557,-0.5738668688350796,0.84,0.5761130750226082
2022-07-25,31.5,24.8,27.0,87,14.5,8.0,1007.4,18.6,117,24.6,1,0.4148148148148149,-0.40138797393976006,0.605263157894737,0.3264204083993177,0.37500000000000006,-0.4591157557117445,0.8636363636363636,0.8878647183285344,0.42446043165467534,-0.7240349879800146,0.5525291828793775,0.728243681541718,0.325,-0.7066882854599607,0.8720000000000002,0.7561137599113048
2022-07-26,30.8,25.3,27.1,87,9.4,13.0,1007.7,14.5,128,24.7,0,0.3629629629629631,-0.7252227832266056,0.6491228070175439,0.6867258002634788,0.3863636363636366,-0.3856970346794917,0.8636363636363636,0.8878647183285344,0.4460431654676299,-0.5706261766798719,0.3929961089494163,-0.23981628872201824,0.35555555555555557,-0.5738668688350796,0.88,0.8011139311334778
2022-07-27,31.2,24.5,26.9,86,7.0,5.0,1007.3,10.4,166,24.3,0,0.39259259259259266,-0.54017432077698,0.5789473684210527,0.11023717328082044,0.36363636363636354,-0.5325344767439973,0.8409090909090909,0.7918974514104776,0.4172661870503571,-0.7751712584133955,0.23346303501945523,-1.2078762589857541,0.46111111111111114,-0.11502924776730886,0.8480000000000001,0.6211132462447827
2022-07-28,31.5,23.9,27.3,86,2.6,8.0,1007.1,12.5,244,24.6,0,0.4148148148148149,-0.40138797393976006,0.5263157894736841,-0.322129296956174,0.4090909090909092,-0.23885959261498868,0.8409090909090909,0.7918974514104776,0.4028776978417289,-0.8774437992800992,0.3151750972762645,-0.712040664460426,0.6777777777777778,0.8267953428454837,0.8720000000000002,0.7561137599113048
2022-07-29,32.6,24.2,28.0,82,1.3,3.0,1006.4,13.9,230,24.3,0,0.4962962962962965,0.1074952977967128,0.5526315789473684,-0.10594606183767678,0.4886363636363637,0.2750714546107732,0.75,0.4080283837382508,0.3525179856115097,-1.2353976923137073,0.3696498054474708,-0.3814836014435405,0.6388888888888888,0.6577499035047261,0.8480000000000001,0.6211132462447827
2022-07-30,32.0,25.1,27.7,84,3.8,6.0,1006.1,18.9,230,24.5,0,0.45185185185185195,-0.17007739587772722,0.6315789473684211,0.5426036435178149,0.45454545454545453,0.05481529151401737,0.7954545454545454,0.5999629175743643,0.3309352517985633,-1.3888065036137918,0.5642023346303501,0.7990773379024786,0.6388888888888888,0.6577499035047261,0.8640000000000001,0.7111135886891303
2022-07-31,32.2,24.5,27.4,83,15.7,16.0,1005.2,14.1,233,24.1,1,0.466666666666667,-0.07755316465291279,0.5789473684210527,0.11023717328082044,0.42045454545454536,-0.16544087158273846,0.7727272727272727,0.5039956506563075,0.26618705035971596,-1.8490329375141035,0.37743190661478593,-0.3342611638696999,0.6472222222222223,0.6939739262206027,0.8320000000000002,0.5311129038004352
2022-08-01,31.3,23.9,26.6,87,22.1,22.0,1006.0,14.6,238,24.1,1,0.40000000000000013,-0.49391220516457285,0.5263157894736841,-0.322129296956174,0.32954545454545475,-0.7527906398407506,0.8636363636363636,0.8878647183285344,0.32374100719424515,-1.4399427740471726,0.39688715953307385,-0.21620506993509792,0.6611111111111111,0.7543472974137305,0.8320000000000002,0.5311129038004352
2022-08-02,31.3,24.8,27.2,87,9.7,12.0,1006.8,14.6,215,24.7,0,0.40000000000000013,-0.49391220516457285,0.605263157894737,0.3264204083993177,0.3977272727272727,-0.3122783136472415,0.8636363636363636,0.8878647183285344,0.38129496402877433,-1.0308526105802418,0.39688715953307385,-0.21620506993509792,0.5972222222222222,0.4766297899253429,0.88,0.8011139311334778
2022-08-03,30.4,24.3,26.6,88,8.1,10.0,1008.0,14.8,263,24.3,0,0.3333333333333333,-0.9102712456762329,0.5614035087719299,-0.03388498346484352,0.32954545454545475,-0.7527906398407506,0.8863636363636364,0.9838319852465911,0.4676258992805763,-0.41721736537978743,0.40466926070038906,-0.16898263236125688,0.7305555555555555,1.0562141533793692,0.8480000000000001,0.6211132462447827
2022-08-04,31.2,23.7,26.6,87,11.1,11.0,1007.6,14.9,271,24.2,0,0.39259259259259266,-0.54017432077698,0.5087719298245613,-0.46625145370183796,0.32954545454545475,-0.7527906398407506,0.8636363636363636,0.8878647183285344,0.43884892086331173,-0.6217624471132528,0.40856031128404663,-0.14537141357433658,0.7527777777777778,1.1528115472883735,0.84,0.5761130750226082
2022-08-05,31.6,24.5,26.8,86,13.2,9.0,1007.1,18.7,287,24.0,0,0.42222222222222244,-0.35512585832735283,0.5789473684210527,0.11023717328082044,0.3522727272727274,-0.6059531977762476,0.8409090909090909,0.7918974514104776,0.4028776978417289,-0.8774437992800992,0.5564202334630349,0.751854900328638,0.7972222222222223,1.3460063351063822,0.8240000000000001,0.48611273257826065
2022-08-06,27.8,24.6,25.6,89,14.9,12.0,1006.7,20.5,239,23.6,1,0.1407407407407409,-2.1130862515988027,0.5877192982456142,0.1822982516536537,0.21590909090909113,-1.4869778501632682,0.9090909090909091,1.0797992521646478,0.3741007194244643,-1.0819888810135645,0.6264591439688716,1.1768568384932052,0.6638888888888889,0.766421971652356,0.7920000000000001,0.30611204768956557
2022-08-07,29.3,24.3,26.1,87,12.9,9.0,1006.4,20.9,254,23.8,0,0.251851851851852,-1.419154517412704,0.5614035087719299,-0.03388498346484352,0.27272727272727293,-1.1198842450020094,0.8636363636363636,0.8878647183285344,0.3525179856115097,-1.2353976923137073,0.6420233463035019,1.2713017136408864,0.7055555555555556,0.9475420852317392,0.8080000000000002,0.39611239013391314
2022-08-08,27.7,24.4,25.5,88,18.1,14.0,1006.6,20.5,258,23.2,1,0.1333333333333334,-2.1593483672112095,0.5701754385964911,0.03817609490798718,0.2045454545454546,-1.560396571195521,0.8863636363636364,0.9838319852465911,0.3669064748201461,-1.1331251514469454,0.6264591439688716,1.1768568384932052,0.7166666666666667,0.9958407821862414,0.76,0.12611136280086893
2022-08-09,30.0,24.1,25.9,87,11.9,8.0,1006.1,23.1,259,23.4,0,0.3037037037037038,-1.0953197081258585,0.5438596491228072,-0.17800714021050748,0.2499999999999999,-1.266721687066515,0.8636363636363636,0.8878647183285344,0.3309352517985633,-1.3888065036137918,0.727626459143969,1.7907485269531356,0.7194444444444444,1.007915456424867,0.7759999999999999,0.21611170524521645
2022-08-10,30.3,23.9,26.3,86,9.1,8.0,1005.8,21.7,236,23.7,0,0.32592592592592606,-0.9565333612886384,0.5263157894736841,-0.322129296956174,0.2954545454545456,-0.9730468029375063,0.8409090909090909,0.7918974514104776,0.30935251798560875,-1.5422153149139344,0.6731517509727625,1.4601914639362497,0.6555555555555556,0.7301979489364794,0.8,0.35111221891173855
2022-08-11,30.3,24.0,26.1,87,12.2,9.0,1006.9,24.0,214,23.8,0,0.32592592592592606,-0.9565333612886384,0.5350877192982456,-0.2500682185833407,0.27272727272727293,-1.1198842450020094,0.8636363636363636,0.8878647183285344,0.3884892086330925,-0.9797163401468609,0.7626459143968871,2.003249496035419,0.5944444444444444,0.46455511568671737,0.8080000000000002,0.39611239013391314
2022-08-12,32.0,23.3,26.8,86,8.5,6.0,1007.9,20.8,205,24.0,0,0.45185185185185195,-0.17007739587772722,0.4736842105263159,-0.7544957671931659,0.3522727272727274,-0.6059531977762476,0.8409090909090909,0.7918974514104776,0.46043165467625813,-0.4683536358131683,0.6381322957198442,1.2476904948539664,0.5694444444444444,0.35588304753908745,0.8240000000000001,0.48611273257826065
2022-08-13,32.8,23.8,28.1,78,0.1,1.0,1007.8,12.1,242,23.4,0,0.511111111111111,0.20001952902152395,0.5175438596491229,-0.3941903753290047,0.5000000000000002,0.34849017564302603,0.6590909090909091,0.02415931606602393,0.4532374100719399,-0.5194899062465492,0.2996108949416342,-0.8064855396081076,0.6722222222222223,0.8026459943682327,0.7759999999999999,0.21611170524521645
2022-08-14,32.2,24.4,27.4,85,9.4,9.0,1007.7,10.7,255,24.5,0,0.466666666666667,-0.07755316465291279,0.5701754385964911,0.03817609490798718,0.42045454545454536,-0.16544087158273846,0.8181818181818182,0.695930184492421,0.4460431654676299,-0.5706261766798719,0.24513618677042795,-1.1370426026249931,0.7083333333333334,0.9596167594703647,0.8640000000000001,0.7111135886891303
2022-08-15,29.2,24.4,26.6,88,4.6,11.0,1007.3,16.6,228,24.3,0,0.2444444444444445,-1.4654166330251113,0.5701754385964911,0.03817609490798718,0.32954545454545475,-0.7527906398407506,0.8863636363636364,0.9838319852465911,0.4172661870503571,-0.7751712584133955,0.47470817120622566,0.2560193058033103,0.6333333333333333,0.633600555027475,0.8480000000000001,0.6211132462447827
2022-08-16,31.1,23.7,26.3,89,7.9,7.0,1007.3,17.9,221,24.2,0,0.3851851851851854,-0.5864364363893856,0.5087719298245613,-0.46625145370183796,0.2954545454545456,-0.9730468029375063,0.9090909090909091,1.0797992521646478,0.4172661870503571,-0.7751712584133955,0.5252918287937742,0.5629651500332746,0.6138888888888889,0.5490778353570962,0.84,0.5761130750226082
2022-08-17,31.3,23.8,27.0,87,2.7,10.0,1007.6,16.4,221,24.4,0,0.40000000000000013,-0.49391220516457285,0.5175438596491229,-0.3941903753290047,0.37500000000000006,-0.4591157557117445,0.8636363636363636,0.8878647183285344,0.43884892086331173,-0.6217624471132528,0.4669260700389104,0.20879686822946883,0.6138888888888889,0.5490778353570962,0.856,0.6661134174669557
2022-08-18,32.0,24.4,27.3,86,13.0,8.0,1007.1,17.1,248,24.6,0,0.45185185185185195,-0.17007739587772722,0.5701754385964911,0.03817609490798718,0.4090909090909092,-0.23885959261498868,0.8409090909090909,0.7918974514104776,0.4028776978417289,-0.8774437992800992,0.4941634241245136,0.3740753997379122,0.6888888888888889,0.8750940397999859,0.8720000000000002,0.7561137599113048
2022-08-19,31.3,24.5,27.1,87,2.4,7.0,1006.6,21.6,259,24.7,0,0.40000000000000013,-0.49391220516457285,0.5789473684210527,0.11023717328082044,0.3863636363636366,-0.3856970346794917,0.8636363636363636,0.8878647183285344,0.3669064748201461,-1.1331251514469454,0.6692607003891051,1.4365802451493297,0.7194444444444444,1.007915456424867,0.88,0.8011139311334778
2022-08-20,30.7,24.9,26.9,88,12.5,12.0,1006.2,17.9,239,24.7,0,0.3555555555555556,-0.7714848988390128,0.6140350877192982,0.39848148677214834,0.36363636363636354,-0.5325344767439973,0.8863636363636364,0.9838319852465911,0.33812949640288154,-1.337670233180411,0.5252918287937742,0.5629651500332746,0.6638888888888889,0.766421971652356,0.88,0.8011139311334778
2022-08-21,31.5,24.6,26.9,87,8.0,8.0,1006.5,20.5,213,24.4,0,0.4148148148148149,-0.40138797393976006,0.5877192982456142,0.1822982516536537,0.36363636363636354,-0.5325344767439973,0.8636363636363636,0.8878647183285344,0.35971223021582793,-1.1842614218803265,0.6264591439688716,1.1768568384932052,0.5916666666666667,0.4524804414480918,0.856,0.6661134174669557
2022-08-22,31.8,24.2,27.1,86,4.0,8.0,1007.2,13.6,230,24.4,0,0.43703703703703717,-0.26260162710254004,0.5526315789473684,-0.10594606183767678,0.3863636363636366,-0.3856970346794917,0.8409090909090909,0.7918974514104776,0.4100719424460471,-0.8263075288467183,0.357976653696498,-0.4523172578043018,0.6388888888888888,0.6577499035047261,0.856,0.6661134174669557
2022-08-23,31.2,24.2,26.7,88,15.5,9.0,1007.3,15.5,240,24.4,1,0.39259259259259266,-0.54017432077698,0.5526315789473684,-0.10594606183767678,0.3409090909090909,-0.6793719188085003,0.8863636363636364,0.9838319852465911,0.4172661870503571,-0.7751712584133955,0.4319066147859922,-0.003704100852814333,0.6666666666666666,0.7784966458909816,0.856,0.6661134174669557
2022-08-24,31.7,24.6,27.3,85,5.9,10.0,1006.0,14.8,246,24.5,0,0.4296296296296297,-0.30886374271494726,0.5877192982456142,0.1822982516536537,0.4090909090909092,-0.23885959261498868,0.8181818181818182,0.695930184492421,0.32374100719424515,-1.4399427740471726,0.40466926070038906,-0.16898263236125688,0.6833333333333333,0.8509446913227349,0.8640000000000001,0.7111135886891303
2022-08-25,31.2,24.7,26.5,88,13.1,11.0,1006.3,15.3,194,24.2,0,0.39259259259259266,-0.54017432077698,0.5964912280701754,0.2543593300264844,0.31818181818181823,-0.8262093608730033,0.8863636363636364,0.9838319852465911,0.34532374100719154,-1.2865339627470882,0.42412451361867703,-0.05092653842665494,0.5388888888888889,0.22306163091420644,0.84,0.5761130750226082
2022-08-26,29.2,24.2,26.0,90,15.0,12.0,1008.2,14.1,175,24.2,0,0.2444444444444445,-1.4654166330251113,0.5526315789473684,-0.10594606183767678,0.2613636363636364,-1.1933029660342622,0.9318181818181818,1.1757665190827045,0.4820143884892127,-0.31494482451302563,0.37743190661478593,-0.3342611638696999,0.4861111111111111,-0.006357179619678942,0.84,0.5761130750226082
2022-08-27,31.7,23.4,26.8,86,18.5,13.0,1008.1,14.8,335,24.2,0,0.4296296296296297,-0.30886374271494726,0.4824561403508771,-0.6824346888203352,0.3522727272727274,-0.6059531977762476,0.8409090909090909,0.7918974514104776,0.4748201438848945,-0.36608109494640656,0.40466926070038906,-0.16898263236125688,0.9305555555555556,1.9255906985604085,0.84,0.5761130750226082
2022-08-28,31.2,23.0,26.6,88,6.4,5.0,1007.1,8.7,359,24.2,0,0.39259259259259266,-0.54017432077698,0.44736842105263164,-0.970679002311663,0.32954545454545475,-0.7527906398407506,0.8863636363636364,0.9838319852465911,0.4028776978417289,-0.8774437992800992,0.1673151750972762,-1.609266978363401,0.9972222222222222,2.2153828802874216,0.84,0.5761130750226082
2022-08-29,31.3,23.7,27.1,85,8.8,12.0,1007.8,18.0,134,24.3,0,0.40000000000000013,-0.49391220516457285,0.5087719298245613,-0.46625145370183796,0.3863636363636366,-0.3856970346794917,0.8181818181818182,0.695930184492421,0.4532374100719399,-0.5194899062465492,0.5291828793774318,0.5865763688201954,0.37222222222222223,-0.5014188234033263,0.8480000000000001,0.6211132462447827
2022-08-30,31.7,24.8,27.3,87,14.3,12.0,1008.0,15.9,92,24.8,0,0.4296296296296297,-0.30886374271494726,0.605263157894737,0.3264204083993177,0.4090909090909092,-0.23885959261498868,0.8636363636363636,0.8878647183285344,0.4676258992805763,-0.41721736537978743,0.44747081712062253,0.09074077429486731,0.25555555555555554,-1.0085551414255993,0.8880000000000001,0.8461141023556523
2022-08-31,31.9,23.9,26.9,86,12.6,15.0,1007.4,9.3,341,24.2,0,0.4444444444444444,-0.21633951149013445,0.5263157894736841,-0.322129296956174,0.36363636363636354,-0.5325344767439973,0.8409090909090909,0.7918974514104776,0.42446043165467534,-0.7240349879800146,0.19066147859922178,-1.4675996656418784,0.9472222222222222,1.9980387439921619,0.84,0.5761130750226082
2022-09-01,32.2,23.7,27.0,86,14.7,8.0,1007.3,8.9,351,24.3,1,0.466666666666667,-0.07755316465291279,0.5087719298245613,-0.46625145370183796,0.37500000000000006,-0.4591157557117445,0.8409090909090909,0.7918974514104776,0.4172661870503571,-0.7751712584133955,0.17509727626459143,-1.56204454078956,0.975,2.118785486378417,0.8480000000000001,0.6211132462447827
2022-09-02,32.1,24.2,27.2,86,10.6,11.0,1007.6,10.6,215,24.5,0,0.4592592592592595,-0.12381528026532002,0.5526315789473684,-0.10594606183767678,0.3977272727272727,-0.3122783136472415,0.8409090909090909,0.7918974514104776,0.43884892086331173,-0.6217624471132528,0.24124513618677038,-1.1606538214119135,0.5972222222222222,0.4766297899253429,0.8640000000000001,0.7111135886891303
2022-09-03,31.9,24.2,26.9,86,16.2,10.0,1007.1,15.0,221,24.3,1,0.4444444444444444,-0.21633951149013445,0.5526315789473684,-0.10594606183767678,0.36363636363636354,-0.5325344767439973,0.8409090909090909,0.7918974514104776,0.4028776978417289,-0.8774437992800992,0.4124513618677042,-0.12176019478741629,0.6138888888888889,0.5490778353570962,0.8480000000000001,0.6211132462447827
2022-09-04,31.3,23.9,26.5,87,9.5,14.0,1008.0,20.5,247,24.1,0,0.40000000000000013,-0.49391220516457285,0.5263157894736841,-0.322129296956174,0.31818181818181823,-0.8262093608730033,0.8636363636363636,0.8878647183285344,0.4676258992805763,-0.41721736537978743,0.6264591439688716,1.1768568384932052,0.6861111111111111,0.8630193655613604,0.8320000000000002,0.5311129038004352
2022-09-05,31.3,24.2,26.4,89,10.4,7.0,1008.4,22.9,243,24.3,0,0.40000000000000013,-0.49391220516457285,0.5526315789473684,-0.10594606183767678,0.3068181818181817,-0.8996280819052562,0.9090909090909091,1.0797992521646478,0.4964028776978409,-0.212672283646322,0.7198443579766536,1.743526089379294,0.675,0.8147206686068582,0.8480000000000001,0.6211132462447827
2022-09-06,30.3,24.3,26.2,89,14.8,15.0,1007.8,22.7,234,24.1,1,0.32592592592592606,-0.9565333612886384,0.5614035087719299,-0.03388498346484352,0.28409090909090906,-1.0464655239697591,0.9090909090909091,1.0797992521646478,0.4532374100719399,-0.5194899062465492,0.7120622568093383,1.6963036518054535,0.65,0.7060486004592282,0.8320000000000002,0.5311129038004352
2022-09-07,27.9,24.1,25.4,91,12.4,20.0,1008.3,12.7,237,23.9,0,0.14814814814814814,-2.066824135986397,0.5438596491228072,-0.17800714021050748,0.1931818181818181,-1.633815292227774,0.9545454545454546,1.2717337860007614,0.4892086330935227,-0.2638085540797029,0.3229571984435797,-0.6648182268865854,0.6583333333333333,0.7422726231751049,0.816,0.44111256135608606
2022-09-08,31.3,23.7,26.4,85,2.9,9.0,1009.5,19.0,223,23.5,0,0.40000000000000013,-0.49391220516457285,0.5087719298245613,-0.46625145370183796,0.3068181818181817,-0.8996280819052562,0.8181818181818182,0.695930184492421,0.5755395683453247,0.3498266911207515,0.5680933852140077,0.8226885566893993,0.6194444444444445,0.5732271838343472,0.784,0.26111187646739104
2022-09-09,32.0,23.6,26.9,83,20.3,11.0,1009.5,12.5,249,23.5,1,0.45185185185185195,-0.17007739587772722,0.5000000000000001,-0.5383125320746687,0.36363636363636354,-0.5325344767439973,0.7727272727272727,0.5039956506563075,0.5755395683453247,0.3498266911207515,0.3151750972762645,-0.712040664460426,0.6916666666666667,0.8871687140386115,0.784,0.26111187646739104
2022-09-10,30.4,24.0,26.3,88,4.7,9.0,1009.2,18.7,133,24.0,0,0.3333333333333333,-0.9102712456762329,0.5350877192982456,-0.2500682185833407,0.2954545454545456,-0.9730468029375063,0.8863636363636364,0.9838319852465911,0.5539568345323783,0.19641787982066697,0.5564202334630349,0.751854900328638,0.36944444444444446,-0.5134934976419518,0.8240000000000001,0.48611273257826065
2022-09-11,30.5,23.8,26.0,88,12.2,11.0,1008.6,16.7,132,23.9,0,0.34074074074074084,-0.8640091300638256,0.5175438596491229,-0.3941903753290047,0.2613636363636364,-1.1933029660342622,0.8863636363636364,0.9838319852465911,0.5107913669064773,-0.11039974277956023,0.4785992217898832,0.2796305245902302,0.36666666666666664,-0.5255681718805775,0.816,0.44111256135608606
2022-09-12,30.3,24.2,26.1,88,15.6,12.0,1008.0,15.3,151,23.9,0,0.32592592592592606,-0.9565333612886384,0.5526315789473684,-0.10594606183767678,0.27272727272727293,-1.1198842450020094,0.8863636363636364,0.9838319852465911,0.4676258992805763,-0.41721736537978743,0.42412451361867703,-0.05092653842665494,0.41944444444444445,-0.29614936134669206,0.816,0.44111256135608606
2022-09-13,31.0,23.5,26.8,87,3.1,9.0,1008.8,15.9,200,24.4,0,0.3777777777777779,-0.6326985520017928,0.4912280701754386,-0.6103736104475019,0.3522727272727274,-0.6059531977762476,0.8636363636363636,0.8878647183285344,0.5251798561151055,-0.008127201912856584,0.44747081712062253,0.09074077429486731,0.5555555555555556,0.2955096763459597,0.856,0.6661134174669557
2022-09-14,31.5,24.3,26.7,86,8.3,8.0,1009.8,17.7,228,24.1,0,0.4148148148148149,-0.40138797393976006,0.5614035087719299,-0.03388498346484352,0.3409090909090909,-0.6793719188085003,0.8409090909090909,0.7918974514104776,0.5971223021582711,0.503235502420836,0.5175097276264591,0.515742712459434,0.6333333333333333,0.633600555027475,0.8320000000000002,0.5311129038004352
2022-09-15,30.7,23.6,26.2,88,14.8,12.0,1009.2,20.7,239,24.1,0,0.3555555555555556,-0.7714848988390128,0.5000000000000001,-0.5383125320746687,0.28409090909090906,-1.0464655239697591,0.8863636363636364,0.9838319852465911,0.5539568345323783,0.19641787982066697,0.6342412451361866,1.2240792760670458,0.6638888888888889,0.766421971652356,0.8320000000000002,0.5311129038004352
2022-09-16,30.8,24.1,26.3,88,12.4,12.0,1007.1,17.3,235,24.1,0,0.3629629629629631,-0.7252227832266056,0.5438596491228072,-0.17800714021050748,0.2954545454545456,-0.9730468029375063,0.8863636363636364,0.9838319852465911,0.4028776978417289,-0.8774437992800992,0.5019455252918288,0.42129783731175285,0.6527777777777778,0.7181232746978539,0.8320000000000002,0.5311129038004352
2022-09-17,31.0,24.2,26.5,87,17.8,9.0,1007.3,16.2,249,24.2,1,0.3777777777777779,-0.6326985520017928,0.5526315789473684,-0.10594606183767678,0.31818181818181823,-0.8262093608730033,0.8636363636363636,0.8878647183285344,0.4172661870503571,-0.7751712584133955,0.45914396887159525,0.16157443065562824,0.6916666666666667,0.8871687140386115,0.84,0.5761130750226082
2022-09-18,31.2,23.8,26.5,87,9.2,13.0,1008.2,15.8,282,24.0,0,0.39259259259259266,-0.54017432077698,0.5175438596491229,-0.3941903753290047,0.31818181818181823,-0.8262093608730033,0.8636363636363636,0.8878647183285344,0.4820143884892127,-0.31494482451302563,0.44357976653696496,0.067129555507947,0.7833333333333333,1.2856329639132544,0.8240000000000001,0.48611273257826065
2022-09-19,30.1,23.9,26.4,87,12.2,11.0,1008.2,17.7,270,23.9,0,0.31111111111111134,-1.0490575925134513,0.5263157894736841,-0.322129296956174,0.3068181818181817,-0.8996280819052562,0.8636363636363636,0.8878647183285344,0.4820143884892127,-0.31494482451302563,0.5175097276264591,0.515742712459434,0.75,1.140736873049748,0.816,0.44111256135608606
2022-09-20,31.0,23.9,26.2,87,14.0,10.0,1007.2,16.3,256,23.8,1,0.3777777777777779,-0.6326985520017928,0.5263157894736841,-0.322129296956174,0.28409090909090906,-1.0464655239697591,0.8636363636363636,0.8878647183285344,0.4100719424460471,-0.8263075288467183,0.4630350194552529,0.18518564944254895,0.7111111111111111,0.9716914337089904,0.8080000000000002,0.39611239013391314
2022-09-21,29.9,23.9,26.0,88,7.1,15.0,1006.7,16.8,233,23.8,0,0.2962962962962963,-1.1415818237382658,0.5263157894736841,-0.322129296956174,0.2613636363636364,-1.1933029660342622,0.8863636363636364,0.9838319852465911,0.3741007194244643,-1.0819888810135645,0.4824902723735408,0.3032417433771509,0.6472222222222223,0.6939739262206027,0.8080000000000002,0.39611239013391314
2022-09-22,30.5,23.9,26.1,88,13.6,15.0,1007.2,17.7,214,23.9,0,0.34074074074074084,-0.8640091300638256,0.5263157894736841,-0.322129296956174,0.27272727272727293,-1.1198842450020094,0.8863636363636364,0.9838319852465911,0.4100719424460471,-0.8263075288467183,0.5175097276264591,0.515742712459434,0.5944444444444444,0.46455511568671737,0.816,0.44111256135608606
2022-09-23,30.6,24.0,26.8,85,5.1,7.0,1007.8,14.0,213,24.0,0,0.3481481481481484,-0.8177470144514184,0.5350877192982456,-0.2500682185833407,0.3522727272727274,-0.6059531977762476,0.8181818181818182,0.695930184492421,0.4532374100719399,-0.5194899062465492,0.37354085603112835,-0.3578723826566202,0.5916666666666667,0.4524804414480918,0.8240000000000001,0.48611273257826065
2022-09-24,31.3,24.3,26.8,87,19.4,7.0,1007.1,17.7,225,24.2,1,0.40000000000000013,-0.49391220516457285,0.5614035087719299,-0.03388498346484352,0.3522727272727274,-0.6059531977762476,0.8636363636363636,0.8878647183285344,0.4028776978417289,-0.8774437992800992,0.5175097276264591,0.515742712459434,0.625,0.5973765323115984,0.84,0.5761130750226082
2022-09-25,31.3,24.0,26.4,87,20.4,15.0,1007.7,15.7,205,24.0,1,0.40000000000000013,-0.49391220516457285,0.5350877192982456,-0.2500682185833407,0.3068181818181817,-0.8996280819052562,0.8636363636363636,0.8878647183285344,0.4460431654676299,-0.5706261766798719,0.43968871595330733,0.04351833672102628,0.5694444444444444,0.35588304753908745,0.8240000000000001,0.48611273257826065
2022-09-26,31.1,24.2,26.0,90,29.1,20.0,1007.6,21.5,280,24.1,1,0.3851851851851854,-0.5864364363893856,0.5526315789473684,-0.10594606183767678,0.2613636363636364,-1.1933029660342622,0.9318181818181818,1.1757665190827045,0.43884892086331173,-0.6217624471132528,0.6653696498054474,1.412969026362409,0.7777777777777778,1.2614836154360034,0.8320000000000002,0.5311129038004352
2022-09-27,29.3,23.5,25.6,88,16.9,15.0,1005.4,19.2,272,23.2,1,0.251851851851852,-1.419154517412704,0.4912280701754386,-0.6103736104475019,0.21590909090909113,-1.4869778501632682,0.8863636363636364,0.9838319852465911,0.28057553956834413,-1.7467603966474,0.5758754863813228,0.8699109942632399,0.7555555555555555,1.164886221526999,0.76,0.12611136280086893
2022-09-28,29.3,24.3,25.7,89,11.0,12.0,1002.8,22.5,242,23.8,0,0.251851851851852,-1.419154517412704,0.5614035087719299,-0.03388498346484352,0.22727272727272727,-1.413559129131018,0.9090909090909091,1.0797992521646478,0.09352517985611199,-3.076303427915012,0.7042801556420233,1.649081214231613,0.6722222222222223,0.8026459943682327,0.8080000000000002,0.39611239013391314
2022-09-29,29.7,23.7,26.0,88,7.8,10.0,1005.1,20.0,213,23.8,0,0.28148148148148155,-1.2341060549630785,0.5087719298245613,-0.46625145370183796,0.2613636363636364,-1.1933029660342622,0.8863636363636364,0.9838319852465911,0.25899280575539774,-1.9001692079474843,0.6070038910505836,1.0588007445586032,0.5916666666666667,0.4524804414480918,0.8080000000000002,0.39611239013391314
2022-09-30,29.8,23.7,26.5,87,2.9,14.0,1007.8,16.6,211,24.1,0,0.28888888888888903,-1.1878439393506712,0.5087719298245613,-0.46625145370183796,0.31818181818181823,-0.8262093608730033,0.8636363636363636,0.8878647183285344,0.4532374100719399,-0.5194899062465492,0.47470817120622566,0.2560193058033103,0.5861111111111111,0.4283310929708407,0.8320000000000002,0.5311129038004352
2022-10-01,29.5,24.8,26.1,90,26.5,23.0,1008.4,15.1,187,24.3,1,0.2666666666666668,-1.3266302861878914,0.605263157894737,0.3264204083993177,0.27272727272727293,-1.1198842450020094,0.9318181818181818,1.1757665190827045,0.4964028776978409,-0.212672283646322,0.4163424124513618,-0.09814897600049598,0.5194444444444445,0.1385389112438276,0.8480000000000001,0.6211132462447827
2022-10-02,28.3,23.8,26.0,89,20.7,9.0,1008.0,13.3,127,24.1,1,0.17777777777777792,-1.8817756735367697,0.5175438596491229,-0.3941903753290047,0.2613636363636364,-1.1933029660342622,0.9090909090909091,1.0797992521646478,0.4676258992805763,-0.41721736537978743,0.3463035019455253,-0.5231509141650628,0.3527777777777778,-0.5859415430737052,0.8320000000000002,0.5311129038004352
2022-10-03,30.0,24.0,26.6,86,3.8,6.0,1007.9,19.3,125,24.0,0,0.3037037037037038,-1.0953197081258585,0.5350877192982456,-0.2500682185833407,0.32954545454545475,-0.7527906398407506,0.8409090909090909,0.7918974514104776,0.46043165467625813,-0.4683536358131683,0.5797665369649805,0.8935222130501607,0.3472222222222222,-0.6100908915509563,0.8240000000000001,0.48611273257826065
2022-10-04,30.0,23.4,26.8,85,5.0,10.0,1008.9,10.5,56,24.0,0,0.3037037037037038,-1.0953197081258585,0.4824561403508771,-0.6824346888203352,0.3522727272727274,-0.6059531977762476,0.8181818181818182,0.695930184492421,0.5323741007194237,0.04300906852052431,0.2373540856031128,-1.1842650401988337,0.15555555555555556,-1.443243414016119,0.8240000000000001,0.48611273257826065
2022-10-05,30.2,24.1,26.0,89,15.5,11.0,1009.4,22.2,124,24.0,0,0.3185185185185186,-1.0027954769010456,0.5438596491228072,-0.17800714021050748,0.2613636363636364,-1.1933029660342622,0.9090909090909091,1.0797992521646478,0.5683453237410064,0.2986904206873706,0.6926070038910503,1.5782475578708517,0.34444444444444444,-0.6221655657895818,0.8240000000000001,0.48611273257826065
2022-10-06,29.5,23.7,26.0,89,4.3,7.0,1009.8,14.7,103,24.0,0,0.2666666666666668,-1.3266302861878914,0.5087719298245613,-0.46625145370183796,0.2613636363636364,-1.1933029660342622,0.9090909090909091,1.0797992521646478,0.5971223021582711,0.503235502420836,0.4007782101167314,-0.19259385114817762,0.2861111111111111,-0.8757337248007183,0.8240000000000001,0.48611273257826065
2022-10-07,31.1,23.2,26.7,85,13.7,7.0,1009.2,13.6,84,23.7,0,0.3851851851851854,-0.5864364363893856,0.4649122807017544,-0.8265568455659992,0.3409090909090909,-0.6793719188085003,0.8181818181818182,0.695930184492421,0.5539568345323783,0.19641787982066697,0.357976653696498,-0.4523172578043018,0.23333333333333334,-1.1051525353346037,0.8,0.35111221891173855
2022-10-08,27.5,23.5,25.2,91,7.1,17.0,1009.9,8.8,267,23.5,0,0.11851851851851862,-2.2518725984360226,0.4912280701754386,-0.6103736104475019,0.17045454545454544,-1.7806527342922769,0.9545454545454546,1.2717337860007614,0.6043165467625893,0.5543717728542169,0.17120622568093385,-1.5856557595764802,0.7416666666666667,1.1045128503338713,0.784,0.26111187646739104
2022-10-09,29.9,23.3,25.9,87,14.2,17.0,1010.2,11.3,74,23.5,0,0.2962962962962963,-1.1415818237382658,0.4736842105263159,-0.7544957671931659,0.2499999999999999,-1.266721687066515,0.8636363636363636,0.8878647183285344,0.6258992805755439,0.7077805841543596,0.26848249027237353,-0.9953752899034706,0.20555555555555555,-1.225899277720859,0.784,0.26111187646739104
2022-10-10,29.2,23.6,25.7,87,6.7,11.0,1010.8,10.1,73,23.2,0,0.2444444444444445,-1.4654166330251113,0.5000000000000001,-0.5383125320746687,0.22727272727272727,-1.413559129131018,0.8636363636363636,0.8878647183285344,0.6690647482014367,1.0145982067545287,0.22178988326848245,-1.2787099153465153,0.20277777777777778,-1.2379739519594846,0.76,0.12611136280086893
2022-10-11,30.9,23.3,26.2,86,6.7,8.0,1010.0,9.4,321,23.5,0,0.37037037037037035,-0.6789606676142,0.4736842105263159,-0.7544957671931659,0.28409090909090906,-1.0464655239697591,0.8409090909090909,0.7918974514104776,0.6115107913669074,0.6055080432875978,0.19455252918287935,-1.443988446854958,0.8916666666666667,1.7565452592196509,0.784,0.26111187646739104
2022-10-12,30.8,23.6,26.3,86,9.9,12.0,1008.9,11.6,357,23.7,0,0.3629629629629631,-0.7252227832266056,0.5000000000000001,-0.5383125320746687,0.2954545454545456,-0.9730468029375063,0.8409090909090909,0.7918974514104776,0.5323741007194237,0.04300906852052431,0.28015564202334625,-0.9245416335427096,0.9916666666666667,2.1912335318101706,0.8,0.35111221891173855
2022-10-13,31.7,23.0,27.0,79,0.4,1.0,1007.4,18.4,330,22.8,0,0.4296296296296297,-0.30886374271494726,0.44736842105263164,-0.970679002311663,0.37500000000000006,-0.4591157557117445,0.6818181818181818,0.12012658298408065,0.42446043165467534,-0.7240349879800146,0.5447470817120621,0.6810212439678767,0.9166666666666666,1.8652173273672807,0.7280000000000001,-0.05388932208782614
2022-10-14,30.0,23.8,26.4,82,0.4,2.0,1005.9,18.4,325,22.9,0,0.3037037037037038,-1.0953197081258585,0.5175438596491229,-0.3941903753290047,0.3068181818181817,-0.8996280819052562,0.75,0.4080283837382508,0.3165467625899269,-1.4910790444805535,0.5447470817120621,0.6810212439678767,0.9027777777777778,1.804843956174153,0.736,-0.008889150865653173
2022-10-15,30.0,22.2,25.7,79,0.0,0.0,1005.9,12.1,311,21.4,0,0.3037037037037038,-1.0953197081258585,0.37719298245614036,-1.5471676292943215,0.22727272727272727,-1.413559129131018,0.6818181818181818,0.12012658298408065,0.3165467625899269,-1.4910790444805535,0.2996108949416342,-0.8064855396081076,0.8638888888888889,1.6357985168333953,0.616,-0.6838917191982621
2022-10-16,31.0,21.3,26.0,79,0.0,0.0,1008.5,11.3,311,21.7,0,0.3777777777777779,-0.6326985520017928,0.29824561403508787,-2.1957173346498107,0.2613636363636364,-1.1933029660342622,0.6818181818181818,0.12012658298408065,0.5035971223021591,-0.16153601321294112,0.26848249027237353,-0.9953752899034706,0.8638888888888889,1.6357985168333953,0.64,-0.54889120553174
2022-10-17,31.6,23.1,27.2,79,3.4,5.0,1008.8,11.7,319,22.8,0,0.42222222222222244,-0.35512585832735283,0.4561403508771931,-0.8986179239388299,0.3977272727272727,-0.3122783136472415,0.6818181818181818,0.12012658298408065,0.5251798561151055,-0.008127201912856584,0.2840466926070038,-0.9009304147557893,0.8861111111111111,1.7323959107423996,0.7280000000000001,-0.05388932208782614
2022-10-18,30.4,23.3,26.0,87,16.4,13.0,1008.3,15.5,176,23.5,0,0.3333333333333333,-0.9102712456762329,0.4736842105263159,-0.7544957671931659,0.2613636363636364,-1.1933029660342622,0.8636363636363636,0.8878647183285344,0.4892086330935227,-0.2638085540797029,0.4319066147859922,-0.003704100852814333,0.4888888888888889,0.005717494618946604,0.784,0.26111187646739104
2022-10-19,29.7,24.1,25.7,88,28.3,19.0,1008.4,15.6,155,23.6,1,0.28148148148148155,-1.2341060549630785,0.5438596491228072,-0.17800714021050748,0.22727272727272727,-1.413559129131018,0.8863636363636364,0.9838319852465911,0.4964028776978409,-0.212672283646322,0.43579766536964976,0.01990711793410597,0.4305555555555556,-0.24785066439218986,0.7920000000000001,0.30611204768956557
2022-10-20,28.6,24.2,25.8,88,9.4,13.0,1009.9,19.6,130,23.7,0,0.2000000000000002,-1.7429893266995498,0.5526315789473684,-0.10594606183767678,0.23863636363636379,-1.3401404080987653,0.8863636363636364,0.9838319852465911,0.6043165467625893,0.5543717728542169,0.5914396887159533,0.964355869410922,0.3611111111111111,-0.5497175203578285,0.8,0.35111221891173855
2022-10-21,30.8,24.1,26.7,85,6.2,6.0,1010.7,17.2,98,23.8,0,0.3629629629629631,-0.7252227832266056,0.5438596491228072,-0.17800714021050748,0.3409090909090909,-0.6793719188085003,0.8181818181818182,0.695930184492421,0.6618705035971266,0.9634619363212059,0.4980544747081711,0.3976866185248321,0.2722222222222222,-0.936107095993846,0.8080000000000002,0.39611239013391314
2022-10-22,30.5,23.6,26.6,87,12.5,7.0,1010.8,13.0,312,24.1,0,0.34074074074074084,-0.8640091300638256,0.5000000000000001,-0.5383125320746687,0.32954545454545475,-0.7527906398407506,0.8636363636363636,0.8878647183285344,0.6690647482014367,1.0145982067545287,0.3346303501945525,-0.5939845705258241,0.8666666666666667,1.647873191072021,0.8320000000000002,0.5311129038004352
2022-10-23,30.7,23.8,26.4,86,20.5,14.0,1010.5,10.4,314,23.8,1,0.3555555555555556,-0.7714848988390128,0.5175438596491229,-0.3941903753290047,0.3068181818181817,-0.8996280819052562,0.8409090909090909,0.7918974514104776,0.6474820143884903,0.8611893954544442,0.23346303501945523,-1.2078762589857541,0.8722222222222222,1.672022539549272,0.8080000000000002,0.39611239013391314
2022-10-24,31.3,24.1,26.6,88,9.6,15.0,1009.4,11.6,268,24.3,0,0.40000000000000013,-0.49391220516457285,0.5438596491228072,-0.17800714021050748,0.32954545454545475,-0.7527906398407506,0.8863636363636364,0.9838319852465911,0.5683453237410064,0.2986904206873706,0.28015564202334625,-0.9245416335427096,0.7444444444444445,1.1165875245724968,0.8480000000000001,0.6211132462447827
2022-10-25,30.8,23.6,26.8,85,10.4,10.0,1009.3,17.7,337,23.9,0,0.3629629629629631,-0.7252227832266056,0.5000000000000001,-0.5383125320746687,0.3522727272727274,-0.6059531977762476,0.8181818181818182,0.695930184492421,0.5611510791366883,0.24755415025398972,0.5175097276264591,0.515742712459434,0.9361111111111111,1.9497400470376596,0.816,0.44111256135608606
2022-10-26,30.5,24.2,26.4,89,20.3,12.0,1008.8,11.3,144,24.3,1,0.34074074074074084,-0.8640091300638256,0.5526315789473684,-0.10594606183767678,0.3068181818181817,-0.8996280819052562,0.9090909090909091,1.0797992521646478,0.5251798561151055,-0.008127201912856584,0.26848249027237353,-0.9953752899034706,0.4,-0.3806720810170709,0.8480000000000001,0.6211132462447827
2022-10-27,29.9,23.9,25.8,90,15.5,14.0,1008.5,13.0,338,23.8,0,0.2962962962962963,-1.1415818237382658,0.5263157894736841,-0.322129296956174,0.23863636363636379,-1.3401404080987653,0.9318181818181818,1.1757665190827045,0.5035971223021591,-0.16153601321294112,0.3346303501945525,-0.5939845705258241,0.9388888888888889,1.961814721276285,0.8080000000000002,0.39611239013391314
2022-10-28,29.8,23.4,26.2,87,3.1,12.0,1006.9,9.7,290,23.8,0,0.28888888888888903,-1.1878439393506712,0.4824561403508771,-0.6824346888203352,0.28409090909090906,-1.0464655239697591,0.8636363636363636,0.8878647183285344,0.3884892086330925,-0.9797163401468609,0.20622568093385207,-1.3731547904941972,0.8055555555555556,1.3822303578222588,0.8080000000000002,0.39611239013391314
2022-10-29,31.5,22.7,26.5,82,5.3,4.0,1006.6,11.9,15,23.0,0,0.4148148148148149,-0.40138797393976006,0.42105263157894735,-1.1868622374301603,0.31818181818181823,-0.8262093608730033,0.75,0.4080283837382508,0.3669064748201461,-1.1331251514469454,0.29182879377431903,-0.8537079771819482,0.041666666666666664,-1.9383050577997663,0.7440000000000001,0.03611102035652139
2022-10-30,31.1,24.1,27.0,82,0.8,3.0,1006.5,12.1,8,23.5,0,0.3851851851851854,-0.5864364363893856,0.5438596491228072,-0.17800714021050748,0.37500000000000006,-0.4591157557117445,0.75,0.4080283837382508,0.35971223021582793,-1.1842614218803265,0.2996108949416342,-0.8064855396081076,0.022222222222222223,-2.022827777470145,0.784,0.26111187646739104
2022-10-31,31.7,22.4,27.0,75,0.0,0.0,1007.3,13.4,349,21.8,0,0.4296296296296297,-0.30886374271494726,0.3947368421052631,-1.4030454725486576,0.37500000000000006,-0.4591157557117445,0.5909090909090909,-0.2637424846881462,0.4172661870503571,-0.7751712584133955,0.35019455252918286,-0.4995396953781424,0.9694444444444444,2.094636137901166,0.6480000000000001,-0.5038910343095654
2022-11-01,30.9,23.8,26.8,82,0.3,3.0,1008.5,12.7,112,23.1,0,0.37037037037037035,-0.6789606676142,0.5175438596491229,-0.3941903753290047,0.3522727272727274,-0.6059531977762476,0.75,0.4080283837382508,0.5035971223021591,-0.16153601321294112,0.3229571984435797,-0.6648182268865854,0.3111111111111111,-0.7670616566530883,0.7520000000000002,0.08111119157869595
2022-11-02,29.6,23.1,25.8,85,2.0,8.0,1009.2,14.0,151,22.9,0,0.2740740740740743,-1.2803681705754841,0.4561403508771931,-0.8986179239388299,0.23863636363636379,-1.3401404080987653,0.8181818181818182,0.695930184492421,0.5539568345323783,0.19641787982066697,0.37354085603112835,-0.3578723826566202,0.41944444444444445,-0.29614936134669206,0.736,-0.008889150865653173
2022-11-03,28.9,23.7,25.3,87,13.6,13.0,1010.1,12.3,114,22.9,0,0.2222222222222222,-1.6042029798623314,0.5087719298245613,-0.46625145370183796,0.18181818181818196,-1.707234013260024,0.8636363636363636,0.8878647183285344,0.6187050359712256,0.6566443137209788,0.3073929961089494,-0.7592631020342666,0.31666666666666665,-0.7429123081758373,0.736,-0.008889150865653173
2022-11-04,29.9,23.5,25.5,88,11.8,10.0,1011.5,13.4,96,23.3,0,0.2962962962962963,-1.1415818237382658,0.4912280701754386,-0.6103736104475019,0.2045454545454546,-1.560396571195521,0.8863636363636364,0.9838319852465911,0.7194244604316559,1.3725520997881366,0.35019455252918286,-0.4995396953781424,0.26666666666666666,-0.9602564444710971,0.7680000000000001,0.1711115340230435
2022-11-05,30.6,23.0,26.2,84,2.0,4.0,1012.4,11.9,56,23.1,0,0.3481481481481484,-0.8177470144514184,0.44736842105263164,-0.970679002311663,0.28409090909090906,-1.0464655239697591,0.7954545454545454,0.5999629175743643,0.7841726618705033,1.8327785336884486,0.29182879377431903,-0.8537079771819482,0.15555555555555556,-1.443243414016119,0.7520000000000002,0.08111119157869595
2022-11-06,30.9,22.7,26.2,86,6.5,3.0,1011.8,12.6,11,23.4,0,0.37037037037037035,-0.6789606676142,0.42105263157894735,-1.1868622374301603,0.28409090909090906,-1.0464655239697591,0.8409090909090909,0.7918974514104776,0.7410071942446023,1.5259609110882213,0.3190661478599221,-0.6884294456735057,0.030555555555555555,-1.9866037547542685,0.7759999999999999,0.21611170524521645
2022-11-07,31.0,23.3,26.6,84,2.4,6.0,1010.6,8.0,266,23.4,0,0.3777777777777779,-0.6326985520017928,0.4736842105263159,-0.7544957671931659,0.32954545454545475,-0.7527906398407506,0.7954545454545454,0.5999629175743643,0.6546762589928085,0.912325665887825,0.14007782101167313,-1.7745455098718435,0.7388888888888889,1.0924381760952457,0.7759999999999999,0.21611170524521645
2022-11-08,32.2,23.4,27.3,82,0.1,1.0,1009.9,12.1,12,23.5,0,0.466666666666667,-0.07755316465291279,0.4824561403508771,-0.6824346888203352,0.4090909090909092,-0.23885959261498868,0.75,0.4080283837382508,0.6043165467625893,0.5543717728542169,0.2996108949416342,-0.8064855396081076,0.03333333333333333,-1.974529080515643,0.784,0.26111187646739104
2022-11-09,31.7,24.0,27.5,82,0.3,3.0,1009.9,10.4,165,23.7,0,0.4296296296296297,-0.30886374271494726,0.5350877192982456,-0.2500682185833407,0.4318181818181819,-0.09202215055048565,0.75,0.4080283837382508,0.6043165467625893,0.5543717728542169,0.23346303501945523,-1.2078762589857541,0.4583333333333333,-0.1271039220059344,0.8,0.35111221891173855
2022-11-10,31.5,24.1,27.4,85,6.4,2.0,1009.4,13.1,42,24.5,0,0.4148148148148149,-0.40138797393976006,0.5438596491228072,-0.17800714021050748,0.42045454545454536,-0.16544087158273846,0.8181818181818182,0.695930184492421,0.5683453237410064,0.2986904206873706,0.33852140077821,-0.5703733517389038,0.11666666666666667,-1.6122888533568767,0.8640000000000001,0.7111135886891303
2022-11-11,31.8,24.0,26.8,87,6.5,3.0,1009.2,21.2,114,24.3,0,0.43703703703703717,-0.26260162710254004,0.5350877192982456,-0.2500682185833407,0.3522727272727274,-0.6059531977762476,0.8636363636363636,0.8878647183285344,0.5539568345323783,0.19641787982066697,0.6536964980544745,1.3421353700016476,0.31666666666666665,-0.7429123081758373,0.8480000000000001,0.6211132462447827
2022-11-12,30.7,24.1,26.3,88,12.1,9.0,1008.7,15.3,276,24.0,0,0.3555555555555556,-0.7714848988390128,0.5438596491228072,-0.17800714021050748,0.2954545454545456,-0.9730468029375063,0.8863636363636364,0.9838319852465911,0.5179856115107955,-0.05926347234617934,0.42412451361867703,-0.05092653842665494,0.7666666666666667,1.2131849184815013,0.8240000000000001,0.48611273257826065
2022-11-13,30.7,23.4,26.7,85,1.9,5.0,1008.6,20.7,104,23.8,0,0.3555555555555556,-0.7714848988390128,0.4824561403508771,-0.6824346888203352,0.3409090909090909,-0.6793719188085003,0.8181818181818182,0.695930184492421,0.5107913669064773,-0.11039974277956023,0.6342412451361866,1.2240792760670458,0.28888888888888886,-0.8636590505620927,0.8080000000000002,0.39611239013391314
2022-11-14,31.0,23.7,27.0,85,4.1,4.0,1009.0,14.3,111,24.1,0,0.3777777777777779,-0.6326985520017928,0.5087719298245613,-0.46625145370183796,0.37500000000000006,-0.4591157557117445,0.8181818181818182,0.695930184492421,0.5395683453237419,0.0941453389539052,0.38521400778210113,-0.28703872629585886,0.30833333333333335,-0.7791363308917139,0.8320000000000002,0.5311129038004352
2022-11-15,31.0,23.6,27.1,84,1.1,2.0,1008.9,12.4,106,23.9,0,0.3777777777777779,-0.6326985520017928,0.5000000000000001,-0.5383125320746687,0.3863636363636366,-0.3856970346794917,0.7954545454545454,0.5999629175743643,0.5323741007194237,0.04300906852052431,0.31128404669260695,-0.7356518832473463,0.29444444444444445,-0.8395097020848417,0.816,0.44111256135608606
2022-11-16,31.9,23.9,27.4,83,0.4,3.0,1008.1,12.5,97,24.1,0,0.4444444444444444,-0.21633951149013445,0.5263157894736841,-0.322129296956174,0.42045454545454536,-0.16544087158273846,0.7727272727272727,0.5039956506563075,0.4748201438848945,-0.36608109494640656,0.3151750972762645,-0.712040664460426,0.26944444444444443,-0.9481817702324715,0.8320000000000002,0.5311129038004352
2022-11-17,31.8,23.9,27.4,84,6.3,3.0,1007.7,17.5,109,24.2,0,0.43703703703703717,-0.26260162710254004,0.5263157894736841,-0.322129296956174,0.42045454545454536,-0.16544087158273846,0.7954545454545454,0.5999629175743643,0.4460431654676299,-0.5706261766798719,0.5097276264591439,0.46852027488559345,0.30277777777777776,-0.803285679368965,0.84,0.5761130750226082
2022-11-18,31.4,23.6,26.5,87,12.1,8.0,1008.4,14.8,337,24.1,0,0.4074074074074074,-0.44765008955216723,0.5000000000000001,-0.5383125320746687,0.31818181818181823,-0.8262093608730033,0.8636363636363636,0.8878647183285344,0.4964028776978409,-0.212672283646322,0.40466926070038906,-0.16898263236125688,0.9361111111111111,1.9497400470376596,0.8320000000000002,0.5311129038004352
2022-11-19,26.9,23.5,24.9,90,8.2,15.0,1007.2,14.9,344,23.0,0,0.07407407407407407,-2.5294452921104624,0.4912280701754386,-0.6103736104475019,0.13636363636363627,-2.0009088973890328,0.9318181818181818,1.1757665190827045,0.4100719424460471,-0.8263075288467183,0.40856031128404663,-0.14537141357433658,0.9555555555555556,2.0342627667080384,0.7440000000000001,0.03611102035652139
2022-11-20,25.9,23.4,24.7,92,31.5,19.0,1005.2,11.6,341,23.3,1,0.0,-2.992066448234528,0.4824561403508771,-0.6824346888203352,0.11363636363636363,-2.1477463394535357,0.9772727272727273,1.367701052918818,0.26618705035971596,-1.8490329375141035,0.28015564202334625,-0.9245416335427096,0.9472222222222222,1.9980387439921619,0.7680000000000001,0.1711115340230435
2022-11-21,28.9,23.1,25.7,89,7.5,12.0,1004.8,7.4,304,23.6,0,0.2222222222222222,-1.6042029798623314,0.4561403508771931,-0.8986179239388299,0.22727272727272727,-1.413559129131018,0.9090909090909091,1.0797992521646478,0.23741007194244315,-2.053578019247627,0.11673151750972761,-1.916212822593366,0.8444444444444444,1.5512757971630164,0.7920000000000001,0.30611204768956557
2022-11-22,27.3,23.5,25.5,92,5.0,13.0,1006.0,11.6,189,24.0,0,0.10370370370370387,-2.3443968296608353,0.4912280701754386,-0.6103736104475019,0.2045454545454546,-1.560396571195521,0.9772727272727273,1.367701052918818,0.32374100719424515,-1.4399427740471726,0.28015564202334625,-0.9245416335427096,0.525,0.1626882597210787,0.8240000000000001,0.48611273257826065
2022-11-23,28.8,24.3,25.9,89,11.4,12.0,1007.6,21.9,140,23.8,0,0.21481481481481499,-1.6504650954747369,0.5614035087719299,-0.03388498346484352,0.2499999999999999,-1.266721687066515,0.9090909090909091,1.0797992521646478,0.43884892086331173,-0.6217624471132528,0.6809338521400777,1.5074139015100902,0.3888888888888889,-0.42897077797157307,0.8080000000000002,0.39611239013391314
2022-11-24,29.0,24.2,25.8,89,11.7,12.0,1009.3,20.9,125,23.7,0,0.22962962962962974,-1.5579408642499242,0.5526315789473684,-0.10594606183767678,0.23863636363636379,-1.3401404080987653,0.9090909090909091,1.0797992521646478,0.5611510791366883,0.24755415025398972,0.6420233463035019,1.2713017136408864,0.3472222222222222,-0.6100908915509563,0.8,0.35111221891173855
2022-11-25,30.6,23.7,26.3,87,5.2,5.0,1010.4,15.1,127,23.8,0,0.3481481481481484,-0.8177470144514184,0.5087719298245613,-0.46625145370183796,0.2954545454545456,-0.9730468029375063,0.8636363636363636,0.8878647183285344,0.6402877697841721,0.8100531250210632,0.4163424124513618,-0.09814897600049598,0.3527777777777778,-0.5859415430737052,0.8080000000000002,0.39611239013391314
2022-11-26,29.8,23.7,25.6,89,2.4,6.0,1009.9,16.4,85,23.6,0,0.28888888888888903,-1.1878439393506712,0.5087719298245613,-0.46625145370183796,0.21590909090909113,-1.4869778501632682,0.9090909090909091,1.0797992521646478,0.6043165467625893,0.5543717728542169,0.4669260700389104,0.20879686822946883,0.2361111111111111,-1.0930778610959782,0.7920000000000001,0.30611204768956557
2022-11-27,30.1,23.8,26.5,87,1.5,7.0,1008.8,15.3,114,24.1,0,0.31111111111111134,-1.0490575925134513,0.5175438596491229,-0.3941903753290047,0.31818181818181823,-0.8262093608730033,0.8636363636363636,0.8878647183285344,0.5251798561151055,-0.008127201912856584,0.42412451361867703,-0.05092653842665494,0.31666666666666665,-0.7429123081758373,0.8320000000000002,0.5311129038004352
2022-11-28,30.6,23.8,26.9,85,2.9,8.0,1009.0,14.5,119,24.1,0,0.3481481481481484,-0.8177470144514184,0.5175438596491229,-0.3941903753290047,0.36363636363636354,-0.5325344767439973,0.8181818181818182,0.695930184492421,0.5395683453237419,0.0941453389539052,0.3929961089494163,-0.23981628872201824,0.33055555555555555,-0.6825389369827095,0.8320000000000002,0.5311129038004352
2022-11-29,31.4,24.4,27.3,80,0.2,2.0,1009.3,12.2,96,23.4,0,0.4074074074074074,-0.44765008955216723,0.5701754385964911,0.03817609490798718,0.4090909090909092,-0.23885959261498868,0.7045454545454546,0.21609384990213737,0.5611510791366883,0.24755415025398972,0.30350194552529175,-0.7828743208211874,0.26666666666666666,-0.9602564444710971,0.7759999999999999,0.21611170524521645
2022-11-30,31.0,22.5,26.9,82,1.1,4.0,1009.2,9.0,54,23.3,0,0.3777777777777779,-0.6326985520017928,0.4035087719298246,-1.3309843941758244,0.36363636363636354,-0.5325344767439973,0.75,0.4080283837382508,0.5539568345323783,0.19641787982066697,0.178988326848249,-1.5384333220026396,0.15,-1.46739276249337,0.7680000000000001,0.1711115340230435
2022-12-01,31.9,23.2,27.6,81,0.3,2.0,1008.2,8.2,42,23.6,0,0.4444444444444444,-0.21633951149013445,0.4649122807017544,-0.8265568455659992,0.4431818181818184,-0.018603429518232836,0.7272727272727273,0.3120611168201941,0.4820143884892127,-0.31494482451302563,0.14785992217898827,-1.7273230722980029,0.11666666666666667,-1.6122888533568767,0.7920000000000001,0.30611204768956557
2022-12-02,30.4,23.9,27.0,79,0.6,3.0,1007.3,17.6,84,22.8,0,0.3333333333333333,-0.9102712456762329,0.5263157894736841,-0.322129296956174,0.37500000000000006,-0.4591157557117445,0.6818181818181818,0.12012658298408065,0.4172661870503571,-0.7751712584133955,0.5136186770428015,0.4921314936725142,0.23333333333333334,-1.1051525353346037,0.7280000000000001,-0.05388932208782614
2022-12-03,30.3,23.8,26.2,82,5.3,9.0,1007.9,16.1,90,22.7,0,0.32592592592592606,-0.9565333612886384,0.5175438596491229,-0.3941903753290047,0.28409090909090906,-1.0464655239697591,0.75,0.4080283837382508,0.46043165467625813,-0.4683536358131683,0.45525291828793774,0.13796321186870833,0.25,-1.0327044899028504,0.72,-0.0988894933100007
2022-12-04,30.8,23.3,26.7,84,1.7,7.0,1008.6,14.8,79,23.7,0,0.3629629629629631,-0.7252227832266056,0.4736842105263159,-0.7544957671931659,0.3409090909090909,-0.6793719188085003,0.7954545454545454,0.5999629175743643,0.5107913669064773,-0.11039974277956023,0.40466926070038906,-0.16898263236125688,0.21944444444444444,-1.1655259065277315,0.8,0.35111221891173855
2022-12-05,31.3,23.7,27.0,84,3.4,5.0,1009.0,12.9,87,23.8,0,0.40000000000000013,-0.49391220516457285,0.5087719298245613,-0.46625145370183796,0.37500000000000006,-0.4591157557117445,0.7954545454545454,0.5999629175743643,0.5395683453237419,0.0941453389539052,0.33073929961089493,-0.6175957893127444,0.24166666666666667,-1.0689285126187271,0.8080000000000002,0.39611239013391314
2022-12-06,31.3,23.3,26.7,84,8.4,6.0,1008.3,7.9,9,23.6,0,0.40000000000000013,-0.49391220516457285,0.4736842105263159,-0.7544957671931659,0.3409090909090909,-0.6793719188085003,0.7954545454545454,0.5999629175743643,0.4892086330935227,-0.2638085540797029,0.13618677042801555,-1.7981567286587639,0.025,-2.0107531032315196,0.7920000000000001,0.30611204768956557
2022-12-07,30.0,23.3,26.0,87,3.1,7.0,1008.3,12.5,22,23.6,0,0.3037037037037038,-1.0953197081258585,0.4736842105263159,-0.7544957671931659,0.2613636363636364,-1.1933029660342622,0.8636363636363636,0.8878647183285344,0.4892086330935227,-0.2638085540797029,0.3151750972762645,-0.712040664460426,0.06111111111111111,-1.8537823381293876,0.7920000000000001,0.30611204768956557
2022-12-08,31.1,23.1,26.9,82,0.2,2.0,1008.1,13.7,69,23.3,0,0.3851851851851854,-0.5864364363893856,0.4561403508771931,-0.8986179239388299,0.36363636363636354,-0.5325344767439973,0.75,0.4080283837382508,0.4748201438848945,-0.36608109494640656,0.3618677042801556,-0.4287060390173815,0.19166666666666668,-1.2862726489139868,0.7680000000000001,0.1711115340230435
2022-12-09,30.9,23.2,26.3,85,7.9,4.0,1008.0,12.0,355,23.3,0,0.37037037037037035,-0.6789606676142,0.4649122807017544,-0.8265568455659992,0.2954545454545456,-0.9730468029375063,0.8181818181818182,0.695930184492421,0.4676258992805763,-0.41721736537978743,0.2957198443579766,-0.830096758395028,0.9861111111111112,2.1670841833329195,0.7680000000000001,0.1711115340230435
2022-12-10,30.9,22.9,26.2,83,0.0,0.0,1008.2,15.5,183,22.8,0,0.37037037037037035,-0.6789606676142,0.4385964912280701,-1.0427400806844964,0.28409090909090906,-1.0464655239697591,0.7727272727272727,0.5039956506563075,0.4820143884892127,-0.31494482451302563,0.4319066147859922,-0.003704100852814333,0.5083333333333333,0.09024021428932542,0.7280000000000001,-0.05388932208782614
2022-12-11,30.2,23.3,26.3,80,0.1,1.0,1009.3,12.3,110,22.4,0,0.3185185185185186,-1.0027954769010456,0.4736842105263159,-0.7544957671931659,0.2954545454545456,-0.9730468029375063,0.7045454545454546,0.21609384990213737,0.5611510791366883,0.24755415025398972,0.3073929961089494,-0.7592631020342666,0.3055555555555556,-0.7912110051303395,0.696,-0.2338900069765228
2022-12-12,30.3,21.9,25.7,77,0.0,0.0,1010.0,15.9,69,21.1,0,0.32592592592592606,-0.9565333612886384,0.35087719298245607,-1.7633508644128186,0.22727272727272727,-1.413559129131018,0.6363636363636364,-0.07180795085203279,0.6115107913669074,0.6055080432875978,0.44747081712062253,0.09074077429486731,0.19166666666666668,-1.2862726489139868,0.5920000000000002,-0.8188922328647825
2022-12-13,29.5,20.3,24.7,75,0.0,0.0,1010.2,12.7,342,19.7,0,0.2666666666666668,-1.3266302861878914,0.21052631578947384,-2.916328118378133,0.11363636363636363,-2.1477463394535357,0.5909090909090909,-0.2637424846881462,0.6258992805755439,0.7077805841543596,0.3229571984435797,-0.6648182268865854,0.95,2.0101134182307874,0.48,-1.4488946299752186
2022-12-14,29.8,20.8,25.0,80,0.3,3.0,1010.4,9.3,333,21.1,0,0.28888888888888903,-1.1878439393506712,0.2543859649122808,-2.5560227265139717,0.1477272727272728,-1.92749017635678,0.7045454545454546,0.21609384990213737,0.6402877697841721,0.8100531250210632,0.19066147859922178,-1.4675996656418784,0.925,1.9014413500831573,0.5920000000000002,-0.8188922328647825
2022-12-15,30.6,20.9,25.9,75,0.1,1.0,1008.8,8.8,336,20.9,0,0.3481481481481484,-0.8177470144514184,0.26315789473684204,-2.483961648141141,0.2499999999999999,-1.266721687066515,0.5909090909090909,-0.2637424846881462,0.5251798561151055,-0.008127201912856584,0.17120622568093385,-1.5856557595764802,0.9333333333333333,1.937665372799034,0.576,-0.9088925753091317
2022-12-16,31.5,22.4,26.8,80,0.0,0.0,1007.9,11.2,69,22.7,0,0.4148148148148149,-0.40138797393976006,0.3947368421052631,-1.4030454725486576,0.3522727272727274,-0.6059531977762476,0.7045454545454546,0.21609384990213737,0.46043165467625813,-0.4683536358131683,0.2645914396887159,-1.0189865086903913,0.19166666666666668,-1.2862726489139868,0.72,-0.0988894933100007
2022-12-17,31.3,23.0,26.8,77,0.0,0.0,1008.1,15.5,41,22.2,0,0.40000000000000013,-0.49391220516457285,0.44736842105263164,-0.970679002311663,0.3522727272727274,-0.6059531977762476,0.6363636363636364,-0.07180795085203279,0.4748201438848945,-0.36608109494640656,0.4319066147859922,-0.003704100852814333,0.11388888888888889,-1.6243635275955022,0.68,-0.3238903494208703
2022-12-18,30.9,23.5,26.6,59,0.0,0.0,1008.7,25.4,22,17.7,0,0.37037037037037035,-0.6789606676142,0.4912280701754386,-0.6103736104475019,0.32954545454545475,-0.7527906398407506,0.22727272727272727,-1.7992187553770538,0.5179856115107955,-0.05926347234617934,0.8171206225680933,2.333806559052304,0.06111111111111111,-1.8537823381293876,0.32,-2.348898054418697
2022-12-19,31.1,20.9,25.5,64,0.0,0.0,1008.7,16.8,22,17.8,0,0.3851851851851854,-0.5864364363893856,0.26315789473684204,-2.483961648141141,0.2045454545454546,-1.560396571195521,0.3409090909090909,-1.3193824207867701,0.5179856115107955,-0.05926347234617934,0.4824902723735408,0.3032417433771509,0.06111111111111111,-1.8537823381293876,0.3280000000000001,-2.3038978831965222
2022-12-20,31.1,20.7,25.9,67,0.0,0.0,1007.8,11.8,349,19.2,0,0.3851851851851854,-0.5864364363893856,0.2456140350877193,-2.628083804886805,0.2499999999999999,-1.266721687066515,0.4090909090909091,-1.0314806200325999,0.4532374100719399,-0.5194899062465492,0.28793774319066145,-0.8773191959688685,0.9694444444444444,2.094636137901166,0.44,-1.6738954860860882
2022-12-21,31.8,22.1,26.7,73,0.0,0.0,1007.7,13.8,52,20.9,0,0.43703703703703717,-0.26260162710254004,0.36842105263157915,-1.619228707667152,0.3409090909090909,-0.6793719188085003,0.5454545454545454,-0.4556770185242597,0.4460431654676299,-0.5706261766798719,0.3657587548638132,-0.4050948202304608,0.14444444444444443,-1.491542110970621,0.576,-0.9088925753091317
2022-12-22,31.9,22.0,26.6,72,0.0,0.0,1007.9,15.8,331,20.5,0,0.4444444444444444,-0.21633951149013445,0.3596491228070176,-1.6912897860399854,0.32954545454545475,-0.7527906398407506,0.5227272727272727,-0.5516442854423164,0.46043165467625813,-0.4683536358131683,0.44357976653696496,0.067129555507947,0.9194444444444444,1.8772920016059063,0.544,-1.0888932601978267
2022-12-23,30.8,20.3,25.5,63,0.0,0.0,1009.9,14.7,30,16.7,0,0.3629629629629631,-0.7252227832266056,0.21052631578947384,-2.916328118378133,0.2045454545454546,-1.560396571195521,0.3181818181818182,-1.4153496877048268,0.6043165467625893,0.5543717728542169,0.4007782101167314,-0.19259385114817762,0.08333333333333333,-1.757184944220383,0.24,-2.798899766640436
2022-12-24,30.4,18.6,24.8,56,0.0,0.0,1010.9,13.1,346,14.9,0,0.3333333333333333,-0.9102712456762329,0.061403508771930064,-4.141366450716281,0.12500000000000014,-2.074327618421283,0.1590909090909091,-2.087120556131224,0.6762589928057549,1.0657344771879096,0.33852140077821,-0.5703733517389038,0.9611111111111111,2.0584121151852894,0.09600000000000009,-3.6089028486395662
2022-12-25,31.0,19.1,25.2,55,0.0,0.0,1012.2,11.4,349,15.1,0,0.3777777777777779,-0.6326985520017928,0.10526315789473707,-3.7810610588521194,0.17045454545454544,-1.7806527342922769,0.13636363636363635,-2.1830878230492807,0.769784172661875,1.7305059928217448,0.2723735408560311,-0.9717640711165502,0.9694444444444444,2.094636137901166,0.11200000000000003,-3.518902506195219
2022-12-26,30.7,19.1,25.1,61,0.0,0.0,1013.4,12.9,41,16.6,0,0.3555555555555556,-0.7714848988390128,0.10526315789473707,-3.7810610588521194,0.1590909090909093,-1.8540714553245272,0.2727272727272727,-1.6072842215409402,0.8561151079136688,2.344141238022141,0.33073929961089493,-0.6175957893127444,0.11388888888888889,-1.6243635275955022,0.23200000000000018,-2.8438999378626093
2022-12-27,31.1,21.1,25.8,63,0.0,0.0,1013.2,10.1,353,17.4,0,0.3851851851851854,-0.5864364363893856,0.2807017543859651,-2.3398394913954745,0.23863636363636379,-1.3401404080987653,0.3181818181818182,-1.4153496877048268,0.8417266187050406,2.2418686971554376,0.22178988326848245,-1.2787099153465153,0.9805555555555555,2.1429348348556685,0.29599999999999993,-2.4838985680852192
2022-12-28,32.2,20.5,26.2,68,0.0,0.0,1013.0,14.6,12,18.5,0,0.466666666666667,-0.07755316465291279,0.22807017543859656,-2.772205961632469,0.28409090909090906,-1.0464655239697591,0.4318181818181818,-0.9355133531145432,0.8273381294964043,2.139596156288676,0.39688715953307385,-0.21620506993509792,0.03333333333333333,-1.974529080515643,0.38400000000000006,-1.9888966846413052
2022-12-29,32.5,21.3,26.7,67,0.0,0.0,1013.1,11.9,338,19.1,0,0.488888888888889,0.061233182184305575,0.29824561403508787,-2.1957173346498107,0.3409090909090909,-0.6793719188085003,0.4090909090909091,-1.0314806200325999,0.8345323741007225,2.1907324267220565,0.29182879377431903,-0.8537079771819482,0.9388888888888889,1.961814721276285,0.43200000000000016,-1.718895657308261
2022-12-30,29.3,23.1,26.2,70,1.1,7.0,1013.8,16.1,14,20.0,0,0.251851851851852,-1.419154517412704,0.4561403508771931,-0.8986179239388299,0.28409090909090906,-1.0464655239697591,0.4772727272727273,-0.7435788192784298,0.8848920863309334,2.5486863197556064,0.45525291828793774,0.13796321186870833,0.03888888888888889,-1.950379732038392,0.504,-1.3138941163086963
2022-12-31,31.4,21.6,26.2,54,0.1,1.0,1013.3,13.9,357,16.1,0,0.4074074074074074,-0.44765008955216723,0.3245614035087721,-1.9795340995313133,0.28409090909090906,-1.0464655239697591,0.11363636363636363,-2.279055089967337,0.8489208633093507,2.29300496758876,0.3696498054474708,-0.3814836014435405,0.9916666666666667,2.1912335318101706,0.19200000000000017,-3.0689007939734787
2023-01-01,29.5,22.0,25.9,62,0.6,3.0,1012.4,13.8,356,18.0,0,0.2666666666666668,-1.3266302861878914,0.3596491228070176,-1.6912897860399854,0.2499999999999999,-1.266721687066515,0.29545454545454547,-1.5113169546228835,0.7841726618705033,1.8327785336884486,0.3657587548638132,-0.4050948202304608,0.9888888888888889,2.179158857571545,0.3440000000000001,-2.213897540752175
2023-01-02,32.4,22.4,26.5,72,2.3,7.0,1012.7,12.6,2,20.7,0,0.48148148148148145,0.014971066571898358,0.3947368421052631,-1.4030454725486576,0.31818181818181823,-0.8262093608730033,0.5227272727272727,-0.5516442854423164,0.8057553956834578,1.9861873449885912,0.3190661478599221,-0.6884294456735057,0.005555555555555556,-2.0952758229018986,0.56,-0.9988929177534792
2023-01-03,32.3,22.9,26.7,78,0.2,1.0,1012.0,17.2,22,22.1,0,0.474074074074074,-0.03129104904050886,0.4385964912280701,-1.0427400806844964,0.3409090909090909,-0.6793719188085003,0.6590909090909091,0.02415931606602393,0.7553956834532386,1.628233451954983,0.4980544747081711,0.3976866185248321,0.06111111111111111,-1.8537823381293876,0.6720000000000002,-0.3688905206430433
2023-01-04,31.7,23.2,26.9,66,0.3,2.0,1011.2,20.5,12,19.8,0,0.4296296296296297,-0.30886374271494726,0.4649122807017544,-0.8265568455659992,0.36363636363636354,-0.5325344767439973,0.38636363636363635,-1.1274478869506568,0.6978417266187095,1.2191432884880522,0.6264591439688716,1.1768568384932052,0.03333333333333333,-1.974529080515643,0.4880000000000001,-1.403894458753044
2023-01-05,26.9,22.7,24.5,75,3.5,10.0,1010.9,19.3,1,19.7,0,0.07407407407407407,-2.5294452921104624,0.42105263157894735,-1.1868622374301603,0.09090909090909098,-2.294583781518039,0.5909090909090909,-0.2637424846881462,0.6762589928057549,1.0657344771879096,0.5797665369649805,0.8935222130501607,0.002777777777777778,-2.107350497140524,0.48,-1.4488946299752186
2023-01-06,28.1,20.9,23.9,77,20.3,13.0,1010.7,18.9,357,19.5,1,0.16296296296296317,-1.9742999047615826,0.26315789473684204,-2.483961648141141,0.022727272727272645,-2.7350961077115503,0.6363636363636364,-0.07180795085203279,0.6618705035971266,0.9634619363212059,0.5642023346303501,0.7990773379024786,0.9916666666666667,2.1912335318101706,0.4640000000000001,-1.538894972419566
2023-01-07,27.7,21.4,23.7,80,27.1,12.0,1009.9,19.6,350,19.9,1,0.1333333333333334,-2.1593483672112095,0.3070175438596491,-2.12365625627698,0.0,-2.8819335497760536,0.7045454545454546,0.21609384990213737,0.6043165467625893,0.5543717728542169,0.5914396887159533,0.964355869410922,0.9722222222222222,2.1067108121397915,0.49599999999999994,-1.358894287530871
2023-01-08,27.1,20.8,23.7,84,0.5,2.0,1010.3,9.3,325,20.8,0,0.0888888888888891,-2.436921060885648,0.2543859649122808,-2.5560227265139717,0.0,-2.8819335497760536,0.7954545454545454,0.5999629175743643,0.6330935251798538,0.7589168545876823,0.19066147859922178,-1.4675996656418784,0.9027777777777778,1.804843956174153,0.5680000000000001,-0.9538927465313046
2023-01-09,27.7,23.0,24.8,89,17.0,18.0,1011.5,11.5,88,22.7,0,0.1333333333333334,-2.1593483672112095,0.44736842105263164,-0.970679002311663,0.12500000000000014,-2.074327618421283,0.9090909090909091,1.0797992521646478,0.7194244604316559,1.3725520997881366,0.2762645914396887,-0.9481528523296299,0.24444444444444444,-1.0568538383801014,0.72,-0.0988894933100007
2023-01-10,26.3,23.0,24.5,88,14.2,14.0,1011.0,18.7,113,22.4,0,0.029629629629629787,-2.807017985784901,0.44736842105263164,-0.970679002311663,0.09090909090909098,-2.294583781518039,0.8863636363636364,0.9838319852465911,0.683453237410073,1.1168707476212905,0.5564202334630349,0.751854900328638,0.3138888888888889,-0.7549869824144628,0.696,-0.2338900069765228
2023-01-11,28.7,23.3,25.5,82,0.7,5.0,1010.4,18.7,128,22.0,0,0.20740740740740746,-1.696727211087144,0.4736842105263159,-0.7544957671931659,0.2045454545454546,-1.560396571195521,0.75,0.4080283837382508,0.6402877697841721,0.8100531250210632,0.5564202334630349,0.751854900328638,0.35555555555555557,-0.5738668688350796,0.664,-0.4138906918652179
2023-01-12,28.6,23.1,25.5,84,3.8,6.0,1010.4,14.1,140,22.6,0,0.2000000000000002,-1.7429893266995498,0.4561403508771931,-0.8986179239388299,0.2045454545454546,-1.560396571195521,0.7954545454545454,0.5999629175743643,0.6402877697841721,0.8100531250210632,0.37743190661478593,-0.3342611638696999,0.3888888888888889,-0.42897077797157307,0.7120000000000002,-0.14388966453217367
2023-01-13,29.9,22.6,26.0,86,2.3,7.0,1010.5,8.8,164,23.3,0,0.2962962962962963,-1.1415818237382658,0.41228070175438614,-1.258923315802991,0.2613636363636364,-1.1933029660342622,0.8409090909090909,0.7918974514104776,0.6474820143884903,0.8611893954544442,0.17120622568093385,-1.5856557595764802,0.45555555555555555,-0.13917859624455994,0.7680000000000001,0.1711115340230435
2023-01-14,31.2,23.0,26.8,83,0.2,2.0,1008.8,9.3,260,23.3,0,0.39259259259259266,-0.54017432077698,0.44736842105263164,-0.970679002311663,0.3522727272727274,-0.6059531977762476,0.7727272727272727,0.5039956506563075,0.5251798561151055,-0.008127201912856584,0.19066147859922178,-1.4675996656418784,0.7222222222222222,1.0199901306634924,0.7680000000000001,0.1711115340230435
2023-01-15,30.9,22.8,26.5,82,0.0,0.0,1008.2,12.0,301,22.8,0,0.37037037037037035,-0.6789606676142,0.4298245614035089,-1.114801159057327,0.31818181818181823,-0.8262093608730033,0.75,0.4080283837382508,0.4820143884892127,-0.31494482451302563,0.2957198443579766,-0.830096758395028,0.8361111111111111,1.51505177444714,0.7280000000000001,-0.05388932208782614
2023-01-16,30.5,23.2,26.5,80,0.3,3.0,1010.2,13.8,101,22.3,0,0.34074074074074084,-0.8640091300638256,0.4649122807017544,-0.8265568455659992,0.31818181818181823,-0.8262093608730033,0.7045454545454546,0.21609384990213737,0.6258992805755439,0.7077805841543596,0.3657587548638132,-0.4050948202304608,0.28055555555555556,-0.8998830732779693,0.6880000000000002,-0.27889017819869577
2023-01-17,30.3,21.3,25.6,80,0.1,1.0,1011.4,14.5,339,21.5,0,0.32592592592592606,-0.9565333612886384,0.29824561403508787,-2.1957173346498107,0.21590909090909113,-1.4869778501632682,0.7045454545454546,0.21609384990213737,0.7122302158273377,1.3214158293547558,0.3929961089494163,-0.23981628872201824,0.9416666666666667,1.9738893955149106,0.6240000000000001,-0.6388915479760875
2023-01-18,30.1,20.4,25.3,75,0.0,0.0,1012.2,11.9,341,20.3,0,0.31111111111111134,-1.0490575925134513,0.21929824561403505,-2.844267040005302,0.18181818181818196,-1.707234013260024,0.5909090909090909,-0.2637424846881462,0.769784172661875,1.7305059928217448,0.29182879377431903,-0.8537079771819482,0.9472222222222222,1.9980387439921619,0.5280000000000001,-1.1788936026421744
2023-01-19,30.6,21.8,25.8,71,0.0,0.0,1011.5,12.3,16,19.9,0,0.3481481481481484,-0.8177470144514184,0.34210526315789486,-1.8354119427856495,0.23863636363636379,-1.3401404080987653,0.5,-0.647611552360373,0.7194244604316559,1.3725520997881366,0.3073929961089494,-0.7592631020342666,0.044444444444444446,-1.9262303835611407,0.49599999999999994,-1.358894287530871
2023-01-20,31.1,21.8,26.4,75,0.0,0.0,1010.7,9.9,1,21.3,0,0.3851851851851854,-0.5864364363893856,0.34210526315789486,-1.8354119427856495,0.3068181818181817,-0.8996280819052562,0.5909090909090909,-0.2637424846881462,0.6618705035971266,0.9634619363212059,0.2140077821011673,-1.3259323529203562,0.002777777777777778,-2.107350497140524,0.6080000000000001,-0.728891890420435
2023-01-21,31.7,22.1,27.0,72,0.1,1.0,1009.7,11.0,16,21.3,0,0.4296296296296297,-0.30886374271494726,0.36842105263157915,-1.619228707667152,0.37500000000000006,-0.4591157557117445,0.5227272727272727,-0.5516442854423164,0.589928057553961,0.4520992319875133,0.25680933852140075,-1.066208946264232,0.044444444444444446,-1.9262303835611407,0.6080000000000001,-0.728891890420435
2023-01-22,31.5,23.2,27.1,79,0.3,2.0,1008.9,10.7,76,22.7,0,0.4148148148148149,-0.40138797393976006,0.4649122807017544,-0.8265568455659992,0.3863636363636366,-0.3856970346794917,0.6818181818181818,0.12012658298408065,0.5323741007194237,0.04300906852052431,0.24513618677042795,-1.1370426026249931,0.2111111111111111,-1.201749929243608,0.72,-0.0988894933100007
2023-01-23,32.5,23.1,27.4,77,0.4,2.0,1008.2,12.9,121,22.5,0,0.488888888888889,0.061233182184305575,0.4561403508771931,-0.8986179239388299,0.42045454545454536,-0.16544087158273846,0.6363636363636364,-0.07180795085203279,0.4820143884892127,-0.31494482451302563,0.33073929961089493,-0.6175957893127444,0.33611111111111114,-0.6583895885054585,0.7040000000000001,-0.18888983575434823
2023-01-24,32.5,23.3,27.4,74,0.6,2.0,1009.0,10.8,47,21.8,0,0.488888888888889,0.061233182184305575,0.4736842105263159,-0.7544957671931659,0.42045454545454536,-0.16544087158273846,0.5681818181818182,-0.35970975160620294,0.5395683453237419,0.0941453389539052,0.24902723735408558,-1.1134313838380725,0.13055555555555556,-1.5519154821637489,0.6480000000000001,-0.5038910343095654
2023-01-25,32.1,22.2,26.2,62,0.0,0.0,1009.4,18.4,31,17.8,0,0.4592592592592595,-0.12381528026532002,0.37719298245614036,-1.5471676292943215,0.28409090909090906,-1.0464655239697591,0.29545454545454547,-1.5113169546228835,0.5683453237410064,0.2986904206873706,0.5447470817120621,0.6810212439678767,0.08611111111111111,-1.7451102699817576,0.3280000000000001,-2.3038978831965222
2023-01-26,32.3,21.4,26.4,62,0.0,0.0,1009.5,10.1,6,18.2,0,0.474074074074074,-0.03129104904050886,0.3070175438596491,-2.12365625627698,0.3068181818181817,-0.8996280819052562,0.29545454545454547,-1.5113169546228835,0.5755395683453247,0.3498266911207515,0.22178988326848245,-1.2787099153465153,0.016666666666666666,-2.046977125947396,0.36,-2.1238971983078274
2023-01-27,32.3,21.9,26.5,75,1.8,3.0,1009.1,16.9,69,21.4,0,0.474074074074074,-0.03129104904050886,0.35087719298245607,-1.7633508644128186,0.31818181818181823,-0.8262093608730033,0.5909090909090909,-0.2637424846881462,0.54676258992806,0.14528160938728607,0.4863813229571983,0.3268529621640708,0.19166666666666668,-1.2862726489139868,0.616,-0.6838917191982621
2023-01-28,32.3,23.2,27.1,55,0.0,0.0,1008.9,16.2,30,17.0,0,0.474074074074074,-0.03129104904050886,0.4649122807017544,-0.8265568455659992,0.3863636363636366,-0.3856970346794917,0.13636363636363635,-2.1830878230492807,0.5323741007194237,0.04300906852052431,0.45914396887159525,0.16157443065562824,0.08333333333333333,-1.757184944220383,0.26400000000000007,-2.663899252973914
2023-01-29,31.0,21.6,25.6,57,0.0,0.0,1010.1,9.7,349,16.3,0,0.3777777777777779,-0.6326985520017928,0.3245614035087721,-1.9795340995313133,0.21590909090909113,-1.4869778501632682,0.18181818181818182,-1.9911532892131671,0.6187050359712256,0.6566443137209788,0.20622568093385207,-1.3731547904941972,0.9694444444444444,2.094636137901166,0.2080000000000001,-2.9789004515291313
2023-01-30,31.4,20.4,25.3,59,0.0,0.0,1011.2,12.0,357,16.3,0,0.4074074074074074,-0.44765008955216723,0.21929824561403505,-2.844267040005302,0.18181818181818196,-1.707234013260024,0.22727272727272727,-1.7992187553770538,0.6978417266187095,1.2191432884880522,0.2957198443579766,-0.830096758395028,0.9916666666666667,2.1912335318101706,0.2080000000000001,-2.9789004515291313
2023-01-31,32.4,20.8,26.3,69,0.0,0.0,1009.7,18.4,171,19.5,0,0.48148148148148145,0.014971066571898358,0.2543859649122808,-2.5560227265139717,0.2954545454545456,-0.9730468029375063,0.45454545454545453,-0.8395460861964865,0.589928057553961,0.4520992319875133,0.5447470817120621,0.6810212439678767,0.475,-0.054655876574181125,0.4640000000000001,-1.538894972419566
2023-02-01,32.0,22.9,27.1,69,1.4,5.0,1009.0,12.3,303,20.7,0,0.45185185185185195,-0.17007739587772722,0.4385964912280701,-1.0427400806844964,0.3863636363636366,-0.3856970346794917,0.45454545454545453,-0.8395460861964865,0.5395683453237419,0.0941453389539052,0.3073929961089494,-0.7592631020342666,0.8416666666666667,1.539201122924391,0.56,-0.9988929177534792
2023-02-02,33.6,23.9,27.9,71,1.4,4.0,1009.4,17.4,115,21.8,0,0.5703703703703705,0.5701164539207784,0.5263157894736841,-0.322129296956174,0.4772727272727271,0.2016527335785204,0.5,-0.647611552360373,0.5683453237410064,0.2986904206873706,0.5058365758754862,0.4449090560986727,0.3194444444444444,-0.7308376339372117,0.6480000000000001,-0.5038910343095654
2023-02-03,34.8,24.2,28.7,63,0.0,0.0,1009.3,18.8,105,20.4,0,0.6592592592592591,1.1252618412696551,0.5526315789473684,-0.10594606183767678,0.5681818181818181,0.7890025018365351,0.3181818181818182,-1.4153496877048268,0.5611510791366883,0.24755415025398972,0.5603112840466925,0.7754661191155587,0.2916666666666667,-0.8515843763234672,0.5359999999999999,-1.1338934314200013
2023-02-04,34.7,23.2,28.4,62,0.3,2.0,1008.8,17.8,98,19.7,0,0.6518518518518521,1.0789997256572512,0.4649122807017544,-0.8265568455659992,0.534090909090909,0.5687463387397792,0.29545454545454547,-1.5113169546228835,0.5251798561151055,-0.008127201912856584,0.5214007782101167,0.5393539312463548,0.2722222222222222,-0.936107095993846,0.48,-1.4488946299752186
2023-02-05,34.4,23.0,28.0,62,0.0,0.0,1008.6,18.0,108,19.3,0,0.6296296296296297,0.9402133788200295,0.44736842105263164,-0.970679002311663,0.4886363636363637,0.2750714546107732,0.29545454545454547,-1.5113169546228835,0.5107913669064773,-0.11039974277956023,0.5291828793774318,0.5865763688201954,0.3,-0.8153603536075905,0.4480000000000001,-1.6288953148639136
2023-02-06,34.7,22.6,27.8,64,0.0,0.0,1009.1,20.8,130,19.6,0,0.6518518518518521,1.0789997256572512,0.41228070175438614,-1.258923315802991,0.46590909090909105,0.12823401254627018,0.3409090909090909,-1.3193824207867701,0.54676258992806,0.14528160938728607,0.6381322957198442,1.2476904948539664,0.3611111111111111,-0.5497175203578285,0.4720000000000002,-1.4938948011973914
2023-02-07,34.0,23.5,27.7,68,0.9,4.0,1009.6,20.1,136,20.8,0,0.6000000000000001,0.755164916370404,0.4912280701754386,-0.6103736104475019,0.45454545454545453,0.05481529151401737,0.4318181818181818,-0.9355133531145432,0.5827338129496429,0.4009629615541324,0.6108949416342412,1.0824119633455238,0.37777777777777777,-0.47726947492607524,0.5680000000000001,-0.9538927465313046
2023-02-08,34.4,23.5,28.0,69,0.7,3.0,1009.4,16.6,115,21.2,0,0.6296296296296297,0.9402133788200295,0.4912280701754386,-0.6103736104475019,0.4886363636363637,0.2750714546107732,0.45454545454545453,-0.8395460861964865,0.5683453237410064,0.2986904206873706,0.47470817120622566,0.2560193058033103,0.3194444444444444,-0.7308376339372117,0.6,-0.7738920616426096
2023-02-09,33.8,24.1,28.3,65,0.1,1.0,1009.3,18.0,118,20.5,0,0.585185185185185,0.6626406851455896,0.5438596491228072,-0.17800714021050748,0.5227272727272728,0.49532761770752903,0.36363636363636365,-1.2234151538687135,0.5611510791366883,0.24755415025398972,0.5291828793774318,0.5865763688201954,0.3277777777777778,-0.6946136112213351,0.544,-1.0888932601978267
2023-02-10,35.2,22.8,27.9,63,0.0,0.0,1009.6,23.8,122,19.3,0,0.6888888888888892,1.310310303719284,0.4298245614035089,-1.114801159057327,0.4772727272727271,0.2016527335785204,0.3181818181818182,-1.4153496877048268,0.5827338129496429,0.4009629615541324,0.7548638132295719,1.9560270584615782,0.3388888888888889,-0.6463149142668329,0.4480000000000001,-1.6288953148639136
2023-02-11,35.4,22.7,27.7,69,0.0,0.0,1009.8,22.0,135,20.8,0,0.7037037037037037,1.4028345349440952,0.42105263157894735,-1.1868622374301603,0.45454545454545453,0.05481529151401737,0.45454545454545453,-0.8395460861964865,0.5971223021582711,0.503235502420836,0.6848249027237354,1.5310251202970109,0.375,-0.4893441491647008,0.5680000000000001,-0.9538927465313046
2023-02-12,35.0,23.4,28.0,69,0.2,1.0,1009.9,22.6,139,21.2,0,0.6740740740740742,1.2177860724944696,0.4824561403508771,-0.6824346888203352,0.4886363636363637,0.2750714546107732,0.45454545454545453,-0.8395460861964865,0.6043165467625893,0.5543717728542169,0.708171206225681,1.6726924330185335,0.3861111111111111,-0.4410454522101986,0.6,-0.7738920616426096
2023-02-13,33.7,23.5,27.6,74,0.0,0.0,1010.2,20.7,144,21.9,0,0.5777777777777781,0.6163785695331856,0.4912280701754386,-0.6103736104475019,0.4431818181818184,-0.018603429518232836,0.5681818181818182,-0.35970975160620294,0.6258992805755439,0.7077805841543596,0.6342412451361866,1.2240792760670458,0.4,-0.3806720810170709,0.6559999999999999,-0.4588908630873924
2023-02-14,33.4,23.0,27.1,75,0.0,0.0,1010.1,22.6,124,21.6,0,0.5555555555555556,0.47759222269596396,0.44736842105263164,-0.970679002311663,0.3863636363636366,-0.3856970346794917,0.5909090909090909,-0.2637424846881462,0.6187050359712256,0.6566443137209788,0.708171206225681,1.6726924330185335,0.34444444444444444,-0.6221655657895818,0.6320000000000001,-0.5938913767539129
2023-02-15,33.7,23.4,28.0,63,0.1,1.0,1010.4,15.0,95,19.5,0,0.5777777777777781,0.6163785695331856,0.4824561403508771,-0.6824346888203352,0.4886363636363637,0.2750714546107732,0.3181818181818182,-1.4153496877048268,0.6402877697841721,0.8100531250210632,0.4124513618677042,-0.12176019478741629,0.2638888888888889,-0.9723311187097227,0.4640000000000001,-1.538894972419566
2023-02-16,33.5,21.1,27.4,59,0.0,0.0,1011.2,15.6,70,17.9,0,0.5629629629629631,0.5238543383083711,0.2807017543859651,-2.3398394913954745,0.42045454545454536,-0.16544087158273846,0.22727272727272727,-1.7992187553770538,0.6978417266187095,1.2191432884880522,0.43579766536964976,0.01990711793410597,0.19444444444444445,-1.2741979746753613,0.33599999999999997,-2.2588977119743494
2023-02-17,34.0,22.7,27.8,59,0.8,2.0,1011.2,15.0,77,18.5,0,0.6000000000000001,0.755164916370404,0.42105263157894735,-1.1868622374301603,0.46590909090909105,0.12823401254627018,0.22727272727272727,-1.7992187553770538,0.6978417266187095,1.2191432884880522,0.4124513618677042,-0.12176019478741629,0.21388888888888888,-1.1896752550049825,0.38400000000000006,-1.9888966846413052
2023-02-18,31.6,24.2,27.1,68,0.0,0.0,1011.0,14.5,76,20.5,0,0.42222222222222244,-0.35512585832735283,0.5526315789473684,-0.10594606183767678,0.3863636363636366,-0.3856970346794917,0.4318181818181818,-0.9355133531145432,0.683453237410073,1.1168707476212905,0.3929961089494163,-0.23981628872201824,0.2111111111111111,-1.201749929243608,0.544,-1.0888932601978267
2023-02-19,33.6,24.4,27.4,72,1.9,10.0,1010.3,16.7,172,21.6,0,0.5703703703703705,0.5701164539207784,0.5701754385964911,0.03817609490798718,0.42045454545454536,-0.16544087158273846,0.5227272727272727,-0.5516442854423164,0.6330935251798538,0.7589168545876823,0.4785992217898832,0.2796305245902302,0.4777777777777778,-0.04258120233555558,0.6320000000000001,-0.5938913767539129
2023-02-20,31.2,23.2,26.6,72,3.7,3.0,1010.6,18.9,299,20.5,0,0.39259259259259266,-0.54017432077698,0.4649122807017544,-0.8265568455659992,0.32954545454545475,-0.7527906398407506,0.5227272727272727,-0.5516442854423164,0.6546762589928085,0.912325665887825,0.5642023346303501,0.7990773379024786,0.8305555555555556,1.4909024259698889,0.544,-1.0888932601978267
2023-02-21,33.5,22.0,27.3,66,0.0,0.0,1011.3,19.5,115,19.6,0,0.5629629629629631,0.5238543383083711,0.3596491228070176,-1.6912897860399854,0.4090909090909092,-0.23885959261498868,0.38636363636363635,-1.1274478869506568,0.7050359712230194,1.270279558921375,0.5875486381322956,0.9407446506240013,0.3194444444444444,-0.7308376339372117,0.4720000000000002,-1.4938948011973914
2023-02-22,32.9,22.5,27.3,65,0.1,1.0,1011.4,18.2,86,19.5,0,0.5185185185185185,0.24628164463393118,0.4035087719298246,-1.3309843941758244,0.4090909090909092,-0.23885959261498868,0.36363636363636365,-1.2234151538687135,0.7122302158273377,1.3214158293547558,0.536964980544747,0.633798806394036,0.2388888888888889,-1.0810031868573526,0.4640000000000001,-1.538894972419566
2023-02-23,33.6,22.3,27.5,66,0.1,1.0,1010.3,17.5,85,19.8,0,0.5703703703703705,0.5701164539207784,0.38596491228070184,-1.4751065509214882,0.4318181818181819,-0.09202215055048565,0.38636363636363635,-1.1274478869506568,0.6330935251798538,0.7589168545876823,0.5097276264591439,0.46852027488559345,0.2361111111111111,-1.0930778610959782,0.4880000000000001,-1.403894458753044
2023-02-24,33.7,22.6,27.4,68,0.0,0.0,1010.6,19.6,103,20.0,0,0.5777777777777781,0.6163785695331856,0.41228070175438614,-1.258923315802991,0.42045454545454536,-0.16544087158273846,0.4318181818181818,-0.9355133531145432,0.6546762589928085,0.912325665887825,0.5914396887159533,0.964355869410922,0.2861111111111111,-0.8757337248007183,0.504,-1.3138941163086963
2023-02-25,33.3,21.9,27.1,61,0.0,0.0,1013.0,15.5,49,18.2,0,0.548148148148148,0.43133010708355674,0.35087719298245607,-1.7633508644128186,0.3863636363636366,-0.3856970346794917,0.2727272727272727,-1.6072842215409402,0.8273381294964043,2.139596156288676,0.4319066147859922,-0.003704100852814333,0.1361111111111111,-1.5277661336864978,0.36,-2.1238971983078274
2023-02-26,35.0,21.8,27.7,51,0.0,0.0,1013.9,14.9,31,15.9,0,0.6740740740740742,1.2177860724944696,0.34210526315789486,-1.8354119427856495,0.45454545454545453,0.05481529151401737,0.045454545454545456,-2.5669568907215075,0.8920863309352516,2.5998225901889875,0.40856031128404663,-0.14537141357433658,0.08611111111111111,-1.7451102699817576,0.17600000000000007,-3.158901136417827
2023-02-27,34.5,22.4,27.7,55,0.0,0.0,1013.8,17.4,50,17.4,0,0.6370370370370372,0.9864754944324368,0.3947368421052631,-1.4030454725486576,0.45454545454545453,0.05481529151401737,0.13636363636363635,-2.1830878230492807,0.8848920863309334,2.5486863197556064,0.5058365758754862,0.4449090560986727,0.1388888888888889,-1.5156914594478723,0.29599999999999993,-2.4838985680852192
2023-02-28,34.5,23.4,28.0,61,0.3,3.0,1012.9,16.9,55,19.1,0,0.6370370370370372,0.9864754944324368,0.4824561403508771,-0.6824346888203352,0.4886363636363637,0.2750714546107732,0.2727272727272727,-1.6072842215409402,0.820143884892086,2.0884598858552947,0.4863813229571983,0.3268529621640708,0.1527777777777778,-1.4553180882547445,0.43200000000000016,-1.718895657308261
2023-03-01,33.4,24.0,28.1,67,0.0,0.0,1013.1,15.0,123,20.6,0,0.5555555555555556,0.47759222269596396,0.5350877192982456,-0.2500682185833407,0.5000000000000002,0.34849017564302603,0.4090909090909091,-1.0314806200325999,0.8345323741007225,2.1907324267220565,0.4124513618677042,-0.12176019478741629,0.3416666666666667,-0.6342402400282073,0.5520000000000002,-1.0438930889756521
2023-03-02,34.4,23.7,28.5,61,0.0,0.0,1012.7,15.5,108,19.7,0,0.6296296296296297,0.9402133788200295,0.5087719298245613,-0.46625145370183796,0.5454545454545455,0.6421650597720321,0.2727272727272727,-1.6072842215409402,0.8057553956834578,1.9861873449885912,0.4319066147859922,-0.003704100852814333,0.3,-0.8153603536075905,0.48,-1.4488946299752186
2023-03-03,34.2,22.5,27.7,59,0.0,0.0,1013.9,16.6,171,18.3,0,0.6148148148148151,0.8476891475952184,0.4035087719298246,-1.3309843941758244,0.45454545454545453,0.05481529151401737,0.22727272727272727,-1.7992187553770538,0.8920863309352516,2.5998225901889875,0.47470817120622566,0.2560193058033103,0.475,-0.054655876574181125,0.3680000000000001,-2.078897027085653
2023-03-04,33.3,22.2,27.3,56,0.0,0.0,1014.9,17.3,101,16.9,0,0.548148148148148,0.43133010708355674,0.37719298245614036,-1.5471676292943215,0.4090909090909092,-0.23885959261498868,0.1590909090909091,-2.087120556131224,0.9640287769784172,3.11118529452268,0.5019455252918288,0.42129783731175285,0.28055555555555556,-0.8998830732779693,0.25599999999999995,-2.7088994241960886
2023-03-05,32.3,21.6,26.7,57,0.0,0.0,1014.2,13.2,78,16.9,0,0.474074074074074,-0.03129104904050886,0.3245614035087721,-1.9795340995313133,0.3409090909090909,-0.6793719188085003,0.18181818181818182,-1.9911532892131671,0.9136690647482062,2.75323140148913,0.3424124513618676,-0.5467621329519835,0.21666666666666667,-1.177600580766357,0.25599999999999995,-2.7088994241960886
2023-03-06,33.0,21.2,26.6,58,0.0,0.0,1013.2,23.3,137,16.9,0,0.525925925925926,0.2925437602463384,0.2894736842105263,-2.267778413022644,0.32954545454545475,-0.7527906398407506,0.20454545454545456,-1.8951860222951105,0.8417266187050406,2.2418686971554376,0.7354085603112839,1.8379709645269762,0.38055555555555554,-0.4651948006874497,0.25599999999999995,-2.7088994241960886
2023-03-07,33.7,21.6,26.8,61,0.0,0.0,1013.0,18.9,98,17.4,0,0.5777777777777781,0.6163785695331856,0.3245614035087721,-1.9795340995313133,0.3522727272727274,-0.6059531977762476,0.2727272727272727,-1.6072842215409402,0.8273381294964043,2.139596156288676,0.5642023346303501,0.7990773379024786,0.2722222222222222,-0.936107095993846,0.29599999999999993,-2.4838985680852192
2023-03-08,34.2,22.2,27.1,60,0.0,0.0,1012.7,20.7,110,17.9,0,0.6148148148148151,0.8476891475952184,0.37719298245614036,-1.5471676292943215,0.3863636363636366,-0.3856970346794917,0.25,-1.703251488458997,0.8057553956834578,1.9861873449885912,0.6342412451361866,1.2240792760670458,0.3055555555555556,-0.7912110051303395,0.33599999999999997,-2.2588977119743494
2023-03-09,34.2,21.6,26.8,60,0.0,0.0,1011.9,23.6,121,17.5,0,0.6148148148148151,0.8476891475952184,0.3245614035087721,-1.9795340995313133,0.3522727272727274,-0.6059531977762476,0.25,-1.703251488458997,0.7482014388489204,1.5770971815216022,0.7470817120622568,1.9088046208877376,0.33611111111111114,-0.6583895885054585,0.30400000000000005,-2.4388983968630447
2023-03-10,34.0,21.4,26.5,66,0.0,0.0,1011.2,21.2,130,18.8,0,0.6000000000000001,0.755164916370404,0.3070175438596491,-2.12365625627698,0.31818181818181823,-0.8262093608730033,0.38636363636363635,-1.1274478869506568,0.6978417266187095,1.2191432884880522,0.6536964980544745,1.3421353700016476,0.3611111111111111,-0.5497175203578285,0.40800000000000014,-1.8538961709747832
2023-03-11,34.7,22.2,27.0,66,0.0,0.0,1011.5,21.8,123,19.3,0,0.6518518518518521,1.0789997256572512,0.37719298245614036,-1.5471676292943215,0.37500000000000006,-0.4591157557117445,0.38636363636363635,-1.1274478869506568,0.7194244604316559,1.3725520997881366,0.67704280155642,1.4838026827231703,0.3416666666666667,-0.6342402400282073,0.4480000000000001,-1.6288953148639136
2023-03-12,33.2,22.3,26.8,65,0.1,1.0,1011.6,19.9,125,18.9,0,0.5407407407407411,0.38506799147115284,0.38596491228070184,-1.4751065509214882,0.3522727272727274,-0.6059531977762476,0.36363636363636365,-1.2234151538687135,0.726618705035974,1.4236883702215177,0.6031128404669259,1.0351895257716826,0.3472222222222222,-0.6100908915509563,0.4159999999999999,-1.8088959997526102
2023-03-13,34.3,22.6,27.5,59,0.0,0.0,1011.2,22.5,100,18.0,0,0.6222222222222221,0.8939512632076224,0.41228070175438614,-1.258923315802991,0.4318181818181819,-0.09202215055048565,0.22727272727272727,-1.7992187553770538,0.6978417266187095,1.2191432884880522,0.7042801556420233,1.649081214231613,0.2777777777777778,-0.9119577475165949,0.3440000000000001,-2.213897540752175
2023-03-14,34.2,22.3,27.3,59,0.0,0.0,1009.9,24.0,122,17.6,0,0.6148148148148151,0.8476891475952184,0.38596491228070184,-1.4751065509214882,0.4090909090909092,-0.23885959261498868,0.22727272727272727,-1.7992187553770538,0.6043165467625893,0.5543717728542169,0.7626459143968871,2.003249496035419,0.3388888888888889,-0.6463149142668329,0.31200000000000017,-2.39389822564087
2023-03-15,35.7,22.4,27.6,61,0.0,0.0,1010.4,27.2,126,18.3,0,0.7259259259259262,1.5416208817813168,0.3947368421052631,-1.4030454725486576,0.4431818181818184,-0.018603429518232836,0.2727272727272727,-1.6072842215409402,0.6402877697841721,0.8100531250210632,0.8871595330739298,2.758808497216871,0.35,-0.5980162173123307,0.3680000000000001,-2.078897027085653
2023-03-16,35.5,23.4,28.3,59,0.0,0.0,1011.4,20.8,122,18.7,0,0.7111111111111112,1.4490966505565024,0.4824561403508771,-0.6824346888203352,0.5227272727272728,0.49532761770752903,0.22727272727272727,-1.7992187553770538,0.7122302158273377,1.3214158293547558,0.6381322957198442,1.2476904948539664,0.3388888888888889,-0.6463149142668329,0.4,-1.8988963421969578
2023-03-17,35.6,23.3,28.3,63,0.2,2.0,1010.8,20.8,128,19.9,0,0.7185185185185188,1.4953587661689096,0.4736842105263159,-0.7544957671931659,0.5227272727272728,0.49532761770752903,0.3181818181818182,-1.4153496877048268,0.6690647482014367,1.0145982067545287,0.6381322957198442,1.2476904948539664,0.35555555555555557,-0.5738668688350796,0.49599999999999994,-1.358894287530871
2023-03-18,35.2,24.0,28.3,63,0.0,0.0,1010.0,23.9,140,20.1,0,0.6888888888888892,1.310310303719284,0.5350877192982456,-0.2500682185833407,0.5227272727272728,0.49532761770752903,0.3181818181818182,-1.4153496877048268,0.6115107913669074,0.6055080432875978,0.7587548638132295,1.979638277248498,0.3888888888888889,-0.42897077797157307,0.5120000000000001,-1.2688939450865218
2023-03-19,37.0,24.1,28.9,62,0.0,0.0,1008.9,28.3,138,20.0,0,0.8222222222222223,2.143028384742601,0.5438596491228072,-0.17800714021050748,0.5909090909090908,0.9358399439010381,0.29545454545454547,-1.5113169546228835,0.5323741007194237,0.04300906852052431,0.9299610894941632,3.018531903872996,0.38333333333333336,-0.45312012644882416,0.504,-1.3138941163086963
2023-03-20,34.8,24.4,28.5,68,0.5,1.0,1008.9,19.2,145,21.4,0,0.6592592592592591,1.1252618412696551,0.5701754385964911,0.03817609490798718,0.5454545454545455,0.6421650597720321,0.4318181818181818,-0.9355133531145432,0.5323741007194237,0.04300906852052431,0.5758754863813228,0.8699109942632399,0.4027777777777778,-0.3685974067784453,0.616,-0.6838917191982621
2023-03-21,35.4,24.5,28.7,70,0.0,0.0,1008.8,17.7,139,22.2,0,0.7037037037037037,1.4028345349440952,0.5789473684210527,0.11023717328082044,0.5681818181818181,0.7890025018365351,0.4772727272727273,-0.7435788192784298,0.5251798561151055,-0.008127201912856584,0.5175097276264591,0.515742712459434,0.3861111111111111,-0.4410454522101986,0.68,-0.3238903494208703
2023-03-22,35.7,24.7,28.8,70,0.0,0.0,1007.5,19.8,149,22.0,0,0.7259259259259262,1.5416208817813168,0.5964912280701754,0.2543593300264844,0.5795454545454547,0.8624212228687879,0.4772727272727273,-0.7435788192784298,0.4316546762589935,-0.6728987175466338,0.5992217898832685,1.0115783069847626,0.41388888888888886,-0.32029870982394315,0.664,-0.4138906918652179
2023-03-23,35.0,25.0,28.9,70,0.3,3.0,1007.9,16.8,155,22.2,0,0.6740740740740742,1.2177860724944696,0.6228070175438597,0.4705425651449816,0.5909090909090908,0.9358399439010381,0.4772727272727273,-0.7435788192784298,0.46043165467625813,-0.4683536358131683,0.4824902723735408,0.3032417433771509,0.4305555555555556,-0.24785066439218986,0.68,-0.3238903494208703
2023-03-24,36.4,24.0,29.0,70,0.0,0.0,1008.4,20.7,148,22.1,0,0.7777777777777778,1.8654556910681608,0.5350877192982456,-0.2500682185833407,0.6022727272727273,1.0092586649332909,0.4772727272727273,-0.7435788192784298,0.4964028776978409,-0.212672283646322,0.6342412451361866,1.2240792760670458,0.4111111111111111,-0.33237338406256867,0.6720000000000002,-0.3688905206430433
2023-03-25,34.1,25.3,28.5,70,0.1,1.0,1009.3,20.0,145,22.0,0,0.6074074074074076,0.8014270319828112,0.6491228070175439,0.6867258002634788,0.5454545454545455,0.6421650597720321,0.4772727272727273,-0.7435788192784298,0.5611510791366883,0.24755415025398972,0.6070038910505836,1.0588007445586032,0.4027777777777778,-0.3685974067784453,0.664,-0.4138906918652179
2023-03-26,35.8,23.3,28.6,72,0.0,0.0,1008.4,18.8,154,22.2,0,0.7333333333333333,1.5878829973937207,0.4736842105263159,-0.7544957671931659,0.556818181818182,0.7155837808042849,0.5227272727272727,-0.5516442854423164,0.4964028776978409,-0.212672283646322,0.5603112840466925,0.7754661191155587,0.42777777777777776,-0.2599253386308154,0.68,-0.3238903494208703
2023-03-27,35.8,25.0,29.4,69,0.0,0.0,1008.8,22.4,143,22.3,0,0.7333333333333333,1.5878829973937207,0.6228070175438597,0.4705425651449816,0.6477272727272726,1.3029335490622969,0.45454545454545453,-0.8395460861964865,0.5251798561151055,-0.008127201912856584,0.7003891050583657,1.6254699954446923,0.3972222222222222,-0.3927467552556964,0.6880000000000002,-0.27889017819869577
2023-03-28,35.9,25.8,29.5,70,2.1,2.0,1009.7,21.7,129,22.8,0,0.7407407407407407,1.634145113006128,0.6929824561403509,1.04703119212764,0.6590909090909092,1.3763522700945499,0.4772727272727273,-0.7435788192784298,0.589928057553961,0.4520992319875133,0.6731517509727625,1.4601914639362497,0.35833333333333334,-0.561792194596454,0.7280000000000001,-0.05388932208782614
2023-03-29,35.2,24.9,29.3,65,0.0,0.0,1009.8,18.5,131,21.3,0,0.6888888888888892,1.310310303719284,0.6140350877192982,0.39848148677214834,0.6363636363636365,1.2295148280300467,0.36363636363636365,-1.2234151538687135,0.5971223021582711,0.503235502420836,0.5486381322957198,0.7046324627547973,0.3638888888888889,-0.537642846119203,0.6080000000000001,-0.728891890420435
2023-03-30,34.8,25.0,29.0,68,0.5,2.0,1008.8,19.7,138,22.0,0,0.6592592592592591,1.1252618412696551,0.6228070175438597,0.4705425651449816,0.6022727272727273,1.0092586649332909,0.4318181818181818,-0.9355133531145432,0.5251798561151055,-0.008127201912856584,0.5953307392996108,0.9879670881978418,0.38333333333333336,-0.45312012644882416,0.664,-0.4138906918652179
2023-03-31,34.4,25.5,29.0,68,0.1,1.0,1009.0,17.3,141,22.0,0,0.6296296296296297,0.9402133788200295,0.6666666666666666,0.8308479570091428,0.6022727272727273,1.0092586649332909,0.4318181818181818,-0.9355133531145432,0.5395683453237419,0.0941453389539052,0.5019455252918288,0.42129783731175285,0.39166666666666666,-0.4168961037329475,0.664,-0.4138906918652179
2023-04-01,34.3,24.7,28.7,71,0.0,0.0,1008.8,21.8,140,22.3,0,0.6222222222222221,0.8939512632076224,0.5964912280701754,0.2543593300264844,0.5681818181818181,0.7890025018365351,0.5,-0.647611552360373,0.5251798561151055,-0.008127201912856584,0.67704280155642,1.4838026827231703,0.3888888888888889,-0.42897077797157307,0.6880000000000002,-0.27889017819869577
2023-04-02,35.0,23.7,28.7,72,0.1,1.0,1008.3,19.6,144,22.5,0,0.6740740740740742,1.2177860724944696,0.5087719298245613,-0.46625145370183796,0.5681818181818181,0.7890025018365351,0.5227272727272727,-0.5516442854423164,0.4892086330935227,-0.2638085540797029,0.5914396887159533,0.964355869410922,0.4,-0.3806720810170709,0.7040000000000001,-0.18888983575434823
2023-04-03,34.0,25.7,28.5,73,7.7,9.0,1008.4,20.8,143,23.1,0,0.6000000000000001,0.755164916370404,0.6842105263157894,0.9749701137548068,0.5454545454545455,0.6421650597720321,0.5454545454545454,-0.4556770185242597,0.4964028776978409,-0.212672283646322,0.6381322957198442,1.2476904948539664,0.3972222222222222,-0.3927467552556964,0.7520000000000002,0.08111119157869595
2023-04-04,34.5,25.0,28.8,75,1.5,2.0,1007.7,17.2,141,23.5,0,0.6370370370370372,0.9864754944324368,0.6228070175438597,0.4705425651449816,0.5795454545454547,0.8624212228687879,0.5909090909090909,-0.2637424846881462,0.4460431654676299,-0.5706261766798719,0.4980544747081711,0.3976866185248321,0.39166666666666666,-0.4168961037329475,0.784,0.26111187646739104
2023-04-05,34.3,25.5,29.2,71,0.5,5.0,1008.2,18.7,149,23.1,0,0.6222222222222221,0.8939512632076224,0.6666666666666666,0.8308479570091428,0.625,1.156096106997794,0.5,-0.647611552360373,0.4820143884892127,-0.31494482451302563,0.5564202334630349,0.751854900328638,0.41388888888888886,-0.32029870982394315,0.7520000000000002,0.08111119157869595
2023-04-06,35.2,25.4,29.5,72,1.0,2.0,1008.5,19.3,142,23.5,0,0.6888888888888892,1.310310303719284,0.6578947368421051,0.7587868786363096,0.6590909090909092,1.3763522700945499,0.5227272727272727,-0.5516442854423164,0.5035971223021591,-0.16153601321294112,0.5797665369649805,0.8935222130501607,0.39444444444444443,-0.404821429494322,0.784,0.26111187646739104
2023-04-07,35.4,26.4,30.0,67,0.0,0.0,1010.0,19.7,139,22.6,0,0.7037037037037037,1.4028345349440952,0.7456140350877192,1.4793976623646319,0.7159090909090909,1.7434458752558086,0.4090909090909091,-1.0314806200325999,0.6115107913669074,0.6055080432875978,0.5953307392996108,0.9879670881978418,0.3861111111111111,-0.4410454522101986,0.7120000000000002,-0.14388966453217367
2023-04-08,36.3,25.3,30.3,63,0.0,0.0,1011.4,19.7,122,21.6,0,0.7703703703703703,1.8191935754557536,0.6491228070175439,0.6867258002634788,0.7500000000000001,1.9637020383525645,0.3181818181818182,-1.4153496877048268,0.7122302158273377,1.3214158293547558,0.5953307392996108,0.9879670881978418,0.3388888888888889,-0.6463149142668329,0.6320000000000001,-0.5938913767539129
2023-04-09,36.9,26.1,30.5,65,0.7,2.0,1010.9,17.5,132,22.4,0,0.8148148148148148,2.096766269130194,0.7192982456140352,1.2632144272461372,0.7727272727272727,2.1105394804170676,0.36363636363636365,-1.2234151538687135,0.6762589928057549,1.0657344771879096,0.5097276264591439,0.46852027488559345,0.36666666666666664,-0.5255681718805775,0.696,-0.2338900069765228
2023-04-10,35.4,25.9,29.5,71,2.8,5.0,1009.8,20.3,147,23.5,0,0.7037037037037037,1.4028345349440952,0.7017543859649121,1.1190922705004707,0.6590909090909092,1.3763522700945499,0.5,-0.647611552360373,0.5971223021582711,0.503235502420836,0.6186770428015563,1.1296344009193646,0.4083333333333333,-0.34444805830119424,0.784,0.26111187646739104
2023-04-11,33.6,26.4,29.3,73,6.1,5.0,1009.4,14.3,140,23.6,0,0.5703703703703705,0.5701164539207784,0.7456140350877192,1.4793976623646319,0.6363636363636365,1.2295148280300467,0.5454545454545454,-0.4556770185242597,0.5683453237410064,0.2986904206873706,0.38521400778210113,-0.28703872629585886,0.3888888888888889,-0.42897077797157307,0.7920000000000001,0.30611204768956557
2023-04-12,34.9,25.9,29.5,75,0.6,3.0,1008.3,17.2,149,24.1,0,0.6666666666666666,1.1715239568820623,0.7017543859649121,1.1190922705004707,0.6590909090909092,1.3763522700945499,0.5909090909090909,-0.2637424846881462,0.4892086330935227,-0.2638085540797029,0.4980544747081711,0.3976866185248321,0.41388888888888886,-0.32029870982394315,0.8320000000000002,0.5311129038004352
2023-04-13,34.6,25.9,29.6,73,3.0,5.0,1008.5,16.8,147,23.7,0,0.6444444444444447,1.032737610044844,0.7017543859649121,1.1190922705004707,0.6704545454545456,1.4497709911268026,0.5454545454545454,-0.4556770185242597,0.5035971223021591,-0.16153601321294112,0.4824902723735408,0.3032417433771509,0.4083333333333333,-0.34444805830119424,0.8,0.35111221891173855
2023-04-14,35.0,24.2,29.5,73,4.7,10.0,1008.1,17.5,149,23.6,0,0.6740740740740742,1.2177860724944696,0.5526315789473684,-0.10594606183767678,0.6590909090909092,1.3763522700945499,0.5454545454545454,-0.4556770185242597,0.4748201438848945,-0.36608109494640656,0.5097276264591439,0.46852027488559345,0.41388888888888886,-0.32029870982394315,0.7920000000000001,0.30611204768956557
2023-04-15,33.8,25.3,28.5,77,39.5,17.0,1007.6,15.6,152,23.7,1,0.585185185185185,0.6626406851455896,0.6491228070175439,0.6867258002634788,0.5454545454545455,0.6421650597720321,0.6363636363636364,-0.07180795085203279,0.43884892086331173,-0.6217624471132528,0.43579766536964976,0.01990711793410597,0.4222222222222222,-0.2840746871080665,0.8,0.35111221891173855
2023-04-16,32.1,25.3,28.1,81,7.2,7.0,1007.6,14.8,137,24.4,0,0.4592592592592595,-0.12381528026532002,0.6491228070175439,0.6867258002634788,0.5000000000000002,0.34849017564302603,0.7272727272727273,0.3120611168201941,0.43884892086331173,-0.6217624471132528,0.40466926070038906,-0.16898263236125688,0.38055555555555554,-0.4651948006874497,0.856,0.6661134174669557
2023-04-17,33.3,25.7,28.8,78,0.1,1.0,1008.8,20.9,140,24.4,0,0.548148148148148,0.43133010708355674,0.6842105263157894,0.9749701137548068,0.5795454545454547,0.8624212228687879,0.6590909090909091,0.02415931606602393,0.5251798561151055,-0.008127201912856584,0.6420233463035019,1.2713017136408864,0.3888888888888889,-0.42897077797157307,0.856,0.6661134174669557
2023-04-18,33.3,26.1,29.1,76,0.5,4.0,1009.2,17.9,144,24.2,0,0.548148148148148,0.43133010708355674,0.7192982456140352,1.2632144272461372,0.6136363636363639,1.0826773859655436,0.6136363636363636,-0.1677752177700895,0.5539568345323783,0.19641787982066697,0.5252918287937742,0.5629651500332746,0.4,-0.3806720810170709,0.84,0.5761130750226082
2023-04-19,34.3,24.9,29.4,76,0.7,6.0,1006.6,15.9,159,24.2,0,0.6222222222222221,0.8939512632076224,0.6140350877192982,0.39848148677214834,0.6477272727272726,1.3029335490622969,0.6136363636363636,-0.1677752177700895,0.3669064748201461,-1.1331251514469454,0.44747081712062253,0.09074077429486731,0.44166666666666665,-0.1995519674376877,0.84,0.5761130750226082
2023-04-20,36.4,26.4,30.8,69,0.2,1.0,1004.8,20.9,206,23.8,0,0.7777777777777778,1.8654556910681608,0.7456140350877192,1.4793976623646319,0.8068181818181819,2.3307956435138233,0.45454545454545453,-0.8395460861964865,0.23741007194244315,-2.053578019247627,0.6420233463035019,1.2713017136408864,0.5722222222222222,0.367957721777713,0.8080000000000002,0.39611239013391314
2023-04-21,36.6,26.4,30.6,70,1.4,3.0,1005.4,12.4,184,23.9,0,0.7925925925925928,1.9579799222929752,0.7456140350877192,1.4793976623646319,0.7840909090909093,2.1839582014493204,0.4772727272727273,-0.7435788192784298,0.28057553956834413,-1.7467603966474,0.31128404669260695,-0.7356518832473463,0.5111111111111111,0.10231488852795098,0.816,0.44111256135608606
2023-04-22,36.3,26.6,30.6,71,0.3,2.0,1006.1,18.7,161,24.0,0,0.7703703703703703,1.8191935754557536,0.7631578947368423,1.6235198191102984,0.7840909090909093,2.1839582014493204,0.5,-0.647611552360373,0.3309352517985633,-1.3888065036137918,0.5564202334630349,0.751854900328638,0.44722222222222224,-0.1754026189604366,0.8240000000000001,0.48611273257826065
2023-04-23,36.1,26.8,30.7,68,0.3,3.0,1007.9,19.5,139,23.4,0,0.7555555555555558,1.7266693442309424,0.780701754385965,1.7676419758559623,0.7954545454545454,2.2573769224815705,0.4318181818181818,-0.9355133531145432,0.46043165467625813,-0.4683536358131683,0.5875486381322956,0.9407446506240013,0.3861111111111111,-0.4410454522101986,0.7759999999999999,0.21611170524521645
2023-04-24,37.5,25.8,30.9,66,0.2,1.0,1008.9,13.2,95,22.9,0,0.8592592592592594,2.3743389628046336,0.6929824561403509,1.04703119212764,0.818181818181818,2.4042143645460734,0.38636363636363635,-1.1274478869506568,0.5323741007194237,0.04300906852052431,0.3424124513618676,-0.5467621329519835,0.2638888888888889,-0.9723311187097227,0.736,-0.008889150865653173
2023-04-25,37.7,26.8,31.1,66,0.8,2.0,1007.3,22.3,123,23.0,0,0.8740740740740743,2.466863194029448,0.780701754385965,1.7676419758559623,0.840909090909091,2.551051806610579,0.38636363636363635,-1.1274478869506568,0.4172661870503571,-0.7751712584133955,0.696498054474708,1.6018587766577723,0.3416666666666667,-0.6342402400282073,0.7440000000000001,0.03611102035652139
2023-04-26,36.3,26.8,31.0,62,0.0,0.0,1007.5,18.1,109,22.2,0,0.7703703703703703,1.8191935754557536,0.780701754385965,1.7676419758559623,0.8295454545454546,2.477633085578326,0.29545454545454547,-1.5113169546228835,0.4316546762589935,-0.6728987175466338,0.5330739299610895,0.6101875876071161,0.30277777777777776,-0.803285679368965,0.68,-0.3238903494208703
2023-04-27,37.5,26.6,31.0,64,0.3,2.0,1007.9,22.8,114,22.7,0,0.8592592592592594,2.3743389628046336,0.7631578947368423,1.6235198191102984,0.8295454545454546,2.477633085578326,0.3409090909090909,-1.3193824207867701,0.46043165467625813,-0.4683536358131683,0.715953307392996,1.7199148705923744,0.31666666666666665,-0.7429123081758373,0.72,-0.0988894933100007
2023-04-28,37.4,27.0,31.3,62,1.2,3.0,1008.0,16.0,115,22.4,0,0.8518518518518519,2.3280768471922264,0.7982456140350876,1.9117641326016264,0.8636363636363638,2.6978892486750823,0.29545454545454547,-1.5113169546228835,0.4676258992805763,-0.41721736537978743,0.4513618677042801,0.11435199308178762,0.3194444444444444,-0.7308376339372117,0.696,-0.2338900069765228
2023-04-29,36.8,27.2,30.9,65,2.7,4.0,1007.3,18.9,127,22.9,0,0.8074074074074074,2.0505041535177866,0.8157894736842104,2.0558862893472902,0.818181818181818,2.4042143645460734,0.36363636363636365,-1.2234151538687135,0.4172661870503571,-0.7751712584133955,0.5642023346303501,0.7990773379024786,0.3527777777777778,-0.5859415430737052,0.736,-0.008889150865653173
2023-04-30,34.9,26.0,29.8,72,2.3,5.0,1007.6,18.5,126,23.9,0,0.6666666666666666,1.1715239568820623,0.7105263157894737,1.191153348873304,0.6931818181818182,1.5966084331913055,0.5227272727272727,-0.5516442854423164,0.43884892086331173,-0.6217624471132528,0.5486381322957198,0.7046324627547973,0.35,-0.5980162173123307,0.816,0.44111256135608606
2023-05-01,36.9,26.5,30.7,64,0.3,1.0,1007.5,16.6,113,22.4,0,0.8148148148148148,2.096766269130194,0.7543859649122807,1.5514587407374651,0.7954545454545454,2.2573769224815705,0.3409090909090909,-1.3193824207867701,0.4316546762589935,-0.6728987175466338,0.47470817120622566,0.2560193058033103,0.3138888888888889,-0.7549869824144628,0.696,-0.2338900069765228
2023-05-02,37.5,26.7,31.1,60,2.2,3.0,1008.1,19.6,103,21.9,0,0.8592592592592594,2.3743389628046336,0.7719298245614035,1.695580897483129,0.840909090909091,2.551051806610579,0.25,-1.703251488458997,0.4748201438848945,-0.36608109494640656,0.5914396887159533,0.964355869410922,0.2861111111111111,-0.8757337248007183,0.6559999999999999,-0.4588908630873924
2023-05-03,37.0,27.6,31.4,63,1.5,4.0,1008.7,17.8,122,23.0,0,0.8222222222222223,2.143028384742601,0.8508771929824562,2.3441306028386206,0.8749999999999999,2.7713079697073324,0.3181818181818182,-1.4153496877048268,0.5179856115107955,-0.05926347234617934,0.5214007782101167,0.5393539312463548,0.3388888888888889,-0.6463149142668329,0.7440000000000001,0.03611102035652139
2023-05-04,37.2,27.6,31.3,65,0.0,0.0,1007.1,20.2,138,23.0,0,0.8370370370370374,2.2355526159674155,0.8508771929824562,2.3441306028386206,0.8636363636363638,2.6978892486750823,0.36363636363636365,-1.2234151538687135,0.4028776978417289,-0.8774437992800992,0.6147859922178988,1.1060231821324438,0.38333333333333336,-0.45312012644882416,0.7440000000000001,0.03611102035652139
2023-05-05,36.8,27.1,31.8,63,0.2,2.0,1005.1,12.8,205,23.2,0,0.8074074074074074,2.0505041535177866,0.8070175438596492,1.9838252109744596,0.9204545454545455,3.064982853836341,0.3181818181818182,-1.4153496877048268,0.25899280575539774,-1.9001692079474843,0.32684824902723736,-0.6412070080996647,0.5694444444444444,0.35588304753908745,0.76,0.12611136280086893
2023-05-06,37.9,27.5,32.2,63,0.0,0.0,1003.9,16.9,214,23.6,0,0.8888888888888888,2.5593874252542594,0.8421052631578947,2.2720695244657874,0.9659090909090913,3.3586577379653497,0.3181818181818182,-1.4153496877048268,0.17266187050359577,-2.5138044531479387,0.4863813229571983,0.3268529621640708,0.5944444444444444,0.46455511568671737,0.7920000000000001,0.30611204768956557
2023-05-07,36.7,28.2,31.8,65,1.3,4.0,1004.4,19.1,218,24.1,0,0.8000000000000003,2.0042420379053825,0.9035087719298245,2.7764970730756127,0.9204545454545455,3.064982853836341,0.36363636363636365,-1.2234151538687135,0.20863309352517856,-2.2581231009810927,0.5719844357976653,0.8462997754763201,0.6055555555555555,0.5128538126412195,0.8320000000000002,0.5311129038004352
2023-05-08,35.7,26.6,29.3,77,18.3,8.0,1006.1,15.4,193,24.6,1,0.7259259259259262,1.5416208817813168,0.7631578947368423,1.6235198191102984,0.6363636363636365,1.2295148280300467,0.6363636363636364,-0.07180795085203279,0.3309352517985633,-1.3888065036137918,0.4280155642023346,-0.027315319639734638,0.5361111111111111,0.2109869566755809,0.8720000000000002,0.7561137599113048
2023-05-09,32.2,25.9,27.6,86,16.3,13.0,1007.4,18.8,112,25.0,1,0.466666666666667,-0.07755316465291279,0.7017543859649121,1.1190922705004707,0.4431818181818184,-0.018603429518232836,0.8409090909090909,0.7918974514104776,0.42446043165467534,-0.7240349879800146,0.5603112840466925,0.7754661191155587,0.3111111111111111,-0.7670616566530883,0.904,0.9361144448
2023-05-10,31.6,25.7,28.3,84,7.9,6.0,1008.0,15.2,148,25.1,0,0.42222222222222244,-0.35512585832735283,0.6842105263157894,0.9749701137548068,0.5227272727272728,0.49532761770752903,0.7954545454545454,0.5999629175743643,0.4676258992805763,-0.41721736537978743,0.42023346303501935,-0.07453775721357567,0.4111111111111111,-0.33237338406256867,0.9120000000000001,0.9811146160221744
2023-05-11,31.9,26.0,28.7,82,8.3,12.0,1009.3,10.9,138,25.2,0,0.4444444444444444,-0.21633951149013445,0.7105263157894737,1.191153348873304,0.5681818181818181,0.7890025018365351,0.75,0.4080283837382508,0.5611510791366883,0.24755415025398972,0.2529182879377432,-1.089820165051152,0.38333333333333336,-0.45312012644882416,0.92,1.0261147872443475
2023-05-12,32.0,26.3,28.5,82,3.1,12.0,1009.7,15.0,145,25.1,0,0.45185185185185195,-0.17007739587772722,0.736842105263158,1.4073365839918013,0.5454545454545455,0.6421650597720321,0.75,0.4080283837382508,0.589928057553961,0.4520992319875133,0.4124513618677042,-0.12176019478741629,0.4027777777777778,-0.3685974067784453,0.9120000000000001,0.9811146160221744
2023-05-13,32.9,26.1,29.1,81,4.8,7.0,1009.7,12.0,139,25.3,0,0.5185185185185185,0.24628164463393118,0.7192982456140352,1.2632144272461372,0.6136363636363639,1.0826773859655436,0.7272727272727273,0.3120611168201941,0.589928057553961,0.4520992319875133,0.2957198443579766,-0.830096758395028,0.3861111111111111,-0.4410454522101986,0.9280000000000002,1.071114958466522
2023-05-14,33.2,25.6,28.5,81,3.7,10.0,1010.0,17.3,164,24.9,0,0.5407407407407411,0.38506799147115284,0.6754385964912282,0.9029090353819761,0.5454545454545455,0.6421650597720321,0.7272727272727273,0.3120611168201941,0.6115107913669074,0.6055080432875978,0.5019455252918288,0.42129783731175285,0.45555555555555555,-0.13917859624455994,0.8959999999999999,0.8911142735778254
2023-05-15,33.8,25.7,29.0,80,0.8,5.0,1009.9,13.0,152,25.0,0,0.585185185185185,0.6626406851455896,0.6842105263157894,0.9749701137548068,0.6022727272727273,1.0092586649332909,0.7045454545454546,0.21609384990213737,0.6043165467625893,0.5543717728542169,0.3346303501945525,-0.5939845705258241,0.4222222222222222,-0.2840746871080665,0.904,0.9361144448
2023-05-16,34.2,26.5,29.2,80,5.0,8.0,1010.0,15.5,217,25.1,0,0.6148148148148151,0.8476891475952184,0.7543859649122807,1.5514587407374651,0.625,1.156096106997794,0.7045454545454546,0.21609384990213737,0.6115107913669074,0.6055080432875978,0.4319066147859922,-0.003704100852814333,0.6027777777777777,0.500779138402594,0.9120000000000001,0.9811146160221744
2023-05-17,33.8,26.2,28.7,82,11.1,8.0,1009.9,11.3,236,25.1,0,0.585185185185185,0.6626406851455896,0.7280701754385964,1.335275505618968,0.5681818181818181,0.7890025018365351,0.75,0.4080283837382508,0.6043165467625893,0.5543717728542169,0.26848249027237353,-0.9953752899034706,0.6555555555555556,0.7301979489364794,0.9120000000000001,0.9811146160221744
2023-05-18,34.0,26.2,28.5,83,11.1,9.0,1009.0,19.3,240,25.3,0,0.6000000000000001,0.755164916370404,0.7280701754385964,1.335275505618968,0.5454545454545455,0.6421650597720321,0.7727272727272727,0.5039956506563075,0.5395683453237419,0.0941453389539052,0.5797665369649805,0.8935222130501607,0.6666666666666666,0.7784966458909816,0.9280000000000002,1.071114958466522
2023-05-19,34.6,25.7,29.4,78,0.3,3.0,1007.1,18.0,233,24.9,0,0.6444444444444447,1.032737610044844,0.6842105263157894,0.9749701137548068,0.6477272727272726,1.3029335490622969,0.6590909090909091,0.02415931606602393,0.4028776978417289,-0.8774437992800992,0.5291828793774318,0.5865763688201954,0.6472222222222223,0.6939739262206027,0.8959999999999999,0.8911142735778254
2023-05-20,32.7,26.4,28.6,82,4.9,10.0,1007.4,21.3,191,25.2,0,0.503703703703704,0.15375741340912003,0.7456140350877192,1.4793976623646319,0.556818181818182,0.7155837808042849,0.75,0.4080283837382508,0.42446043165467534,-0.7240349879800146,0.6575875486381322,1.3657465887885685,0.5305555555555556,0.1868376081983298,0.92,1.0261147872443475
2023-05-21,31.9,26.1,27.9,86,8.3,9.0,1009.0,18.4,174,25.2,0,0.4444444444444444,-0.21633951149013445,0.7192982456140352,1.2632144272461372,0.4772727272727271,0.2016527335785204,0.8409090909090909,0.7918974514104776,0.5395683453237419,0.0941453389539052,0.5447470817120621,0.6810212439678767,0.48333333333333334,-0.018431853858304488,0.92,1.0261147872443475
2023-05-22,33.6,25.0,27.6,86,13.9,13.0,1009.7,13.4,209,24.8,0,0.5703703703703705,0.5701164539207784,0.6228070175438597,0.4705425651449816,0.4431818181818184,-0.018603429518232836,0.8409090909090909,0.7918974514104776,0.589928057553961,0.4520992319875133,0.35019455252918286,-0.4995396953781424,0.5805555555555556,0.4041817444935896,0.8880000000000001,0.8461141023556523
2023-05-23,32.8,25.1,27.8,85,13.0,11.0,1008.9,14.9,238,24.9,0,0.511111111111111,0.20001952902152395,0.6315789473684211,0.5426036435178149,0.46590909090909105,0.12823401254627018,0.8181818181818182,0.695930184492421,0.5323741007194237,0.04300906852052431,0.40856031128404663,-0.14537141357433658,0.6611111111111111,0.7543472974137305,0.8959999999999999,0.8911142735778254
2023-05-24,32.6,25.6,28.1,85,7.4,9.0,1008.6,16.4,220,25.1,0,0.4962962962962965,0.1074952977967128,0.6754385964912282,0.9029090353819761,0.5000000000000002,0.34849017564302603,0.8181818181818182,0.695930184492421,0.5107913669064773,-0.11039974277956023,0.4669260700389104,0.20879686822946883,0.6111111111111112,0.5370031611184707,0.9120000000000001,0.9811146160221744
2023-05-25,31.1,24.4,27.4,86,9.8,6.0,1009.3,16.4,211,24.7,0,0.3851851851851854,-0.5864364363893856,0.5701754385964911,0.03817609490798718,0.42045454545454536,-0.16544087158273846,0.8409090909090909,0.7918974514104776,0.5611510791366883,0.24755415025398972,0.4669260700389104,0.20879686822946883,0.5861111111111111,0.4283310929708407,0.88,0.8011139311334778
2023-05-26,30.8,25.3,27.4,86,10.8,8.0,1008.9,15.6,203,24.7,0,0.3629629629629631,-0.7252227832266056,0.6491228070175439,0.6867258002634788,0.42045454545454536,-0.16544087158273846,0.8409090909090909,0.7918974514104776,0.5323741007194237,0.04300906852052431,0.43579766536964976,0.01990711793410597,0.5638888888888889,0.33173369906183636,0.88,0.8011139311334778
2023-05-27,30.5,24.2,26.3,88,35.9,16.0,1007.1,15.8,219,24.1,1,0.34074074074074084,-0.8640091300638256,0.5526315789473684,-0.10594606183767678,0.2954545454545456,-0.9730468029375063,0.8863636363636364,0.9838319852465911,0.4028776978417289,-0.8774437992800992,0.44357976653696496,0.067129555507947,0.6083333333333333,0.5249284868798451,0.8320000000000002,0.5311129038004352
2023-05-28,30.3,24.3,26.7,88,20.3,15.0,1006.2,15.0,218,24.6,1,0.32592592592592606,-0.9565333612886384,0.5614035087719299,-0.03388498346484352,0.3409090909090909,-0.6793719188085003,0.8863636363636364,0.9838319852465911,0.33812949640288154,-1.337670233180411,0.4124513618677042,-0.12176019478741629,0.6055555555555555,0.5128538126412195,0.8720000000000002,0.7561137599113048
2023-05-29,31.6,24.5,27.1,87,11.6,10.0,1007.0,15.6,214,24.6,0,0.42222222222222244,-0.35512585832735283,0.5789473684210527,0.11023717328082044,0.3863636363636366,-0.3856970346794917,0.8636363636363636,0.8878647183285344,0.3956834532374107,-0.9285800697134801,0.43579766536964976,0.01990711793410597,0.5944444444444444,0.46455511568671737,0.8720000000000002,0.7561137599113048
2023-05-30,30.6,25.2,27.1,88,8.8,11.0,1007.3,21.6,236,25.0,0,0.3481481481481484,-0.8177470144514184,0.6403508771929824,0.6146647218906456,0.3863636363636366,-0.3856970346794917,0.8863636363636364,0.9838319852465911,0.4172661870503571,-0.7751712584133955,0.6692607003891051,1.4365802451493297,0.6555555555555556,0.7301979489364794,0.904,0.9361144448
2023-05-31,31.7,25.9,27.7,86,4.9,9.0,1006.8,23.0,239,25.0,0,0.4296296296296297,-0.30886374271494726,0.7017543859649121,1.1190922705004707,0.45454545454545453,0.05481529151401737,0.8409090909090909,0.7918974514104776,0.38129496402877433,-1.0308526105802418,0.7237354085603113,1.767137308166215,0.6638888888888889,0.766421971652356,0.904,0.9361144448
2023-06-01,31.3,25.3,27.4,87,12.2,10.0,1006.4,23.5,242,25.0,0,0.40000000000000013,-0.49391220516457285,0.6491228070175439,0.6867258002634788,0.42045454545454536,-0.16544087158273846,0.8636363636363636,0.8878647183285344,0.3525179856115097,-1.2353976923137073,0.7431906614785992,1.8851934021008168,0.6722222222222223,0.8026459943682327,0.904,0.9361144448
2023-06-02,31.1,25.8,27.9,87,8.3,10.0,1007.3,20.4,232,25.4,0,0.3851851851851854,-0.5864364363893856,0.6929824561403509,1.04703119212764,0.4772727272727271,0.2016527335785204,0.8636363636363636,0.8878647183285344,0.4172661870503571,-0.7751712584133955,0.6225680933852139,1.1532456197062844,0.6444444444444445,0.6818992519819772,0.9359999999999999,1.1161151296886949
2023-06-03,32.8,25.6,28.1,87,6.3,7.0,1007.8,18.3,257,25.5,0,0.511111111111111,0.20001952902152395,0.6754385964912282,0.9029090353819761,0.5000000000000002,0.34849017564302603,0.8636363636363636,0.8878647183285344,0.4532374100719399,-0.5194899062465492,0.5408560311284046,0.6574100251809567,0.7138888888888889,0.9837661079476159,0.9440000000000001,1.1611153009108695
2023-06-04,32.2,25.6,27.5,87,13.7,17.0,1007.5,17.7,286,25.2,0,0.466666666666667,-0.07755316465291279,0.6754385964912282,0.9029090353819761,0.4318181818181819,-0.09202215055048565,0.8636363636363636,0.8878647183285344,0.4316546762589935,-0.6728987175466338,0.5175097276264591,0.515742712459434,0.7944444444444444,1.3339316608677567,0.92,1.0261147872443475
2023-06-05,31.3,25.2,26.7,89,28.4,22.0,1006.5,14.8,274,24.6,1,0.40000000000000013,-0.49391220516457285,0.6403508771929824,0.6146647218906456,0.3409090909090909,-0.6793719188085003,0.9090909090909091,1.0797992521646478,0.35971223021582793,-1.1842614218803265,0.40466926070038906,-0.16898263236125688,0.7611111111111111,1.18903557000425,0.8720000000000002,0.7561137599113048
2023-06-06,30.9,25.0,27.2,87,19.1,15.0,1006.8,22.9,250,24.7,1,0.37037037037037035,-0.6789606676142,0.6228070175438597,0.4705425651449816,0.3977272727272727,-0.3122783136472415,0.8636363636363636,0.8878647183285344,0.38129496402877433,-1.0308526105802418,0.7198443579766536,1.743526089379294,0.6944444444444444,0.899243388277237,0.88,0.8011139311334778
2023-06-07,28.5,25.0,26.6,89,6.8,16.0,1008.3,17.1,232,24.6,0,0.1925925925925927,-1.789251442311957,0.6228070175438597,0.4705425651449816,0.32954545454545475,-0.7527906398407506,0.9090909090909091,1.0797992521646478,0.4892086330935227,-0.2638085540797029,0.4941634241245136,0.3740753997379122,0.6444444444444445,0.6818992519819772,0.8720000000000002,0.7561137599113048
2023-06-08,30.0,25.1,27.4,87,2.3,8.0,1008.1,16.7,252,24.9,0,0.3037037037037038,-1.0953197081258585,0.6315789473684211,0.5426036435178149,0.42045454545454536,-0.16544087158273846,0.8636363636363636,0.8878647183285344,0.4748201438848945,-0.36608109494640656,0.4785992217898832,0.2796305245902302,0.7,0.9233927367544881,0.8959999999999999,0.8911142735778254
2023-06-09,31.1,25.3,27.6,84,7.3,15.0,1007.2,19.1,255,24.6,0,0.3851851851851854,-0.5864364363893856,0.6491228070175439,0.6867258002634788,0.4431818181818184,-0.018603429518232836,0.7954545454545454,0.5999629175743643,0.4100719424460471,-0.8263075288467183,0.5719844357976653,0.8462997754763201,0.7083333333333334,0.9596167594703647,0.8720000000000002,0.7561137599113048
2023-06-10,31.6,25.0,27.2,88,15.0,9.0,1006.1,14.1,247,24.9,1,0.42222222222222244,-0.35512585832735283,0.6228070175438597,0.4705425651449816,0.3977272727272727,-0.3122783136472415,0.8863636363636364,0.9838319852465911,0.3309352517985633,-1.3888065036137918,0.37743190661478593,-0.3342611638696999,0.6861111111111111,0.8630193655613604,0.8959999999999999,0.8911142735778254
2023-06-11,31.9,25.5,28.0,81,1.2,6.0,1006.1,23.5,245,24.3,0,0.4444444444444444,-0.21633951149013445,0.6666666666666666,0.8308479570091428,0.4886363636363637,0.2750714546107732,0.7272727272727273,0.3120611168201941,0.3309352517985633,-1.3888065036137918,0.7431906614785992,1.8851934021008168,0.6805555555555556,0.8388700170841094,0.8480000000000001,0.6211132462447827
2023-06-12,31.5,25.3,27.1,86,12.0,15.0,1007.2,26.1,222,24.6,0,0.4148148148148149,-0.40138797393976006,0.6491228070175439,0.6867258002634788,0.3863636363636366,-0.3856970346794917,0.8409090909090909,0.7918974514104776,0.4100719424460471,-0.8263075288467183,0.8443579766536965,2.4990850905607473,0.6166666666666667,0.5611525095957217,0.8720000000000002,0.7561137599113048
2023-06-13,30.9,24.4,27.3,85,1.1,4.0,1007.6,14.5,233,24.3,0,0.37037037037037035,-0.6789606676142,0.5701754385964911,0.03817609490798718,0.4090909090909092,-0.23885959261498868,0.8181818181818182,0.695930184492421,0.43884892086331173,-0.6217624471132528,0.3929961089494163,-0.23981628872201824,0.6472222222222223,0.6939739262206027,0.8480000000000001,0.6211132462447827
2023-06-14,31.7,25.5,27.8,85,14.0,5.0,1008.8,20.9,231,24.8,0,0.4296296296296297,-0.30886374271494726,0.6666666666666666,0.8308479570091428,0.46590909090909105,0.12823401254627018,0.8181818181818182,0.695930184492421,0.5251798561151055,-0.008127201912856584,0.6420233463035019,1.2713017136408864,0.6416666666666667,0.6698245777433517,0.8880000000000001,0.8461141023556523
2023-06-15,33.1,24.6,28.3,82,7.7,3.0,1008.1,15.8,274,24.6,0,0.5333333333333335,0.3388058758587456,0.5877192982456142,0.1822982516536537,0.5227272727272728,0.49532761770752903,0.75,0.4080283837382508,0.4748201438848945,-0.36608109494640656,0.44357976653696496,0.067129555507947,0.7611111111111111,1.18903557000425,0.8720000000000002,0.7561137599113048
2023-06-16,32.2,25.2,27.8,87,12.5,11.0,1007.5,17.7,232,25.2,0,0.466666666666667,-0.07755316465291279,0.6403508771929824,0.6146647218906456,0.46590909090909105,0.12823401254627018,0.8636363636363636,0.8878647183285344,0.4316546762589935,-0.6728987175466338,0.5175097276264591,0.515742712459434,0.6444444444444445,0.6818992519819772,0.92,1.0261147872443475
2023-06-17,31.7,25.2,27.2,88,14.4,13.0,1008.5,9.2,220,24.9,0,0.4296296296296297,-0.30886374271494726,0.6403508771929824,0.6146647218906456,0.3977272727272727,-0.3122783136472415,0.8863636363636364,0.9838319852465911,0.5035971223021591,-0.16153601321294112,0.18677042801556415,-1.491210884428799,0.6111111111111112,0.5370031611184707,0.8959999999999999,0.8911142735778254
2023-06-18,31.6,24.9,26.9,85,11.0,8.0,1009.2,19.5,252,24.0,0,0.42222222222222244,-0.35512585832735283,0.6140350877192982,0.39848148677214834,0.36363636363636354,-0.5325344767439973,0.8181818181818182,0.695930184492421,0.5539568345323783,0.19641787982066697,0.5875486381322956,0.9407446506240013,0.7,0.9233927367544881,0.8240000000000001,0.48611273257826065
2023-06-19,32.1,24.0,27.5,84,14.8,5.0,1008.2,19.7,253,24.3,0,0.4592592592592595,-0.12381528026532002,0.5350877192982456,-0.2500682185833407,0.4318181818181819,-0.09202215055048565,0.7954545454545454,0.5999629175743643,0.4820143884892127,-0.31494482451302563,0.5953307392996108,0.9879670881978418,0.7027777777777777,0.9354674109931137,0.8480000000000001,0.6211132462447827
2023-06-20,32.6,25.4,28.2,83,5.1,6.0,1007.8,16.0,245,24.8,0,0.4962962962962965,0.1074952977967128,0.6578947368421051,0.7587868786363096,0.5113636363636364,0.4219088966752762,0.7727272727272727,0.5039956506563075,0.4532374100719399,-0.5194899062465492,0.4513618677042801,0.11435199308178762,0.6805555555555556,0.8388700170841094,0.8880000000000001,0.8461141023556523
2023-06-21,31.2,24.9,27.7,86,7.4,10.0,1008.5,11.2,250,24.9,0,0.39259259259259266,-0.54017432077698,0.6140350877192982,0.39848148677214834,0.45454545454545453,0.05481529151401737,0.8409090909090909,0.7918974514104776,0.5035971223021591,-0.16153601321294112,0.2645914396887159,-1.0189865086903913,0.6944444444444444,0.899243388277237,0.8959999999999999,0.8911142735778254
2023-06-22,31.9,24.9,27.7,83,4.7,11.0,1008.4,13.2,267,24.5,0,0.4444444444444444,-0.21633951149013445,0.6140350877192982,0.39848148677214834,0.45454545454545453,0.05481529151401737,0.7727272727272727,0.5039956506563075,0.4964028776978409,-0.212672283646322,0.3424124513618676,-0.5467621329519835,0.7416666666666667,1.1045128503338713,0.8640000000000001,0.7111135886891303
2023-06-23,33.2,25.6,28.5,83,7.7,6.0,1006.6,10.7,257,25.1,0,0.5407407407407411,0.38506799147115284,0.6754385964912282,0.9029090353819761,0.5454545454545455,0.6421650597720321,0.7727272727272727,0.5039956506563075,0.3669064748201461,-1.1331251514469454,0.24513618677042795,-1.1370426026249931,0.7138888888888889,0.9837661079476159,0.9120000000000001,0.9811146160221744
2023-06-24,32.5,25.7,28.0,86,4.4,12.0,1006.5,12.7,229,25.3,0,0.488888888888889,0.061233182184305575,0.6842105263157894,0.9749701137548068,0.4886363636363637,0.2750714546107732,0.8409090909090909,0.7918974514104776,0.35971223021582793,-1.1842614218803265,0.3229571984435797,-0.6648182268865854,0.6361111111111111,0.6456752292661005,0.9280000000000002,1.071114958466522
2023-06-25,31.8,25.0,27.1,89,7.3,9.0,1006.7,16.5,214,24.9,0,0.43703703703703717,-0.26260162710254004,0.6228070175438597,0.4705425651449816,0.3863636363636366,-0.3856970346794917,0.9090909090909091,1.0797992521646478,0.3741007194244643,-1.0819888810135645,0.47081712062256803,0.23240808701638957,0.5944444444444444,0.46455511568671737,0.8959999999999999,0.8911142735778254
2023-06-26,32.6,24.6,27.5,86,0.3,3.0,1006.7,17.4,246,24.8,0,0.4962962962962965,0.1074952977967128,0.5877192982456142,0.1822982516536537,0.4318181818181819,-0.09202215055048565,0.8409090909090909,0.7918974514104776,0.3741007194244643,-1.0819888810135645,0.5058365758754862,0.4449090560986727,0.6833333333333333,0.8509446913227349,0.8880000000000001,0.8461141023556523
2023-06-27,31.7,24.0,27.3,86,10.2,12.0,1007.4,11.2,329,24.6,0,0.4296296296296297,-0.30886374271494726,0.5350877192982456,-0.2500682185833407,0.4090909090909092,-0.23885959261498868,0.8409090909090909,0.7918974514104776,0.42446043165467534,-0.7240349879800146,0.2645914396887159,-1.0189865086903913,0.9138888888888889,1.8531426531286552,0.8720000000000002,0.7561137599113048
2023-06-28,31.4,25.1,27.3,87,6.6,13.0,1008.4,12.1,201,24.8,0,0.4074074074074074,-0.44765008955216723,0.6315789473684211,0.5426036435178149,0.4090909090909092,-0.23885959261498868,0.8636363636363636,0.8878647183285344,0.4964028776978409,-0.212672283646322,0.2996108949416342,-0.8064855396081076,0.5583333333333333,0.3075843505845853,0.8880000000000001,0.8461141023556523
2023-06-29,32.1,25.1,27.7,86,14.3,12.0,1007.7,15.9,211,24.9,1,0.4592592592592595,-0.12381528026532002,0.6315789473684211,0.5426036435178149,0.45454545454545453,0.05481529151401737,0.8409090909090909,0.7918974514104776,0.4460431654676299,-0.5706261766798719,0.44747081712062253,0.09074077429486731,0.5861111111111111,0.4283310929708407,0.8959999999999999,0.8911142735778254
2023-06-30,31.7,25.6,27.8,86,10.4,13.0,1007.6,19.5,207,25.1,0,0.4296296296296297,-0.30886374271494726,0.6754385964912282,0.9029090353819761,0.46590909090909105,0.12823401254627018,0.8409090909090909,0.7918974514104776,0.43884892086331173,-0.6217624471132528,0.5875486381322956,0.9407446506240013,0.575,0.38003239601633854,0.9120000000000001,0.9811146160221744
2023-07-01,31.7,25.4,27.2,87,16.0,16.0,1008.3,18.8,199,24.7,0,0.4296296296296297,-0.30886374271494726,0.6578947368421051,0.7587868786363096,0.3977272727272727,-0.3122783136472415,0.8636363636363636,0.8878647183285344,0.4892086330935227,-0.2638085540797029,0.5603112840466925,0.7754661191155587,0.5527777777777778,0.2834350021073342,0.88,0.8011139311334778
2023-07-02,29.8,24.9,26.7,87,17.2,21.0,1009.3,15.9,192,24.3,0,0.28888888888888903,-1.1878439393506712,0.6140350877192982,0.39848148677214834,0.3409090909090909,-0.6793719188085003,0.8636363636363636,0.8878647183285344,0.5611510791366883,0.24755415025398972,0.44747081712062253,0.09074077429486731,0.5333333333333333,0.19891228243695536,0.8480000000000001,0.6211132462447827
2023-07-03,31.9,24.4,27.1,86,8.1,7.0,1009.4,17.6,286,24.3,0,0.4444444444444444,-0.21633951149013445,0.5701754385964911,0.03817609490798718,0.3863636363636366,-0.3856970346794917,0.8409090909090909,0.7918974514104776,0.5683453237410064,0.2986904206873706,0.5136186770428015,0.4921314936725142,0.7944444444444444,1.3339316608677567,0.8480000000000001,0.6211132462447827
2023-07-04,32.4,24.2,27.9,81,0.0,0.0,1008.6,12.9,345,24.0,0,0.48148148148148145,0.014971066571898358,0.5526315789473684,-0.10594606183767678,0.4772727272727271,0.2016527335785204,0.7272727272727273,0.3120611168201941,0.5107913669064773,-0.11039974277956023,0.33073929961089493,-0.6175957893127444,0.9583333333333334,2.046337440946664,0.8240000000000001,0.48611273257826065
2023-07-05,31.6,24.6,27.1,87,19.3,13.0,1008.0,10.8,25,24.6,0,0.42222222222222244,-0.35512585832735283,0.5877192982456142,0.1822982516536537,0.3863636363636366,-0.3856970346794917,0.8636363636363636,0.8878647183285344,0.4676258992805763,-0.41721736537978743,0.24902723735408558,-1.1134313838380725,0.06944444444444445,-1.8175583154135109,0.8720000000000002,0.7561137599113048
2023-07-06,32.1,23.8,27.0,88,30.5,12.0,1008.9,15.0,352,24.6,1,0.4592592592592595,-0.12381528026532002,0.5175438596491229,-0.3941903753290047,0.37500000000000006,-0.4591157557117445,0.8863636363636364,0.9838319852465911,0.5323741007194237,0.04300906852052431,0.4124513618677042,-0.12176019478741629,0.9777777777777777,2.130860160617043,0.8720000000000002,0.7561137599113048
2023-07-07,31.6,24.6,27.9,83,2.3,5.0,1009.0,16.6,137,24.6,0,0.42222222222222244,-0.35512585832735283,0.5877192982456142,0.1822982516536537,0.4772727272727271,0.2016527335785204,0.7727272727272727,0.5039956506563075,0.5395683453237419,0.0941453389539052,0.47470817120622566,0.2560193058033103,0.38055555555555554,-0.4651948006874497,0.8720000000000002,0.7561137599113048
2023-07-08,30.2,25.5,27.5,85,12.5,15.0,1009.2,17.3,161,24.7,0,0.3185185185185186,-1.0027954769010456,0.6666666666666666,0.8308479570091428,0.4318181818181819,-0.09202215055048565,0.8181818181818182,0.695930184492421,0.5539568345323783,0.19641787982066697,0.5019455252918288,0.42129783731175285,0.44722222222222224,-0.1754026189604366,0.88,0.8011139311334778
2023-07-09,30.6,25.0,26.8,88,7.4,11.0,1009.3,14.1,164,24.5,0,0.3481481481481484,-0.8177470144514184,0.6228070175438597,0.4705425651449816,0.3522727272727274,-0.6059531977762476,0.8863636363636364,0.9838319852465911,0.5611510791366883,0.24755415025398972,0.37743190661478593,-0.3342611638696999,0.45555555555555555,-0.13917859624455994,0.8640000000000001,0.7111135886891303
2023-07-10,32.0,24.4,27.7,84,2.5,5.0,1008.5,13.4,191,24.4,0,0.45185185185185195,-0.17007739587772722,0.5701754385964911,0.03817609490798718,0.45454545454545453,0.05481529151401737,0.7954545454545454,0.5999629175743643,0.5035971223021591,-0.16153601321294112,0.35019455252918286,-0.4995396953781424,0.5305555555555556,0.1868376081983298,0.856,0.6661134174669557
2023-07-11,32.5,24.7,28.2,82,3.0,5.0,1008.4,18.8,259,24.6,0,0.488888888888889,0.061233182184305575,0.5964912280701754,0.2543593300264844,0.5113636363636364,0.4219088966752762,0.75,0.4080283837382508,0.4964028776978409,-0.212672283646322,0.5603112840466925,0.7754661191155587,0.7194444444444444,1.007915456424867,0.8720000000000002,0.7561137599113048
2023-07-12,32.0,24.1,28.1,84,2.5,5.0,1008.4,11.0,282,24.9,0,0.45185185185185195,-0.17007739587772722,0.5438596491228072,-0.17800714021050748,0.5000000000000002,0.34849017564302603,0.7954545454545454,0.5999629175743643,0.4964028776978409,-0.212672283646322,0.25680933852140075,-1.066208946264232,0.7833333333333333,1.2856329639132544,0.8959999999999999,0.8911142735778254
2023-07-13,31.6,25.2,27.4,89,21.5,14.0,1007.9,12.3,250,25.3,1,0.42222222222222244,-0.35512585832735283,0.6403508771929824,0.6146647218906456,0.42045454545454536,-0.16544087158273846,0.9090909090909091,1.0797992521646478,0.46043165467625813,-0.4683536358131683,0.3073929961089494,-0.7592631020342666,0.6944444444444444,0.899243388277237,0.9280000000000002,1.071114958466522
2023-07-14,31.6,24.8,26.9,87,30.0,15.0,1007.6,17.6,267,24.5,1,0.42222222222222244,-0.35512585832735283,0.605263157894737,0.3264204083993177,0.36363636363636354,-0.5325344767439973,0.8636363636363636,0.8878647183285344,0.43884892086331173,-0.6217624471132528,0.5136186770428015,0.4921314936725142,0.7416666666666667,1.1045128503338713,0.8640000000000001,0.7111135886891303
2023-07-15,30.1,25.1,27.2,87,12.5,13.0,1006.2,18.0,248,24.8,0,0.31111111111111134,-1.0490575925134513,0.6315789473684211,0.5426036435178149,0.3977272727272727,-0.3122783136472415,0.8636363636363636,0.8878647183285344,0.33812949640288154,-1.337670233180411,0.5291828793774318,0.5865763688201954,0.6888888888888889,0.8750940397999859,0.8880000000000001,0.8461141023556523
2023-07-16,30.9,26.0,27.4,84,8.0,9.0,1004.5,26.9,244,24.4,0,0.37037037037037035,-0.6789606676142,0.7105263157894737,1.191153348873304,0.42045454545454536,-0.16544087158273846,0.7954545454545454,0.5999629175743643,0.21582733812949675,-2.2069868305477116,0.8754863813229571,2.6879748408561097,0.6777777777777778,0.8267953428454837,0.856,0.6661134174669557
2023-07-17,29.9,25.3,26.7,86,13.4,17.0,1004.3,28.1,244,24.2,0,0.2962962962962963,-1.1415818237382658,0.6491228070175439,0.6867258002634788,0.3409090909090909,-0.6793719188085003,0.8409090909090909,0.7918974514104776,0.20143884892086036,-2.3092593714144733,0.9221789883268483,2.971309466299155,0.6777777777777778,0.8267953428454837,0.84,0.5761130750226082
2023-07-18,29.7,24.9,26.6,88,18.8,10.0,1005.4,27.9,235,24.4,1,0.28148148148148155,-1.2341060549630785,0.6140350877192982,0.39848148677214834,0.32954545454545475,-0.7527906398407506,0.8863636363636364,0.9838319852465911,0.28057553956834413,-1.7467603966474,0.9143968871595329,2.924087028725314,0.6527777777777778,0.7181232746978539,0.856,0.6661134174669557
2023-07-19,31.0,25.1,26.8,87,14.3,12.0,1005.2,21.9,243,24.4,1,0.3777777777777779,-0.6326985520017928,0.6315789473684211,0.5426036435178149,0.3522727272727274,-0.6059531977762476,0.8636363636363636,0.8878647183285344,0.26618705035971596,-1.8490329375141035,0.6809338521400777,1.5074139015100902,0.675,0.8147206686068582,0.856,0.6661134174669557
2023-07-20,28.9,24.7,26.2,89,13.4,19.0,1005.6,16.8,261,24.2,0,0.2222222222222222,-1.6042029798623314,0.5964912280701754,0.2543593300264844,0.28409090909090906,-1.0464655239697591,0.9090909090909091,1.0797992521646478,0.2949640287769805,-1.6444878557806382,0.4824902723735408,0.3032417433771509,0.725,1.032064804902118,0.84,0.5761130750226082
2023-07-21,29.9,24.9,26.5,88,16.2,15.0,1007.1,12.9,245,24.2,1,0.2962962962962963,-1.1415818237382658,0.6140350877192982,0.39848148677214834,0.31818181818181823,-0.8262093608730033,0.8863636363636364,0.9838319852465911,0.4028776978417289,-0.8774437992800992,0.33073929961089493,-0.6175957893127444,0.6805555555555556,0.8388700170841094,0.84,0.5761130750226082
2023-07-22,29.1,24.1,26.0,90,12.6,15.0,1008.9,15.5,225,24.2,0,0.23703703703703724,-1.511678748637517,0.5438596491228072,-0.17800714021050748,0.2613636363636364,-1.1933029660342622,0.9318181818181818,1.1757665190827045,0.5323741007194237,0.04300906852052431,0.4319066147859922,-0.003704100852814333,0.625,0.5973765323115984,0.84,0.5761130750226082
2023-07-23,30.4,24.5,26.3,89,14.6,14.0,1008.8,19.4,219,24.3,0,0.3333333333333333,-0.9102712456762329,0.5789473684210527,0.11023717328082044,0.2954545454545456,-0.9730468029375063,0.9090909090909091,1.0797992521646478,0.5251798561151055,-0.008127201912856584,0.583657587548638,0.9171334318370805,0.6083333333333333,0.5249284868798451,0.8480000000000001,0.6211132462447827
2023-07-24,30.8,24.3,26.4,89,18.8,12.0,1007.6,19.4,227,24.4,1,0.3629629629629631,-0.7252227832266056,0.5614035087719299,-0.03388498346484352,0.3068181818181817,-0.8996280819052562,0.9090909090909091,1.0797992521646478,0.43884892086331173,-0.6217624471132528,0.583657587548638,0.9171334318370805,0.6305555555555555,0.6215258807888495,0.856,0.6661134174669557
2023-07-25,31.2,24.6,26.8,88,10.7,13.0,1007.8,22.6,239,24.5,0,0.39259259259259266,-0.54017432077698,0.5877192982456142,0.1822982516536537,0.3522727272727274,-0.6059531977762476,0.8863636363636364,0.9838319852465911,0.4532374100719399,-0.5194899062465492,0.708171206225681,1.6726924330185335,0.6638888888888889,0.766421971652356,0.8640000000000001,0.7111135886891303
2023-07-26,30.9,25.0,27.1,87,14.8,14.0,1007.6,23.1,246,24.7,1,0.37037037037037035,-0.6789606676142,0.6228070175438597,0.4705425651449816,0.3863636363636366,-0.3856970346794917,0.8636363636363636,0.8878647183285344,0.43884892086331173,-0.6217624471132528,0.727626459143969,1.7907485269531356,0.6833333333333333,0.8509446913227349,0.88,0.8011139311334778
2023-07-27,30.3,25.6,26.8,89,24.8,15.0,1006.5,21.3,242,24.7,1,0.32592592592592606,-0.9565333612886384,0.6754385964912282,0.9029090353819761,0.3522727272727274,-0.6059531977762476,0.9090909090909091,1.0797992521646478,0.35971223021582793,-1.1842614218803265,0.6575875486381322,1.3657465887885685,0.6722222222222223,0.8026459943682327,0.88,0.8011139311334778
2023-07-28,31.3,25.3,27.2,87,18.0,15.0,1005.3,23.2,238,24.7,1,0.40000000000000013,-0.49391220516457285,0.6491228070175439,0.6867258002634788,0.3977272727272727,-0.3122783136472415,0.8636363636363636,0.8878647183285344,0.27338129496402597,-1.7978966670807808,0.7315175097276263,1.8143597457400555,0.6611111111111111,0.7543472974137305,0.88,0.8011139311334778
2023-07-29,29.5,24.9,27.0,87,11.2,11.0,1005.8,24.5,233,24.6,0,0.2666666666666668,-1.3266302861878914,0.6140350877192982,0.39848148677214834,0.37500000000000006,-0.4591157557117445,0.8636363636363636,0.8878647183285344,0.30935251798560875,-1.5422153149139344,0.7821011673151751,2.121305589970021,0.6472222222222223,0.6939739262206027,0.8720000000000002,0.7561137599113048
2023-07-30,30.0,24.8,27.0,87,9.7,18.0,1007.1,22.7,228,24.6,0,0.3037037037037038,-1.0953197081258585,0.605263157894737,0.3264204083993177,0.37500000000000006,-0.4591157557117445,0.8636363636363636,0.8878647183285344,0.4028776978417289,-0.8774437992800992,0.7120622568093383,1.6963036518054535,0.6333333333333333,0.633600555027475,0.8720000000000002,0.7561137599113048
2023-07-31,31.1,24.9,27.2,86,8.0,10.0,1008.0,22.8,240,24.6,0,0.3851851851851854,-0.5864364363893856,0.6140350877192982,0.39848148677214834,0.3977272727272727,-0.3122783136472415,0.8409090909090909,0.7918974514104776,0.4676258992805763,-0.41721736537978743,0.715953307392996,1.7199148705923744,0.6666666666666666,0.7784966458909816,0.8720000000000002,0.7561137599113048
2023-08-01,30.9,25.4,27.0,88,17.2,13.0,1007.7,18.7,249,24.8,1,0.37037037037037035,-0.6789606676142,0.6578947368421051,0.7587868786363096,0.37500000000000006,-0.4591157557117445,0.8863636363636364,0.9838319852465911,0.4460431654676299,-0.5706261766798719,0.5564202334630349,0.751854900328638,0.6916666666666667,0.8871687140386115,0.8880000000000001,0.8461141023556523
2023-08-02,31.5,25.3,27.3,86,12.7,8.0,1008.2,24.2,256,24.8,0,0.4148148148148149,-0.40138797393976006,0.6491228070175439,0.6867258002634788,0.4090909090909092,-0.23885959261498868,0.8409090909090909,0.7918974514104776,0.4820143884892127,-0.31494482451302563,0.7704280155642022,2.050471933609259,0.7111111111111111,0.9716914337089904,0.8880000000000001,0.8461141023556523
2023-08-03,31.0,25.4,27.4,85,17.5,11.0,1008.8,23.4,232,24.5,0,0.3777777777777779,-0.6326985520017928,0.6578947368421051,0.7587868786363096,0.42045454545454536,-0.16544087158273846,0.8181818181818182,0.695930184492421,0.5251798561151055,-0.008127201912856584,0.7392996108949416,1.8615821833138961,0.6444444444444445,0.6818992519819772,0.8640000000000001,0.7111135886891303
2023-08-04,31.9,25.0,27.5,85,5.6,6.0,1010.7,21.0,227,24.7,0,0.4444444444444444,-0.21633951149013445,0.6228070175438597,0.4705425651449816,0.4318181818181819,-0.09202215055048565,0.8181818181818182,0.695930184492421,0.6618705035971266,0.9634619363212059,0.6459143968871596,1.294912932427807,0.6305555555555555,0.6215258807888495,0.88,0.8011139311334778
2023-08-05,31.7,24.8,27.6,85,6.4,7.0,1010.9,21.5,235,24.7,0,0.4296296296296297,-0.30886374271494726,0.605263157894737,0.3264204083993177,0.4431818181818184,-0.018603429518232836,0.8181818181818182,0.695930184492421,0.6762589928057549,1.0657344771879096,0.6653696498054474,1.412969026362409,0.6527777777777778,0.7181232746978539,0.88,0.8011139311334778
2023-08-06,32.8,24.3,28.0,82,8.7,6.0,1009.0,20.7,240,24.4,0,0.511111111111111,0.20001952902152395,0.5614035087719299,-0.03388498346484352,0.4886363636363637,0.2750714546107732,0.75,0.4080283837382508,0.5395683453237419,0.0941453389539052,0.6342412451361866,1.2240792760670458,0.6666666666666666,0.7784966458909816,0.856,0.6661134174669557
2023-08-07,32.0,25.2,28.2,82,2.2,5.0,1007.9,21.0,243,24.7,0,0.45185185185185195,-0.17007739587772722,0.6403508771929824,0.6146647218906456,0.5113636363636364,0.4219088966752762,0.75,0.4080283837382508,0.46043165467625813,-0.4683536358131683,0.6459143968871596,1.294912932427807,0.675,0.8147206686068582,0.88,0.8011139311334778
2023-08-08,31.7,25.2,27.8,83,2.3,4.0,1008.7,19.6,241,24.7,0,0.4296296296296297,-0.30886374271494726,0.6403508771929824,0.6146647218906456,0.46590909090909105,0.12823401254627018,0.7727272727272727,0.5039956506563075,0.5179856115107955,-0.05926347234617934,0.5914396887159533,0.964355869410922,0.6694444444444444,0.7905713201296071,0.88,0.8011139311334778
2023-08-09,31.7,25.0,28.2,82,1.6,3.0,1009.6,16.9,246,24.7,0,0.4296296296296297,-0.30886374271494726,0.6228070175438597,0.4705425651449816,0.5113636363636364,0.4219088966752762,0.75,0.4080283837382508,0.5827338129496429,0.4009629615541324,0.4863813229571983,0.3268529621640708,0.6833333333333333,0.8509446913227349,0.88,0.8011139311334778
2023-08-10,32.4,25.3,28.2,82,1.3,7.0,1008.8,19.5,249,24.7,0,0.48148148148148145,0.014971066571898358,0.6491228070175439,0.6867258002634788,0.5113636363636364,0.4219088966752762,0.75,0.4080283837382508,0.5251798561151055,-0.008127201912856584,0.5875486381322956,0.9407446506240013,0.6916666666666667,0.8871687140386115,0.88,0.8011139311334778
2023-08-11,31.4,25.7,28.1,83,2.1,8.0,1008.0,21.6,245,24.8,0,0.4074074074074074,-0.44765008955216723,0.6842105263157894,0.9749701137548068,0.5000000000000002,0.34849017564302603,0.7727272727272727,0.5039956506563075,0.4676258992805763,-0.41721736537978743,0.6692607003891051,1.4365802451493297,0.6805555555555556,0.8388700170841094,0.8880000000000001,0.8461141023556523
2023-08-12,31.3,25.2,27.6,85,11.7,9.0,1007.6,18.0,236,24.9,0,0.40000000000000013,-0.49391220516457285,0.6403508771929824,0.6146647218906456,0.4431818181818184,-0.018603429518232836,0.8181818181818182,0.695930184492421,0.43884892086331173,-0.6217624471132528,0.5291828793774318,0.5865763688201954,0.6555555555555556,0.7301979489364794,0.8959999999999999,0.8911142735778254
2023-08-13,30.6,25.3,27.5,86,5.4,7.0,1007.5,17.0,230,24.9,0,0.3481481481481484,-0.8177470144514184,0.6491228070175439,0.6867258002634788,0.4318181818181819,-0.09202215055048565,0.8409090909090909,0.7918974514104776,0.4316546762589935,-0.6728987175466338,0.49027237354085595,0.3504641809509915,0.6388888888888888,0.6577499035047261,0.8959999999999999,0.8911142735778254
2023-08-14,31.8,25.2,27.5,86,4.8,7.0,1007.7,18.0,226,24.7,0,0.43703703703703717,-0.26260162710254004,0.6403508771929824,0.6146647218906456,0.4318181818181819,-0.09202215055048565,0.8409090909090909,0.7918974514104776,0.4460431654676299,-0.5706261766798719,0.5291828793774318,0.5865763688201954,0.6277777777777778,0.6094512065502239,0.88,0.8011139311334778
2023-08-15,31.5,24.4,27.5,84,8.9,10.0,1008.4,18.3,229,24.4,0,0.4148148148148149,-0.40138797393976006,0.5701754385964911,0.03817609490798718,0.4318181818181819,-0.09202215055048565,0.7954545454545454,0.5999629175743643,0.4964028776978409,-0.212672283646322,0.5408560311284046,0.6574100251809567,0.6361111111111111,0.6456752292661005,0.856,0.6661134174669557
2023-08-16,31.8,24.7,27.4,85,10.4,9.0,1008.8,18.1,239,24.5,0,0.43703703703703717,-0.26260162710254004,0.5964912280701754,0.2543593300264844,0.42045454545454536,-0.16544087158273846,0.8181818181818182,0.695930184492421,0.5251798561151055,-0.008127201912856584,0.5330739299610895,0.6101875876071161,0.6638888888888889,0.766421971652356,0.8640000000000001,0.7111135886891303
2023-08-17,31.0,25.1,27.5,86,6.0,12.0,1007.9,23.3,247,24.8,0,0.3777777777777779,-0.6326985520017928,0.6315789473684211,0.5426036435178149,0.4318181818181819,-0.09202215055048565,0.8409090909090909,0.7918974514104776,0.46043165467625813,-0.4683536358131683,0.7354085603112839,1.8379709645269762,0.6861111111111111,0.8630193655613604,0.8880000000000001,0.8461141023556523
2023-08-18,31.3,24.4,26.9,88,8.3,15.0,1006.9,18.6,266,24.6,0,0.40000000000000013,-0.49391220516457285,0.5701754385964911,0.03817609490798718,0.36363636363636354,-0.5325344767439973,0.8863636363636364,0.9838319852465911,0.3884892086330925,-0.9797163401468609,0.5525291828793775,0.728243681541718,0.7388888888888889,1.0924381760952457,0.8720000000000002,0.7561137599113048
2023-08-19,31.4,25.0,26.5,90,27.8,14.0,1006.6,16.3,253,24.6,1,0.4074074074074074,-0.44765008955216723,0.6228070175438597,0.4705425651449816,0.31818181818181823,-0.8262093608730033,0.9318181818181818,1.1757665190827045,0.3669064748201461,-1.1331251514469454,0.4630350194552529,0.18518564944254895,0.7027777777777777,0.9354674109931137,0.8720000000000002,0.7561137599113048
2023-08-20,30.3,25.1,26.5,88,21.3,15.0,1006.8,18.9,220,24.3,1,0.32592592592592606,-0.9565333612886384,0.6315789473684211,0.5426036435178149,0.31818181818181823,-0.8262093608730033,0.8863636363636364,0.9838319852465911,0.38129496402877433,-1.0308526105802418,0.5642023346303501,0.7990773379024786,0.6111111111111112,0.5370031611184707,0.8480000000000001,0.6211132462447827
2023-08-21,31.7,24.6,27.2,86,8.8,8.0,1007.9,17.8,200,24.4,0,0.4296296296296297,-0.30886374271494726,0.5877192982456142,0.1822982516536537,0.3977272727272727,-0.3122783136472415,0.8409090909090909,0.7918974514104776,0.46043165467625813,-0.4683536358131683,0.5214007782101167,0.5393539312463548,0.5555555555555556,0.2955096763459597,0.856,0.6661134174669557
2023-08-22,31.8,24.4,27.3,86,4.5,7.0,1008.1,21.2,238,24.5,0,0.43703703703703717,-0.26260162710254004,0.5701754385964911,0.03817609490798718,0.4090909090909092,-0.23885959261498868,0.8409090909090909,0.7918974514104776,0.4748201438848945,-0.36608109494640656,0.6536964980544745,1.3421353700016476,0.6611111111111111,0.7543472974137305,0.8640000000000001,0.7111135886891303
2023-08-23,32.4,24.8,28.2,80,0.9,2.0,1007.6,16.6,248,24.1,0,0.48148148148148145,0.014971066571898358,0.605263157894737,0.3264204083993177,0.5113636363636364,0.4219088966752762,0.7045454545454546,0.21609384990213737,0.43884892086331173,-0.6217624471132528,0.47470817120622566,0.2560193058033103,0.6888888888888889,0.8750940397999859,0.8320000000000002,0.5311129038004352
2023-08-24,32.4,24.5,28.1,79,0.8,6.0,1007.7,15.9,239,23.8,0,0.48148148148148145,0.014971066571898358,0.5789473684210527,0.11023717328082044,0.5000000000000002,0.34849017564302603,0.6818181818181818,0.12012658298408065,0.4460431654676299,-0.5706261766798719,0.44747081712062253,0.09074077429486731,0.6638888888888889,0.766421971652356,0.8080000000000002,0.39611239013391314
2023-08-25,32.9,24.8,28.4,81,1.4,6.0,1007.6,11.2,249,24.6,0,0.5185185185185185,0.24628164463393118,0.605263157894737,0.3264204083993177,0.534090909090909,0.5687463387397792,0.7272727272727273,0.3120611168201941,0.43884892086331173,-0.6217624471132528,0.2645914396887159,-1.0189865086903913,0.6916666666666667,0.8871687140386115,0.8720000000000002,0.7561137599113048
2023-08-26,32.0,25.6,27.7,85,32.0,14.0,1007.8,14.2,252,24.9,1,0.45185185185185195,-0.17007739587772722,0.6754385964912282,0.9029090353819761,0.45454545454545453,0.05481529151401737,0.8181818181818182,0.695930184492421,0.4532374100719399,-0.5194899062465492,0.3813229571984435,-0.31064994508277954,0.7,0.9233927367544881,0.8959999999999999,0.8911142735778254
2023-08-27,31.8,24.9,27.0,87,38.3,19.0,1006.9,18.2,269,24.6,1,0.43703703703703717,-0.26260162710254004,0.6140350877192982,0.39848148677214834,0.37500000000000006,-0.4591157557117445,0.8636363636363636,0.8878647183285344,0.3884892086330925,-0.9797163401468609,0.536964980544747,0.633798806394036,0.7472222222222222,1.1286621988111225,0.8720000000000002,0.7561137599113048
2023-08-28,31.9,25.2,27.1,88,21.5,14.0,1005.7,19.6,243,24.8,1,0.4444444444444444,-0.21633951149013445,0.6403508771929824,0.6146647218906456,0.3863636363636366,-0.3856970346794917,0.8863636363636364,0.9838319852465911,0.30215827338129875,-1.5933515853472573,0.5914396887159533,0.964355869410922,0.675,0.8147206686068582,0.8880000000000001,0.8461141023556523
2023-08-29,31.7,24.9,27.1,87,22.3,16.0,1005.9,19.8,244,24.5,1,0.4296296296296297,-0.30886374271494726,0.6140350877192982,0.39848148677214834,0.3863636363636366,-0.3856970346794917,0.8636363636363636,0.8878647183285344,0.3165467625899269,-1.4910790444805535,0.5992217898832685,1.0115783069847626,0.6777777777777778,0.8267953428454837,0.8640000000000001,0.7111135886891303
2023-08-30,31.0,24.3,27.0,88,8.8,18.0,1007.0,20.2,243,24.7,0,0.3777777777777779,-0.6326985520017928,0.5614035087719299,-0.03388498346484352,0.37500000000000006,-0.4591157557117445,0.8863636363636364,0.9838319852465911,0.3956834532374107,-0.9285800697134801,0.6147859922178988,1.1060231821324438,0.675,0.8147206686068582,0.88,0.8011139311334778
2023-08-31,30.2,25.1,26.9,89,19.9,17.0,1007.2,24.1,239,24.8,1,0.3185185185185186,-1.0027954769010456,0.6315789473684211,0.5426036435178149,0.36363636363636354,-0.5325344767439973,0.9090909090909091,1.0797992521646478,0.4100719424460471,-0.8263075288467183,0.7665369649805448,2.0268607148223396,0.6638888888888889,0.766421971652356,0.8880000000000001,0.8461141023556523
2023-09-01,30.4,24.9,26.5,90,20.5,19.0,1007.0,19.2,242,24.6,1,0.3333333333333333,-0.9102712456762329,0.6140350877192982,0.39848148677214834,0.31818181818181823,-0.8262093608730033,0.9318181818181818,1.1757665190827045,0.3956834532374107,-0.9285800697134801,0.5758754863813228,0.8699109942632399,0.6722222222222223,0.8026459943682327,0.8720000000000002,0.7561137599113048
2023-09-02,29.1,25.0,26.7,88,11.4,16.0,1005.6,23.9,242,24.5,0,0.23703703703703724,-1.511678748637517,0.6228070175438597,0.4705425651449816,0.3409090909090909,-0.6793719188085003,0.8863636363636364,0.9838319852465911,0.2949640287769805,-1.6444878557806382,0.7587548638132295,1.979638277248498,0.6722222222222223,0.8026459943682327,0.8640000000000001,0.7111135886891303
2023-09-03,30.6,25.0,27.0,87,13.5,10.0,1004.9,20.5,233,24.6,0,0.3481481481481484,-0.8177470144514184,0.6228070175438597,0.4705425651449816,0.37500000000000006,-0.4591157557117445,0.8636363636363636,0.8878647183285344,0.24460431654676135,-2.0024417488142463,0.6264591439688716,1.1768568384932052,0.6472222222222223,0.6939739262206027,0.8720000000000002,0.7561137599113048
2023-09-04,30.1,24.7,26.8,88,12.7,10.0,1004.7,25.3,228,24.5,0,0.31111111111111134,-1.0490575925134513,0.5964912280701754,0.2543593300264844,0.3522727272727274,-0.6059531977762476,0.8863636363636364,0.9838319852465911,0.23021582733813314,-2.10471428968095,0.8132295719844357,2.310195340265384,0.6333333333333333,0.633600555027475,0.8640000000000001,0.7111135886891303
2023-09-05,30.5,24.6,26.8,89,21.6,17.0,1006.8,20.5,229,24.6,1,0.34074074074074084,-0.8640091300638256,0.5877192982456142,0.1822982516536537,0.3522727272727274,-0.6059531977762476,0.9090909090909091,1.0797992521646478,0.38129496402877433,-1.0308526105802418,0.6264591439688716,1.1768568384932052,0.6361111111111111,0.6456752292661005,0.8720000000000002,0.7561137599113048
2023-09-06,30.2,24.6,27.0,87,5.8,8.0,1008.1,12.0,266,24.6,0,0.3185185185185186,-1.0027954769010456,0.5877192982456142,0.1822982516536537,0.37500000000000006,-0.4591157557117445,0.8636363636363636,0.8878647183285344,0.4748201438848945,-0.36608109494640656,0.2957198443579766,-0.830096758395028,0.7388888888888889,1.0924381760952457,0.8720000000000002,0.7561137599113048
2023-09-07,31.3,24.6,27.2,89,11.9,11.0,1008.2,14.2,239,25.0,0,0.40000000000000013,-0.49391220516457285,0.5877192982456142,0.1822982516536537,0.3977272727272727,-0.3122783136472415,0.9090909090909091,1.0797992521646478,0.4820143884892127,-0.31494482451302563,0.3813229571984435,-0.31064994508277954,0.6638888888888889,0.766421971652356,0.904,0.9361144448
2023-09-08,31.8,24.3,27.0,88,5.7,11.0,1008.2,16.9,216,24.7,0,0.43703703703703717,-0.26260162710254004,0.5614035087719299,-0.03388498346484352,0.37500000000000006,-0.4591157557117445,0.8863636363636364,0.9838319852465911,0.4820143884892127,-0.31494482451302563,0.4863813229571983,0.3268529621640708,0.6,0.48870446416396846,0.88,0.8011139311334778
2023-09-09,31.1,24.4,26.7,88,10.8,14.0,1007.3,14.2,201,24.4,0,0.3851851851851854,-0.5864364363893856,0.5701754385964911,0.03817609490798718,0.3409090909090909,-0.6793719188085003,0.8863636363636364,0.9838319852465911,0.4172661870503571,-0.7751712584133955,0.3813229571984435,-0.31064994508277954,0.5583333333333333,0.3075843505845853,0.856,0.6661134174669557
2023-09-10,30.6,24.6,26.5,89,14.5,18.0,1008.3,19.9,213,24.4,0,0.3481481481481484,-0.8177470144514184,0.5877192982456142,0.1822982516536537,0.31818181818181823,-0.8262093608730033,0.9090909090909091,1.0797992521646478,0.4892086330935227,-0.2638085540797029,0.6031128404669259,1.0351895257716826,0.5916666666666667,0.4524804414480918,0.856,0.6661134174669557
2023-09-11,31.4,24.2,27.4,84,4.8,9.0,1008.6,18.4,247,24.1,0,0.4074074074074074,-0.44765008955216723,0.5526315789473684,-0.10594606183767678,0.42045454545454536,-0.16544087158273846,0.7954545454545454,0.5999629175743643,0.5107913669064773,-0.11039974277956023,0.5447470817120621,0.6810212439678767,0.6861111111111111,0.8630193655613604,0.8320000000000002,0.5311129038004352
2023-09-12,30.7,23.9,26.7,86,5.8,8.0,1009.2,19.0,240,24.0,0,0.3555555555555556,-0.7714848988390128,0.5263157894736841,-0.322129296956174,0.3409090909090909,-0.6793719188085003,0.8409090909090909,0.7918974514104776,0.5539568345323783,0.19641787982066697,0.5680933852140077,0.8226885566893993,0.6666666666666666,0.7784966458909816,0.8240000000000001,0.48611273257826065
2023-09-13,31.4,24.8,26.9,86,9.7,10.0,1009.3,21.0,258,24.3,0,0.4074074074074074,-0.44765008955216723,0.605263157894737,0.3264204083993177,0.36363636363636354,-0.5325344767439973,0.8409090909090909,0.7918974514104776,0.5611510791366883,0.24755415025398972,0.6459143968871596,1.294912932427807,0.7166666666666667,0.9958407821862414,0.8480000000000001,0.6211132462447827
2023-09-14,31.0,24.8,26.5,89,15.1,20.0,1008.7,13.8,254,24.4,0,0.3777777777777779,-0.6326985520017928,0.605263157894737,0.3264204083993177,0.31818181818181823,-0.8262093608730033,0.9090909090909091,1.0797992521646478,0.5179856115107955,-0.05926347234617934,0.3657587548638132,-0.4050948202304608,0.7055555555555556,0.9475420852317392,0.856,0.6661134174669557
2023-09-15,29.6,24.8,26.4,87,18.3,17.0,1008.4,21.7,236,23.9,0,0.2740740740740743,-1.2803681705754841,0.605263157894737,0.3264204083993177,0.3068181818181817,-0.8996280819052562,0.8636363636363636,0.8878647183285344,0.4964028776978409,-0.212672283646322,0.6731517509727625,1.4601914639362497,0.6555555555555556,0.7301979489364794,0.816,0.44111256135608606
2023-09-16,30.3,24.1,26.4,88,8.0,9.0,1008.6,16.8,200,24.2,0,0.32592592592592606,-0.9565333612886384,0.5438596491228072,-0.17800714021050748,0.3068181818181817,-0.8996280819052562,0.8863636363636364,0.9838319852465911,0.5107913669064773,-0.11039974277956023,0.4824902723735408,0.3032417433771509,0.5555555555555556,0.2955096763459597,0.84,0.5761130750226082
2023-09-17,31.5,24.1,26.7,88,23.2,10.0,1008.4,13.6,212,24.3,1,0.4148148148148149,-0.40138797393976006,0.5438596491228072,-0.17800714021050748,0.3409090909090909,-0.6793719188085003,0.8863636363636364,0.9838319852465911,0.4964028776978409,-0.212672283646322,0.357976653696498,-0.4523172578043018,0.5888888888888889,0.4404057672094663,0.8480000000000001,0.6211132462447827
2023-09-18,31.6,23.9,27.1,86,8.5,5.0,1009.0,9.1,256,24.3,0,0.42222222222222244,-0.35512585832735283,0.5263157894736841,-0.322129296956174,0.3863636363636366,-0.3856970346794917,0.8409090909090909,0.7918974514104776,0.5395683453237419,0.0941453389539052,0.18287937743190658,-1.5148221032157194,0.7111111111111111,0.9716914337089904,0.8480000000000001,0.6211132462447827
2023-09-19,32.0,24.6,27.2,87,14.4,12.0,1009.4,12.0,13,24.7,0,0.45185185185185195,-0.17007739587772722,0.5877192982456142,0.1822982516536537,0.3977272727272727,-0.3122783136472415,0.8636363636363636,0.8878647183285344,0.5683453237410064,0.2986904206873706,0.2957198443579766,-0.830096758395028,0.03611111111111111,-1.9624544062770175,0.88,0.8011139311334778
2023-09-20,31.7,24.5,27.3,86,18.0,9.0,1008.5,10.9,114,24.5,0,0.4296296296296297,-0.30886374271494726,0.5789473684210527,0.11023717328082044,0.4090909090909092,-0.23885959261498868,0.8409090909090909,0.7918974514104776,0.5035971223021591,-0.16153601321294112,0.2529182879377432,-1.089820165051152,0.31666666666666665,-0.7429123081758373,0.8640000000000001,0.7111135886891303
2023-09-21,30.2,23.9,26.4,89,34.3,17.0,1009.0,16.3,121,24.3,1,0.3185185185185186,-1.0027954769010456,0.5263157894736841,-0.322129296956174,0.3068181818181817,-0.8996280819052562,0.9090909090909091,1.0797992521646478,0.5395683453237419,0.0941453389539052,0.4630350194552529,0.18518564944254895,0.33611111111111114,-0.6583895885054585,0.8480000000000001,0.6211132462447827
2023-09-22,31.0,23.9,26.9,87,24.0,15.0,1008.5,11.2,118,24.4,1,0.3777777777777779,-0.6326985520017928,0.5263157894736841,-0.322129296956174,0.36363636363636354,-0.5325344767439973,0.8636363636363636,0.8878647183285344,0.5035971223021591,-0.16153601321294112,0.2645914396887159,-1.0189865086903913,0.3277777777777778,-0.6946136112213351,0.856,0.6661134174669557
2023-09-23,30.3,23.9,26.2,89,4.4,9.0,1008.5,19.3,199,24.1,0,0.32592592592592606,-0.9565333612886384,0.5263157894736841,-0.322129296956174,0.28409090909090906,-1.0464655239697591,0.9090909090909091,1.0797992521646478,0.5035971223021591,-0.16153601321294112,0.5797665369649805,0.8935222130501607,0.5527777777777778,0.2834350021073342,0.8320000000000002,0.5311129038004352
2023-09-24,30.5,24.5,26.5,89,24.4,18.0,1007.1,13.7,257,24.4,1,0.34074074074074084,-0.8640091300638256,0.5789473684210527,0.11023717328082044,0.31818181818181823,-0.8262093608730033,0.9090909090909091,1.0797992521646478,0.4028776978417289,-0.8774437992800992,0.3618677042801556,-0.4287060390173815,0.7138888888888889,0.9837661079476159,0.856,0.6661134174669557
2023-09-25,30.3,24.3,26.4,88,8.5,16.0,1005.8,19.5,245,24.2,0,0.32592592592592606,-0.9565333612886384,0.5614035087719299,-0.03388498346484352,0.3068181818181817,-0.8996280819052562,0.8863636363636364,0.9838319852465911,0.30935251798560875,-1.5422153149139344,0.5875486381322956,0.9407446506240013,0.6805555555555556,0.8388700170841094,0.84,0.5761130750226082
2023-09-26,28.6,24.7,26.0,90,21.2,13.0,1006.5,22.4,224,24.1,1,0.2000000000000002,-1.7429893266995498,0.5964912280701754,0.2543593300264844,0.2613636363636364,-1.1933029660342622,0.9318181818181818,1.1757665190827045,0.35971223021582793,-1.1842614218803265,0.7003891050583657,1.6254699954446923,0.6222222222222222,0.5853018580729729,0.8320000000000002,0.5311129038004352
2023-09-27,30.1,24.2,26.2,89,23.2,17.0,1007.7,16.6,225,24.2,1,0.31111111111111134,-1.0490575925134513,0.5526315789473684,-0.10594606183767678,0.28409090909090906,-1.0464655239697591,0.9090909090909091,1.0797992521646478,0.4460431654676299,-0.5706261766798719,0.47470817120622566,0.2560193058033103,0.625,0.5973765323115984,0.84,0.5761130750226082
2023-09-28,30.9,23.7,26.5,90,10.0,13.0,1009.4,13.3,255,24.6,0,0.37037037037037035,-0.6789606676142,0.5087719298245613,-0.46625145370183796,0.31818181818181823,-0.8262093608730033,0.9318181818181818,1.1757665190827045,0.5683453237410064,0.2986904206873706,0.3463035019455253,-0.5231509141650628,0.7083333333333334,0.9596167594703647,0.8720000000000002,0.7561137599113048
2023-09-29,31.8,24.2,27.4,86,28.8,10.0,1010.0,15.2,291,24.6,1,0.43703703703703717,-0.26260162710254004,0.5526315789473684,-0.10594606183767678,0.42045454545454536,-0.16544087158273846,0.8409090909090909,0.7918974514104776,0.6115107913669074,0.6055080432875978,0.42023346303501935,-0.07453775721357567,0.8083333333333333,1.3943050320608845,0.8720000000000002,0.7561137599113048
2023-09-30,30.6,24.0,26.5,85,14.0,11.0,1010.1,23.2,315,23.6,0,0.3481481481481484,-0.8177470144514184,0.5350877192982456,-0.2500682185833407,0.31818181818181823,-0.8262093608730033,0.8181818181818182,0.695930184492421,0.6187050359712256,0.6566443137209788,0.7315175097276263,1.8143597457400555,0.875,1.6840972137878976,0.7920000000000001,0.30611204768956557
2023-10-01,31.6,23.7,26.6,88,32.6,19.0,1008.4,16.6,319,24.4,1,0.42222222222222244,-0.35512585832735283,0.5087719298245613,-0.46625145370183796,0.32954545454545475,-0.7527906398407506,0.8863636363636364,0.9838319852465911,0.4964028776978409,-0.212672283646322,0.47470817120622566,0.2560193058033103,0.8861111111111111,1.7323959107423996,0.856,0.6661134174669557
2023-10-02,28.7,23.9,25.8,91,34.1,24.0,1009.0,15.6,292,24.1,1,0.20740740740740746,-1.696727211087144,0.5263157894736841,-0.322129296956174,0.23863636363636379,-1.3401404080987653,0.9545454545454546,1.2717337860007614,0.5395683453237419,0.0941453389539052,0.43579766536964976,0.01990711793410597,0.8111111111111111,1.40637970629951,0.8320000000000002,0.5311129038004352
2023-10-03,30.9,23.6,26.4,87,10.9,18.0,1009.3,16.5,235,23.9,0,0.37037037037037035,-0.6789606676142,0.5000000000000001,-0.5383125320746687,0.3068181818181817,-0.8996280819052562,0.8636363636363636,0.8878647183285344,0.5611510791366883,0.24755415025398972,0.47081712062256803,0.23240808701638957,0.6527777777777778,0.7181232746978539,0.816,0.44111256135608606
2023-10-04,31.2,24.2,27.2,86,2.3,10.0,1009.4,17.1,210,24.6,0,0.39259259259259266,-0.54017432077698,0.5526315789473684,-0.10594606183767678,0.3977272727272727,-0.3122783136472415,0.8409090909090909,0.7918974514104776,0.5683453237410064,0.2986904206873706,0.4941634241245136,0.3740753997379122,0.5833333333333334,0.4162564187322152,0.8720000000000002,0.7561137599113048
2023-10-05,31.5,24.4,26.9,88,8.0,11.0,1008.7,14.1,205,24.6,0,0.4148148148148149,-0.40138797393976006,0.5701754385964911,0.03817609490798718,0.36363636363636354,-0.5325344767439973,0.8863636363636364,0.9838319852465911,0.5179856115107955,-0.05926347234617934,0.37743190661478593,-0.3342611638696999,0.5694444444444444,0.35588304753908745,0.8720000000000002,0.7561137599113048
2023-10-06,31.9,24.8,27.4,87,9.8,10.0,1009.0,12.2,217,24.8,0,0.4444444444444444,-0.21633951149013445,0.605263157894737,0.3264204083993177,0.42045454545454536,-0.16544087158273846,0.8636363636363636,0.8878647183285344,0.5395683453237419,0.0941453389539052,0.30350194552529175,-0.7828743208211874,0.6027777777777777,0.500779138402594,0.8880000000000001,0.8461141023556523
2023-10-07,31.7,25.0,27.1,88,14.1,14.0,1009.7,15.6,269,24.8,0,0.4296296296296297,-0.30886374271494726,0.6228070175438597,0.4705425651449816,0.3863636363636366,-0.3856970346794917,0.8863636363636364,0.9838319852465911,0.589928057553961,0.4520992319875133,0.43579766536964976,0.01990711793410597,0.7472222222222222,1.1286621988111225,0.8880000000000001,0.8461141023556523
2023-10-08,32.5,25.0,27.4,85,16.1,4.0,1010.5,15.0,315,24.6,0,0.488888888888889,0.061233182184305575,0.6228070175438597,0.4705425651449816,0.42045454545454536,-0.16544087158273846,0.8181818181818182,0.695930184492421,0.6474820143884903,0.8611893954544442,0.4124513618677042,-0.12176019478741629,0.875,1.6840972137878976,0.8720000000000002,0.7561137599113048
2023-10-09,31.8,24.3,27.6,82,0.7,3.0,1010.4,16.5,328,24.0,0,0.43703703703703717,-0.26260162710254004,0.5614035087719299,-0.03388498346484352,0.4431818181818184,-0.018603429518232836,0.75,0.4080283837382508,0.6402877697841721,0.8100531250210632,0.47081712062256803,0.23240808701638957,0.9111111111111111,1.8410679788900297,0.8240000000000001,0.48611273257826065
2023-10-10,31.1,24.7,27.7,86,4.3,8.0,1009.9,10.3,141,24.9,0,0.3851851851851854,-0.5864364363893856,0.5964912280701754,0.2543593300264844,0.45454545454545453,0.05481529151401737,0.8409090909090909,0.7918974514104776,0.6043165467625893,0.5543717728542169,0.22957198443579765,-1.2314874777726743,0.39166666666666666,-0.4168961037329475,0.8959999999999999,0.8911142735778254
2023-10-11,31.2,24.8,27.2,89,11.3,11.0,1010.3,16.6,66,25.2,0,0.39259259259259266,-0.54017432077698,0.605263157894737,0.3264204083993177,0.3977272727272727,-0.3122783136472415,0.9090909090909091,1.0797992521646478,0.6330935251798538,0.7589168545876823,0.47470817120622566,0.2560193058033103,0.18333333333333332,-1.3224966716298634,0.92,1.0261147872443475
2023-10-12,31.8,23.7,26.9,88,18.6,11.0,1011.0,10.8,117,24.7,0,0.43703703703703717,-0.26260162710254004,0.5087719298245613,-0.46625145370183796,0.36363636363636354,-0.5325344767439973,0.8863636363636364,0.9838319852465911,0.683453237410073,1.1168707476212905,0.24902723735408558,-1.1134313838380725,0.325,-0.7066882854599607,0.88,0.8011139311334778
2023-10-13,31.0,23.6,26.5,88,7.5,7.0,1010.5,17.2,197,24.1,0,0.3777777777777779,-0.6326985520017928,0.5000000000000001,-0.5383125320746687,0.31818181818181823,-0.8262093608730033,0.8863636363636364,0.9838319852465911,0.6474820143884903,0.8611893954544442,0.4980544747081711,0.3976866185248321,0.5472222222222223,0.2592856536300831,0.8320000000000002,0.5311129038004352
2023-10-14,30.7,24.3,26.8,88,7.5,14.0,1008.9,12.2,277,24.6,0,0.3555555555555556,-0.7714848988390128,0.5614035087719299,-0.03388498346484352,0.3522727272727274,-0.6059531977762476,0.8863636363636364,0.9838319852465911,0.5323741007194237,0.04300906852052431,0.30350194552529175,-0.7828743208211874,0.7694444444444445,1.2252595927201269,0.8720000000000002,0.7561137599113048
2023-10-15,29.9,23.8,26.3,89,18.1,18.0,1007.9,8.3,271,24.2,1,0.2962962962962963,-1.1415818237382658,0.5175438596491229,-0.3941903753290047,0.2954545454545456,-0.9730468029375063,0.9090909090909091,1.0797992521646478,0.46043165467625813,-0.4683536358131683,0.1517509727626459,-1.7037118535110822,0.7527777777777778,1.1528115472883735,0.84,0.5761130750226082
2023-10-16,30.1,24.1,25.9,89,31.3,24.0,1008.6,18.1,184,23.9,1,0.31111111111111134,-1.0490575925134513,0.5438596491228072,-0.17800714021050748,0.2499999999999999,-1.266721687066515,0.9090909090909091,1.0797992521646478,0.5107913669064773,-0.11039974277956023,0.5330739299610895,0.6101875876071161,0.5111111111111111,0.10231488852795098,0.816,0.44111256135608606
2023-10-17,30.9,23.7,26.3,89,17.8,15.0,1009.4,11.3,238,24.2,0,0.37037037037037035,-0.6789606676142,0.5087719298245613,-0.46625145370183796,0.2954545454545456,-0.9730468029375063,0.9090909090909091,1.0797992521646478,0.5683453237410064,0.2986904206873706,0.26848249027237353,-0.9953752899034706,0.6611111111111111,0.7543472974137305,0.84,0.5761130750226082
2023-10-18,31.0,24.0,26.6,89,14.8,12.0,1010.3,12.7,260,24.5,0,0.3777777777777779,-0.6326985520017928,0.5350877192982456,-0.2500682185833407,0.32954545454545475,-0.7527906398407506,0.9090909090909091,1.0797992521646478,0.6330935251798538,0.7589168545876823,0.3229571984435797,-0.6648182268865854,0.7222222222222222,1.0199901306634924,0.8640000000000001,0.7111135886891303
2023-10-19,31.8,24.3,27.2,88,14.3,16.0,1010.2,11.0,293,24.9,0,0.43703703703703717,-0.26260162710254004,0.5614035087719299,-0.03388498346484352,0.3977272727272727,-0.3122783136472415,0.8863636363636364,0.9838319852465911,0.6258992805755439,0.7077805841543596,0.25680933852140075,-1.066208946264232,0.8138888888888889,1.4184543805381356,0.8959999999999999,0.8911142735778254
2023-10-20,32.0,24.7,27.7,85,9.1,5.0,1010.2,12.0,95,24.7,0,0.45185185185185195,-0.17007739587772722,0.5964912280701754,0.2543593300264844,0.45454545454545453,0.05481529151401737,0.8181818181818182,0.695930184492421,0.6258992805755439,0.7077805841543596,0.2957198443579766,-0.830096758395028,0.2638888888888889,-0.9723311187097227,0.88,0.8011139311334778
2023-10-21,30.9,24.5,26.6,88,9.7,8.0,1011.5,16.1,92,24.3,0,0.37037037037037035,-0.6789606676142,0.5789473684210527,0.11023717328082044,0.32954545454545475,-0.7527906398407506,0.8863636363636364,0.9838319852465911,0.7194244604316559,1.3725520997881366,0.45525291828793774,0.13796321186870833,0.25555555555555554,-1.0085551414255993,0.8480000000000001,0.6211132462447827
2023-10-22,31.9,24.0,26.8,85,19.0,9.0,1011.6,18.0,302,23.9,0,0.4444444444444444,-0.21633951149013445,0.5350877192982456,-0.2500682185833407,0.3522727272727274,-0.6059531977762476,0.8181818181818182,0.695930184492421,0.726618705035974,1.4236883702215177,0.5291828793774318,0.5865763688201954,0.8388888888888889,1.5271264486857654,0.816,0.44111256135608606
2023-10-23,30.0,23.9,25.9,89,16.4,8.0,1011.4,13.8,359,23.8,0,0.3037037037037038,-1.0953197081258585,0.5263157894736841,-0.322129296956174,0.2499999999999999,-1.266721687066515,0.9090909090909091,1.0797992521646478,0.7122302158273377,1.3214158293547558,0.3657587548638132,-0.4050948202304608,0.9972222222222222,2.2153828802874216,0.8080000000000002,0.39611239013391314
2023-10-24,31.7,22.9,27.1,84,4.5,5.0,1010.3,12.3,28,23.8,0,0.4296296296296297,-0.30886374271494726,0.4385964912280701,-1.0427400806844964,0.3863636363636366,-0.3856970346794917,0.7954545454545454,0.5999629175743643,0.6330935251798538,0.7589168545876823,0.3073929961089494,-0.7592631020342666,0.07777777777777778,-1.7813342926976343,0.8080000000000002,0.39611239013391314
2023-10-25,30.5,24.2,26.5,88,18.2,10.0,1010.8,14.6,129,24.4,0,0.34074074074074084,-0.8640091300638256,0.5526315789473684,-0.10594606183767678,0.31818181818181823,-0.8262093608730033,0.8863636363636364,0.9838319852465911,0.6690647482014367,1.0145982067545287,0.39688715953307385,-0.21620506993509792,0.35833333333333334,-0.561792194596454,0.856,0.6661134174669557
2023-10-26,31.2,24.3,27.0,87,7.8,7.0,1010.8,10.6,119,24.4,0,0.39259259259259266,-0.54017432077698,0.5614035087719299,-0.03388498346484352,0.37500000000000006,-0.4591157557117445,0.8636363636363636,0.8878647183285344,0.6690647482014367,1.0145982067545287,0.24124513618677038,-1.1606538214119135,0.33055555555555555,-0.6825389369827095,0.856,0.6661134174669557
2023-10-27,31.2,24.6,27.5,86,9.2,11.0,1010.4,9.7,98,24.6,0,0.39259259259259266,-0.54017432077698,0.5877192982456142,0.1822982516536537,0.4318181818181819,-0.09202215055048565,0.8409090909090909,0.7918974514104776,0.6402877697841721,0.8100531250210632,0.20622568093385207,-1.3731547904941972,0.2722222222222222,-0.936107095993846,0.8720000000000002,0.7561137599113048
2023-10-28,31.3,24.0,27.1,87,1.1,5.0,1010.0,14.8,120,24.6,0,0.40000000000000013,-0.49391220516457285,0.5350877192982456,-0.2500682185833407,0.3863636363636366,-0.3856970346794917,0.8636363636363636,0.8878647183285344,0.6115107913669074,0.6055080432875978,0.40466926070038906,-0.16898263236125688,0.3333333333333333,-0.670464262744084,0.8720000000000002,0.7561137599113048
2023-10-29,30.7,24.6,26.5,90,17.7,11.0,1009.6,14.0,39,24.7,0,0.3555555555555556,-0.7714848988390128,0.5877192982456142,0.1822982516536537,0.31818181818181823,-0.8262093608730033,0.9318181818181818,1.1757665190827045,0.5827338129496429,0.4009629615541324,0.37354085603112835,-0.3578723826566202,0.10833333333333334,-1.6485128760727532,0.88,0.8011139311334778
2023-10-30,31.2,24.0,26.8,88,6.3,4.0,1009.3,14.0,31,24.5,0,0.39259259259259266,-0.54017432077698,0.5350877192982456,-0.2500682185833407,0.3522727272727274,-0.6059531977762476,0.8863636363636364,0.9838319852465911,0.5611510791366883,0.24755415025398972,0.37354085603112835,-0.3578723826566202,0.08611111111111111,-1.7451102699817576,0.8640000000000001,0.7111135886891303
2023-10-31,32.0,24.2,26.7,89,10.1,3.0,1010.0,20.5,2,24.5,0,0.45185185185185195,-0.17007739587772722,0.5526315789473684,-0.10594606183767678,0.3409090909090909,-0.6793719188085003,0.9090909090909091,1.0797992521646478,0.6115107913669074,0.6055080432875978,0.6264591439688716,1.1768568384932052,0.005555555555555556,-2.0952758229018986,0.8640000000000001,0.7111135886891303
2023-11-01,31.8,24.1,26.8,88,3.7,4.0,1010.1,12.6,3,24.4,0,0.43703703703703717,-0.26260162710254004,0.5438596491228072,-0.17800714021050748,0.3522727272727274,-0.6059531977762476,0.8863636363636364,0.9838319852465911,0.6187050359712256,0.6566443137209788,0.3190661478599221,-0.6884294456735057,0.008333333333333333,-2.083201148663273,0.856,0.6661134174669557
2023-11-02,31.8,23.8,26.9,86,5.9,6.0,1009.8,12.8,355,24.2,0,0.43703703703703717,-0.26260162710254004,0.5175438596491229,-0.3941903753290047,0.36363636363636354,-0.5325344767439973,0.8409090909090909,0.7918974514104776,0.5971223021582711,0.503235502420836,0.32684824902723736,-0.6412070080996647,0.9861111111111112,2.1670841833329195,0.84,0.5761130750226082
2023-11-03,30.9,24.2,26.8,87,11.3,9.0,1008.7,13.4,360,24.3,0,0.37037037037037035,-0.6789606676142,0.5526315789473684,-0.10594606183767678,0.3522727272727274,-0.6059531977762476,0.8636363636363636,0.8878647183285344,0.5179856115107955,-0.05926347234617934,0.35019455252918286,-0.4995396953781424,1.0,2.227457554526047,0.8480000000000001,0.6211132462447827
2023-11-04,31.7,24.1,27.6,85,0.2,2.0,1008.7,10.2,111,24.6,0,0.4296296296296297,-0.30886374271494726,0.5438596491228072,-0.17800714021050748,0.4431818181818184,-0.018603429518232836,0.8181818181818182,0.695930184492421,0.5179856115107955,-0.05926347234617934,0.22568093385214,-1.2550986965595952,0.30833333333333335,-0.7791363308917139,0.8720000000000002,0.7561137599113048
2023-11-05,31.9,25.3,27.5,86,5.2,5.0,1009.9,14.7,91,24.8,0,0.4444444444444444,-0.21633951149013445,0.6491228070175439,0.6867258002634788,0.4318181818181819,-0.09202215055048565,0.8409090909090909,0.7918974514104776,0.6043165467625893,0.5543717728542169,0.4007782101167314,-0.19259385114817762,0.25277777777777777,-1.0206298156642248,0.8880000000000001,0.8461141023556523
2023-11-06,32.1,24.2,27.7,84,0.2,1.0,1010.0,15.5,87,24.5,0,0.4592592592592595,-0.12381528026532002,0.5526315789473684,-0.10594606183767678,0.45454545454545453,0.05481529151401737,0.7954545454545454,0.5999629175743643,0.6115107913669074,0.6055080432875978,0.4319066147859922,-0.003704100852814333,0.24166666666666667,-1.0689285126187271,0.8640000000000001,0.7111135886891303
2023-11-07,30.4,25.0,27.0,86,10.2,8.0,1010.1,14.7,56,24.4,0,0.3333333333333333,-0.9102712456762329,0.6228070175438597,0.4705425651449816,0.37500000000000006,-0.4591157557117445,0.8409090909090909,0.7918974514104776,0.6187050359712256,0.6566443137209788,0.4007782101167314,-0.19259385114817762,0.15555555555555556,-1.443243414016119,0.856,0.6661134174669557
2023-11-08,31.6,24.1,27.4,85,1.2,4.0,1009.6,15.2,124,24.4,0,0.42222222222222244,-0.35512585832735283,0.5438596491228072,-0.17800714021050748,0.42045454545454536,-0.16544087158273846,0.8181818181818182,0.695930184492421,0.5827338129496429,0.4009629615541324,0.42023346303501935,-0.07453775721357567,0.34444444444444444,-0.6221655657895818,0.856,0.6661134174669557
2023-11-09,31.9,24.7,27.5,85,14.8,11.0,1010.1,12.6,91,24.5,0,0.4444444444444444,-0.21633951149013445,0.5964912280701754,0.2543593300264844,0.4318181818181819,-0.09202215055048565,0.8181818181818182,0.695930184492421,0.6187050359712256,0.6566443137209788,0.3190661478599221,-0.6884294456735057,0.25277777777777777,-1.0206298156642248,0.8640000000000001,0.7111135886891303
2023-11-10,29.5,23.9,26.4,89,2.2,5.0,1011.2,11.4,123,24.3,0,0.2666666666666668,-1.3266302861878914,0.5263157894736841,-0.322129296956174,0.3068181818181817,-0.8996280819052562,0.9090909090909091,1.0797992521646478,0.6978417266187095,1.2191432884880522,0.2723735408560311,-0.9717640711165502,0.3416666666666667,-0.6342402400282073,0.8480000000000001,0.6211132462447827
2023-11-11,32.0,24.0,27.5,84,1.3,7.0,1011.1,15.8,78,24.2,0,0.45185185185185195,-0.17007739587772722,0.5350877192982456,-0.2500682185833407,0.4318181818181819,-0.09202215055048565,0.7954545454545454,0.5999629175743643,0.6906474820143913,1.1680070180546713,0.44357976653696496,0.067129555507947,0.21666666666666667,-1.177600580766357,0.84,0.5761130750226082
2023-11-12,31.5,23.8,27.2,86,5.1,6.0,1011.3,8.9,46,24.5,0,0.4148148148148149,-0.40138797393976006,0.5175438596491229,-0.3941903753290047,0.3977272727272727,-0.3122783136472415,0.8409090909090909,0.7918974514104776,0.7050359712230194,1.270279558921375,0.17509727626459143,-1.56204454078956,0.12777777777777777,-1.5639901564023744,0.8640000000000001,0.7111135886891303
2023-11-13,32.6,23.7,27.7,84,1.1,4.0,1010.6,13.5,28,24.5,0,0.4962962962962965,0.1074952977967128,0.5087719298245613,-0.46625145370183796,0.45454545454545453,0.05481529151401737,0.7954545454545454,0.5999629175743643,0.6546762589928085,0.912325665887825,0.35408560311284043,-0.4759284765912221,0.07777777777777778,-1.7813342926976343,0.8640000000000001,0.7111135886891303
2023-11-14,32.0,24.3,27.0,87,2.3,5.0,1011.2,12.8,11,24.5,0,0.45185185185185195,-0.17007739587772722,0.5614035087719299,-0.03388498346484352,0.37500000000000006,-0.4591157557117445,0.8636363636363636,0.8878647183285344,0.6978417266187095,1.2191432884880522,0.32684824902723736,-0.6412070080996647,0.030555555555555555,-1.9866037547542685,0.8640000000000001,0.7111135886891303
2023-11-15,30.4,24.3,26.6,88,25.2,8.0,1011.6,12.3,42,24.4,1,0.3333333333333333,-0.9102712456762329,0.5614035087719299,-0.03388498346484352,0.32954545454545475,-0.7527906398407506,0.8863636363636364,0.9838319852465911,0.726618705035974,1.4236883702215177,0.3073929961089494,-0.7592631020342666,0.11666666666666667,-1.6122888533568767,0.856,0.6661134174669557
2023-11-16,30.2,24.1,26.9,87,0.4,2.0,1012.3,14.0,53,24.4,0,0.3185185185185186,-1.0027954769010456,0.5438596491228072,-0.17800714021050748,0.36363636363636354,-0.5325344767439973,0.8636363636363636,0.8878647183285344,0.776978417266185,1.7816422632550677,0.37354085603112835,-0.3578723826566202,0.14722222222222223,-1.4794674367319955,0.856,0.6661134174669557
2023-11-17,31.4,23.7,26.7,85,6.1,4.0,1012.4,14.9,357,23.7,0,0.4074074074074074,-0.44765008955216723,0.5087719298245613,-0.46625145370183796,0.3409090909090909,-0.6793719188085003,0.8181818181818182,0.695930184492421,0.7841726618705033,1.8327785336884486,0.40856031128404663,-0.14537141357433658,0.9916666666666667,2.1912335318101706,0.8,0.35111221891173855
2023-11-18,30.8,22.5,26.1,72,0.0,0.0,1011.7,15.7,0,20.6,0,0.3629629629629631,-0.7252227832266056,0.4035087719298246,-1.3309843941758244,0.27272727272727293,-1.1198842450020094,0.5227272727272727,-0.5516442854423164,0.7338129496402922,1.4748246406548986,0.43968871595330733,0.04351833672102628,0.0,-2.1194251713791497,0.5520000000000002,-1.0438930889756521
2023-11-19,30.1,21.1,25.6,76,0.0,0.0,1011.5,12.0,358,20.9,0,0.31111111111111134,-1.0490575925134513,0.2807017543859651,-2.3398394913954745,0.21590909090909113,-1.4869778501632682,0.6136363636363636,-0.1677752177700895,0.7194244604316559,1.3725520997881366,0.2957198443579766,-0.830096758395028,0.9944444444444445,2.203308206048796,0.576,-0.9088925753091317
2023-11-20,30.6,22.4,26.4,77,0.0,0.0,1010.7,10.5,339,21.9,0,0.3481481481481484,-0.8177470144514184,0.3947368421052631,-1.4030454725486576,0.3068181818181817,-0.8996280819052562,0.6363636363636364,-0.07180795085203279,0.6618705035971266,0.9634619363212059,0.2373540856031128,-1.1842650401988337,0.9416666666666667,1.9738893955149106,0.6559999999999999,-0.4588908630873924
2023-11-21,30.9,22.9,26.8,79,0.3,3.0,1009.7,11.4,308,22.6,0,0.37037037037037035,-0.6789606676142,0.4385964912280701,-1.0427400806844964,0.3522727272727274,-0.6059531977762476,0.6818181818181818,0.12012658298408065,0.589928057553961,0.4520992319875133,0.2723735408560311,-0.9717640711165502,0.8555555555555555,1.5995744941175187,0.7120000000000002,-0.14388966453217367
2023-11-22,31.1,22.7,26.8,82,0.0,0.0,1008.7,11.6,208,23.2,0,0.3851851851851854,-0.5864364363893856,0.42105263157894735,-1.1868622374301603,0.3522727272727274,-0.6059531977762476,0.75,0.4080283837382508,0.5179856115107955,-0.05926347234617934,0.28015564202334625,-0.9245416335427096,0.5777777777777777,0.3921070702549641,0.76,0.12611136280086893
2023-11-23,29.7,24.5,26.7,86,0.3,2.0,1008.8,9.0,266,24.0,0,0.28148148148148155,-1.2341060549630785,0.5789473684210527,0.11023717328082044,0.3409090909090909,-0.6793719188085003,0.8409090909090909,0.7918974514104776,0.5251798561151055,-0.008127201912856584,0.178988326848249,-1.5384333220026396,0.7388888888888889,1.0924381760952457,0.8240000000000001,0.48611273257826065
2023-11-24,28.1,23.9,25.6,87,0.5,3.0,1009.5,10.4,353,23.1,0,0.16296296296296317,-1.9742999047615826,0.5263157894736841,-0.322129296956174,0.21590909090909113,-1.4869778501632682,0.8636363636363636,0.8878647183285344,0.5755395683453247,0.3498266911207515,0.23346303501945523,-1.2078762589857541,0.9805555555555555,2.1429348348556685,0.7520000000000002,0.08111119157869595
2023-11-25,31.0,22.3,26.1,79,10.4,6.0,1009.4,10.1,348,22.0,0,0.3777777777777779,-0.6326985520017928,0.38596491228070184,-1.4751065509214882,0.27272727272727293,-1.1198842450020094,0.6818181818181818,0.12012658298408065,0.5683453237410064,0.2986904206873706,0.22178988326848245,-1.2787099153465153,0.9666666666666667,2.0825614636625405,0.664,-0.4138906918652179
2023-11-26,31.0,23.6,26.6,86,0.5,4.0,1010.2,10.6,53,23.9,0,0.3777777777777779,-0.6326985520017928,0.5000000000000001,-0.5383125320746687,0.32954545454545475,-0.7527906398407506,0.8409090909090909,0.7918974514104776,0.6258992805755439,0.7077805841543596,0.24124513618677038,-1.1606538214119135,0.14722222222222223,-1.4794674367319955,0.816,0.44111256135608606
2023-11-27,31.2,23.7,27.1,79,0.0,0.0,1009.4,12.7,3,22.8,0,0.39259259259259266,-0.54017432077698,0.5087719298245613,-0.46625145370183796,0.3863636363636366,-0.3856970346794917,0.6818181818181818,0.12012658298408065,0.5683453237410064,0.2986904206873706,0.3229571984435797,-0.6648182268865854,0.008333333333333333,-2.083201148663273,0.7280000000000001,-0.05388932208782614
2023-11-28,31.4,21.6,26.5,72,0.1,1.0,1009.3,13.1,20,20.9,0,0.4074074074074074,-0.44765008955216723,0.3245614035087721,-1.9795340995313133,0.31818181818181823,-0.8262093608730033,0.5227272727272727,-0.5516442854423164,0.5611510791366883,0.24755415025398972,0.33852140077821,-0.5703733517389038,0.05555555555555555,-1.8779316866066387,0.576,-0.9088925753091317
2023-11-29,32.6,23.4,27.0,79,6.8,8.0,1009.2,13.2,42,22.8,0,0.4962962962962965,0.1074952977967128,0.4824561403508771,-0.6824346888203352,0.37500000000000006,-0.4591157557117445,0.6818181818181818,0.12012658298408065,0.5539568345323783,0.19641787982066697,0.3424124513618676,-0.5467621329519835,0.11666666666666667,-1.6122888533568767,0.7280000000000001,-0.05388932208782614
2023-11-30,31.7,23.3,26.9,86,9.4,4.0,1010.0,14.8,65,24.1,0,0.4296296296296297,-0.30886374271494726,0.4736842105263159,-0.7544957671931659,0.36363636363636354,-0.5325344767439973,0.8409090909090909,0.7918974514104776,0.6115107913669074,0.6055080432875978,0.40466926070038906,-0.16898263236125688,0.18055555555555555,-1.3345713458684891,0.8320000000000002,0.5311129038004352
2023-12-01,32.1,24.7,27.9,80,0.3,2.0,1009.2,11.7,52,24.0,0,0.4592592592592595,-0.12381528026532002,0.5964912280701754,0.2543593300264844,0.4772727272727271,0.2016527335785204,0.7045454545454546,0.21609384990213737,0.5539568345323783,0.19641787982066697,0.2840466926070038,-0.9009304147557893,0.14444444444444443,-1.491542110970621,0.8240000000000001,0.48611273257826065
2023-12-02,29.1,23.3,26.5,83,2.7,7.0,1009.9,7.6,34,23.2,0,0.23703703703703724,-1.511678748637517,0.4736842105263159,-0.7544957671931659,0.31818181818181823,-0.8262093608730033,0.7727272727272727,0.5039956506563075,0.6043165467625893,0.5543717728542169,0.12451361867704276,-1.868990385019525,0.09444444444444444,-1.708886247265881,0.76,0.12611136280086893
2023-12-03,30.4,24.4,26.9,84,5.9,10.0,1010.1,7.6,28,23.8,0,0.3333333333333333,-0.9102712456762329,0.5701754385964911,0.03817609490798718,0.36363636363636354,-0.5325344767439973,0.7954545454545454,0.5999629175743643,0.6187050359712256,0.6566443137209788,0.12451361867704276,-1.868990385019525,0.07777777777777778,-1.7813342926976343,0.8080000000000002,0.39611239013391314
2023-12-04,32.0,23.5,27.1,84,0.0,0.0,1010.1,15.5,115,24.0,0,0.45185185185185195,-0.17007739587772722,0.4912280701754386,-0.6103736104475019,0.3863636363636366,-0.3856970346794917,0.7954545454545454,0.5999629175743643,0.6187050359712256,0.6566443137209788,0.4319066147859922,-0.003704100852814333,0.3194444444444444,-0.7308376339372117,0.8240000000000001,0.48611273257826065
2023-12-05,32.0,23.6,27.5,81,1.1,4.0,1009.7,11.2,135,23.8,0,0.45185185185185195,-0.17007739587772722,0.5000000000000001,-0.5383125320746687,0.4318181818181819,-0.09202215055048565,0.7272727272727273,0.3120611168201941,0.589928057553961,0.4520992319875133,0.2645914396887159,-1.0189865086903913,0.375,-0.4893441491647008,0.8080000000000002,0.39611239013391314
2023-12-06,31.3,24.0,27.4,83,0.9,7.0,1010.5,12.6,129,24.0,0,0.40000000000000013,-0.49391220516457285,0.5350877192982456,-0.2500682185833407,0.42045454545454536,-0.16544087158273846,0.7727272727272727,0.5039956506563075,0.6474820143884903,0.8611893954544442,0.3190661478599221,-0.6884294456735057,0.35833333333333334,-0.561792194596454,0.8240000000000001,0.48611273257826065
2023-12-07,31.8,24.1,27.4,81,0.3,3.0,1010.5,11.6,180,23.6,0,0.43703703703703717,-0.26260162710254004,0.5438596491228072,-0.17800714021050748,0.42045454545454536,-0.16544087158273846,0.7272727272727273,0.3120611168201941,0.6474820143884903,0.8611893954544442,0.28015564202334625,-0.9245416335427096,0.5,0.05401619157344879,0.7920000000000001,0.30611204768956557
2023-12-08,31.1,23.7,27.1,81,0.0,0.0,1010.7,13.7,162,23.2,0,0.3851851851851854,-0.5864364363893856,0.5087719298245613,-0.46625145370183796,0.3863636363636366,-0.3856970346794917,0.7272727272727273,0.3120611168201941,0.6618705035971266,0.9634619363212059,0.3618677042801556,-0.4287060390173815,0.45,-0.16332794472181106,0.76,0.12611136280086893
2023-12-09,32.1,23.9,27.5,79,0.2,2.0,1010.0,14.7,135,23.2,0,0.4592592592592595,-0.12381528026532002,0.5263157894736841,-0.322129296956174,0.4318181818181819,-0.09202215055048565,0.6818181818181818,0.12012658298408065,0.6115107913669074,0.6055080432875978,0.4007782101167314,-0.19259385114817762,0.375,-0.4893441491647008,0.76,0.12611136280086893
2023-12-10,32.7,24.0,27.9,73,0.3,3.0,1009.0,14.9,117,22.3,0,0.503703703703704,0.15375741340912003,0.5350877192982456,-0.2500682185833407,0.4772727272727271,0.2016527335785204,0.5454545454545454,-0.4556770185242597,0.5395683453237419,0.0941453389539052,0.40856031128404663,-0.14537141357433658,0.325,-0.7066882854599607,0.6880000000000002,-0.27889017819869577
2023-12-11,33.9,23.0,28.0,72,0.0,0.0,1009.5,15.5,105,21.7,0,0.5925925925925926,0.7089028007579968,0.44736842105263164,-0.970679002311663,0.4886363636363637,0.2750714546107732,0.5227272727272727,-0.5516442854423164,0.5755395683453247,0.3498266911207515,0.4319066147859922,-0.003704100852814333,0.2916666666666667,-0.8515843763234672,0.64,-0.54889120553174
2023-12-12,34.4,23.4,28.5,67,0.0,0.0,1009.3,14.5,83,21.0,0,0.6296296296296297,0.9402133788200295,0.4824561403508771,-0.6824346888203352,0.5454545454545455,0.6421650597720321,0.4090909090909091,-1.0314806200325999,0.5611510791366883,0.24755415025398972,0.3929961089494163,-0.23981628872201824,0.23055555555555557,-1.1172272095732292,0.5840000000000001,-0.8638924040869571
2023-12-13,33.6,23.1,28.5,69,0.3,2.0,1010.3,12.8,62,21.6,0,0.5703703703703705,0.5701164539207784,0.4561403508771931,-0.8986179239388299,0.5454545454545455,0.6421650597720321,0.45454545454545453,-0.8395460861964865,0.6330935251798538,0.7589168545876823,0.32684824902723736,-0.6412070080996647,0.17222222222222222,-1.3707953685843657,0.6320000000000001,-0.5938913767539129
2023-12-14,35.4,24.7,29.5,65,0.0,0.0,1010.8,16.7,92,21.6,0,0.7037037037037037,1.4028345349440952,0.5964912280701754,0.2543593300264844,0.6590909090909092,1.3763522700945499,0.36363636363636365,-1.2234151538687135,0.6690647482014367,1.0145982067545287,0.4785992217898832,0.2796305245902302,0.25555555555555554,-1.0085551414255993,0.6320000000000001,-0.5938913767539129
2023-12-15,34.5,24.2,28.9,65,0.0,0.0,1010.4,14.8,94,21.1,0,0.6370370370370372,0.9864754944324368,0.5526315789473684,-0.10594606183767678,0.5909090909090908,0.9358399439010381,0.36363636363636365,-1.2234151538687135,0.6402877697841721,0.8100531250210632,0.40466926070038906,-0.16898263236125688,0.2611111111111111,-0.9844057929483482,0.5920000000000002,-0.8188922328647825
2023-12-16,33.4,24.4,28.6,68,0.6,3.0,1010.5,14.5,108,21.7,0,0.5555555555555556,0.47759222269596396,0.5701754385964911,0.03817609490798718,0.556818181818182,0.7155837808042849,0.4318181818181818,-0.9355133531145432,0.6474820143884903,0.8611893954544442,0.3929961089494163,-0.23981628872201824,0.3,-0.8153603536075905,0.64,-0.54889120553174
2023-12-17,34.2,23.7,28.7,68,0.2,2.0,1010.5,13.0,73,21.8,0,0.6148148148148151,0.8476891475952184,0.5087719298245613,-0.46625145370183796,0.5681818181818181,0.7890025018365351,0.4318181818181818,-0.9355133531145432,0.6474820143884903,0.8611893954544442,0.3346303501945525,-0.5939845705258241,0.20277777777777778,-1.2379739519594846,0.6480000000000001,-0.5038910343095654
2023-12-18,33.5,23.7,28.0,73,4.0,5.0,1011.1,14.8,54,22.3,0,0.5629629629629631,0.5238543383083711,0.5087719298245613,-0.46625145370183796,0.4886363636363637,0.2750714546107732,0.5454545454545454,-0.4556770185242597,0.6906474820143913,1.1680070180546713,0.40466926070038906,-0.16898263236125688,0.15,-1.46739276249337,0.6880000000000002,-0.27889017819869577
2023-12-19,33.9,23.4,28.3,69,0.4,2.0,1010.8,14.8,27,21.5,0,0.5925925925925926,0.7089028007579968,0.4824561403508771,-0.6824346888203352,0.5227272727272728,0.49532761770752903,0.45454545454545453,-0.8395460861964865,0.6690647482014367,1.0145982067545287,0.40466926070038906,-0.16898263236125688,0.075,-1.7934089669362598,0.6240000000000001,-0.6388915479760875
2023-12-20,33.9,23.6,27.8,65,9.3,3.0,1010.3,16.0,27,20.4,0,0.5925925925925926,0.7089028007579968,0.5000000000000001,-0.5383125320746687,0.46590909090909105,0.12823401254627018,0.36363636363636365,-1.2234151538687135,0.6330935251798538,0.7589168545876823,0.4513618677042801,0.11435199308178762,0.075,-1.7934089669362598,0.5359999999999999,-1.1338934314200013
2023-12-21,34.4,25.2,28.8,56,0.0,0.0,1010.3,23.6,19,18.9,0,0.6296296296296297,0.9402133788200295,0.6403508771929824,0.6146647218906456,0.5795454545454547,0.8624212228687879,0.1590909090909091,-2.087120556131224,0.6330935251798538,0.7589168545876823,0.7470817120622568,1.9088046208877376,0.05277777777777778,-1.8900063608452642,0.4159999999999999,-1.8088959997526102
2023-12-22,32.5,24.3,27.5,59,1.0,2.0,1012.0,25.3,23,18.4,0,0.488888888888889,0.061233182184305575,0.5614035087719299,-0.03388498346484352,0.4318181818181819,-0.09202215055048565,0.22727272727272727,-1.7992187553770538,0.7553956834532386,1.628233451954983,0.8132295719844357,2.310195340265384,0.06388888888888888,-1.841707663890762,0.37599999999999995,-2.03389685586348
2023-12-23,33.1,24.2,27.2,57,0.0,0.0,1012.9,23.4,13,17.8,0,0.5333333333333335,0.3388058758587456,0.5526315789473684,-0.10594606183767678,0.3977272727272727,-0.3122783136472415,0.18181818181818182,-1.9911532892131671,0.820143884892086,2.0884598858552947,0.7392996108949416,1.8615821833138961,0.03611111111111111,-1.9624544062770175,0.3280000000000001,-2.3038978831965222
2023-12-24,32.4,24.8,27.3,63,0.0,0.0,1014.1,16.3,26,19.3,0,0.48148148148148145,0.014971066571898358,0.605263157894737,0.3264204083993177,0.4090909090909092,-0.23885959261498868,0.3181818181818182,-1.4153496877048268,0.906474820143888,2.7020951310557493,0.4630350194552529,0.18518564944254895,0.07222222222222222,-1.8054836411748854,0.4480000000000001,-1.6288953148639136
2023-12-25,32.3,23.1,27.2,60,0.0,0.0,1013.1,15.1,20,18.5,0,0.474074074074074,-0.03129104904050886,0.4561403508771931,-0.8986179239388299,0.3977272727272727,-0.3122783136472415,0.25,-1.703251488458997,0.8345323741007225,2.1907324267220565,0.4163424124513618,-0.09814897600049598,0.05555555555555555,-1.8779316866066387,0.38400000000000006,-1.9888966846413052
2023-12-26,32.3,22.0,27.1,61,0.0,0.0,1013.5,11.4,23,18.6,0,0.474074074074074,-0.03129104904050886,0.3596491228070176,-1.6912897860399854,0.3863636363636366,-0.3856970346794917,0.2727272727272727,-1.6072842215409402,0.863309352517987,2.395277508455522,0.2723735408560311,-0.9717640711165502,0.06388888888888888,-1.841707663890762,0.3920000000000002,-1.9438965134191306
2023-12-27,32.7,22.6,27.5,67,0.2,2.0,1013.4,10.6,20,20.5,0,0.503703703703704,0.15375741340912003,0.41228070175438614,-1.258923315802991,0.4318181818181819,-0.09202215055048565,0.4090909090909091,-1.0314806200325999,0.8561151079136688,2.344141238022141,0.24124513618677038,-1.1606538214119135,0.05555555555555555,-1.8779316866066387,0.544,-1.0888932601978267
2023-12-28,33.8,23.7,28.3,73,0.8,4.0,1012.2,12.1,73,22.5,0,0.585185185185185,0.6626406851455896,0.5087719298245613,-0.46625145370183796,0.5227272727272728,0.49532761770752903,0.5454545454545454,-0.4556770185242597,0.769784172661875,1.7305059928217448,0.2996108949416342,-0.8064855396081076,0.20277777777777778,-1.2379739519594846,0.7040000000000001,-0.18888983575434823
2023-12-29,33.4,24.6,28.4,76,0.2,1.0,1011.0,10.4,74,23.4,0,0.5555555555555556,0.47759222269596396,0.5877192982456142,0.1822982516536537,0.534090909090909,0.5687463387397792,0.6136363636363636,-0.1677752177700895,0.683453237410073,1.1168707476212905,0.23346303501945523,-1.2078762589857541,0.20555555555555555,-1.225899277720859,0.7759999999999999,0.21611170524521645
2023-12-30,33.4,24.5,28.7,73,0.1,1.0,1010.3,12.6,125,22.8,0,0.5555555555555556,0.47759222269596396,0.5789473684210527,0.11023717328082044,0.5681818181818181,0.7890025018365351,0.5454545454545454,-0.4556770185242597,0.6330935251798538,0.7589168545876823,0.3190661478599221,-0.6884294456735057,0.3472222222222222,-0.6100908915509563,0.7280000000000001,-0.05388932208782614
2023-12-31,33.6,24.2,28.3,72,0.3,3.0,1010.7,16.1,116,22.4,0,0.5703703703703705,0.5701164539207784,0.5526315789473684,-0.10594606183767678,0.5227272727272728,0.49532761770752903,0.5227272727272727,-0.5516442854423164,0.6618705035971266,0.9634619363212059,0.45525291828793774,0.13796321186870833,0.32222222222222224,-0.7187629596985862,0.696,-0.2338900069765228
2024-01-01,33.4,24.0,28.1,72,0.0,0.0,1010.5,14.7,163,22.1,0,0.5555555555555556,0.47759222269596396,0.5350877192982456,-0.2500682185833407,0.5000000000000002,0.34849017564302603,0.5227272727272727,-0.5516442854423164,0.6474820143884903,0.8611893954544442,0.4007782101167314,-0.19259385114817762,0.4527777777777778,-0.1512532704831855,0.6720000000000002,-0.3688905206430433
2024-01-02,33.4,23.6,28.1,73,0.1,1.0,1010.2,15.6,126,22.3,0,0.5555555555555556,0.47759222269596396,0.5000000000000001,-0.5383125320746687,0.5000000000000002,0.34849017564302603,0.5454545454545454,-0.4556770185242597,0.6258992805755439,0.7077805841543596,0.43579766536964976,0.01990711793410597,0.35,-0.5980162173123307,0.6880000000000002,-0.27889017819869577
2024-01-03,33.4,24.2,28.3,72,0.2,1.0,1010.3,15.4,114,22.1,0,0.5555555555555556,0.47759222269596396,0.5526315789473684,-0.10594606183767678,0.5227272727272728,0.49532761770752903,0.5227272727272727,-0.5516442854423164,0.6330935251798538,0.7589168545876823,0.4280155642023346,-0.027315319639734638,0.31666666666666665,-0.7429123081758373,0.6720000000000002,-0.3688905206430433
2024-01-04,33.6,23.4,27.9,67,0.0,0.0,1010.7,15.5,158,20.8,0,0.5703703703703705,0.5701164539207784,0.4824561403508771,-0.6824346888203352,0.4772727272727271,0.2016527335785204,0.4090909090909091,-1.0314806200325999,0.6618705035971266,0.9634619363212059,0.4319066147859922,-0.003704100852814333,0.4388888888888889,-0.21162664167631323,0.5680000000000001,-0.9538927465313046
2024-01-05,32.9,23.3,27.5,70,0.0,0.0,1011.6,13.6,118,21.1,0,0.5185185185185185,0.24628164463393118,0.4736842105263159,-0.7544957671931659,0.4318181818181819,-0.09202215055048565,0.4772727272727273,-0.7435788192784298,0.726618705035974,1.4236883702215177,0.357976653696498,-0.4523172578043018,0.3277777777777778,-0.6946136112213351,0.5920000000000002,-0.8188922328647825
2024-01-06,33.6,23.2,28.0,70,0.6,2.0,1011.2,11.6,148,21.6,0,0.5703703703703705,0.5701164539207784,0.4649122807017544,-0.8265568455659992,0.4886363636363637,0.2750714546107732,0.4772727272727273,-0.7435788192784298,0.6978417266187095,1.2191432884880522,0.28015564202334625,-0.9245416335427096,0.4111111111111111,-0.33237338406256867,0.6320000000000001,-0.5938913767539129
2024-01-07,33.0,24.2,28.0,75,0.0,0.0,1011.6,15.2,131,22.7,0,0.525925925925926,0.2925437602463384,0.5526315789473684,-0.10594606183767678,0.4886363636363637,0.2750714546107732,0.5909090909090909,-0.2637424846881462,0.726618705035974,1.4236883702215177,0.42023346303501935,-0.07453775721357567,0.3638888888888889,-0.537642846119203,0.72,-0.0988894933100007
2024-01-08,31.3,23.8,27.5,73,0.6,4.0,1011.4,9.5,122,21.9,0,0.40000000000000013,-0.49391220516457285,0.5175438596491229,-0.3941903753290047,0.4318181818181819,-0.09202215055048565,0.5454545454545454,-0.4556770185242597,0.7122302158273377,1.3214158293547558,0.19844357976653693,-1.4203772280680378,0.3388888888888889,-0.6463149142668329,0.6559999999999999,-0.4588908630873924
2024-01-09,32.8,23.8,27.9,71,0.1,1.0,1010.6,11.7,132,21.8,0,0.511111111111111,0.20001952902152395,0.5175438596491229,-0.3941903753290047,0.4772727272727271,0.2016527335785204,0.5,-0.647611552360373,0.6546762589928085,0.912325665887825,0.2840466926070038,-0.9009304147557893,0.36666666666666664,-0.5255681718805775,0.6480000000000001,-0.5038910343095654
2024-01-10,33.5,23.6,28.0,70,0.0,0.0,1010.1,15.6,114,21.5,0,0.5629629629629631,0.5238543383083711,0.5000000000000001,-0.5383125320746687,0.4886363636363637,0.2750714546107732,0.4772727272727273,-0.7435788192784298,0.6187050359712256,0.6566443137209788,0.43579766536964976,0.01990711793410597,0.31666666666666665,-0.7429123081758373,0.6240000000000001,-0.6388915479760875
2024-01-11,33.6,23.6,27.9,70,0.1,1.0,1010.5,16.1,96,21.3,0,0.5703703703703705,0.5701164539207784,0.5000000000000001,-0.5383125320746687,0.4772727272727271,0.2016527335785204,0.4772727272727273,-0.7435788192784298,0.6474820143884903,0.8611893954544442,0.45525291828793774,0.13796321186870833,0.26666666666666666,-0.9602564444710971,0.6080000000000001,-0.728891890420435
2024-01-12,32.9,22.6,26.9,71,0.0,0.0,1010.4,18.6,141,20.6,0,0.5185185185185185,0.24628164463393118,0.41228070175438614,-1.258923315802991,0.36363636363636354,-0.5325344767439973,0.5,-0.647611552360373,0.6402877697841721,0.8100531250210632,0.5525291828793775,0.728243681541718,0.39166666666666666,-0.4168961037329475,0.5520000000000002,-1.0438930889756521
2024-01-13,32.0,22.2,26.8,68,0.0,0.0,1010.7,13.5,120,19.8,0,0.45185185185185195,-0.17007739587772722,0.37719298245614036,-1.5471676292943215,0.3522727272727274,-0.6059531977762476,0.4318181818181818,-0.9355133531145432,0.6618705035971266,0.9634619363212059,0.35408560311284043,-0.4759284765912221,0.3333333333333333,-0.670464262744084,0.4880000000000001,-1.403894458753044
2024-01-14,32.2,21.8,26.7,65,0.0,0.0,1011.3,12.2,26,19.1,0,0.466666666666667,-0.07755316465291279,0.34210526315789486,-1.8354119427856495,0.3409090909090909,-0.6793719188085003,0.36363636363636365,-1.2234151538687135,0.7050359712230194,1.270279558921375,0.30350194552529175,-0.7828743208211874,0.07222222222222222,-1.8054836411748854,0.43200000000000016,-1.718895657308261
2024-01-15,33.0,21.9,27.2,66,0.0,0.0,1010.8,11.9,70,19.5,0,0.525925925925926,0.2925437602463384,0.35087719298245607,-1.7633508644128186,0.3977272727272727,-0.3122783136472415,0.38636363636363635,-1.1274478869506568,0.6690647482014367,1.0145982067545287,0.29182879377431903,-0.8537079771819482,0.19444444444444445,-1.2741979746753613,0.4640000000000001,-1.538894972419566
2024-01-16,33.2,22.9,27.8,64,0.0,0.0,1010.5,14.8,70,20.0,0,0.5407407407407411,0.38506799147115284,0.4385964912280701,-1.0427400806844964,0.46590909090909105,0.12823401254627018,0.3409090909090909,-1.3193824207867701,0.6474820143884903,0.8611893954544442,0.40466926070038906,-0.16898263236125688,0.19444444444444445,-1.2741979746753613,0.504,-1.3138941163086963
2024-01-17,33.1,24.0,28.2,63,0.0,0.0,1010.4,13.7,101,19.7,0,0.5333333333333335,0.3388058758587456,0.5350877192982456,-0.2500682185833407,0.5113636363636364,0.4219088966752762,0.3181818181818182,-1.4153496877048268,0.6402877697841721,0.8100531250210632,0.3618677042801556,-0.4287060390173815,0.28055555555555556,-0.8998830732779693,0.48,-1.4488946299752186
2024-01-18,34.0,24.3,28.4,65,0.0,0.0,1010.3,15.3,96,20.6,0,0.6000000000000001,0.755164916370404,0.5614035087719299,-0.03388498346484352,0.534090909090909,0.5687463387397792,0.36363636363636365,-1.2234151538687135,0.6330935251798538,0.7589168545876823,0.42412451361867703,-0.05092653842665494,0.26666666666666666,-0.9602564444710971,0.5520000000000002,-1.0438930889756521
2024-01-19,33.1,23.6,28.0,65,0.0,0.0,1010.3,14.1,94,20.2,0,0.5333333333333335,0.3388058758587456,0.5000000000000001,-0.5383125320746687,0.4886363636363637,0.2750714546107732,0.36363636363636365,-1.2234151538687135,0.6330935251798538,0.7589168545876823,0.37743190661478593,-0.3342611638696999,0.2611111111111111,-0.9844057929483482,0.52,-1.223893773864349
2024-01-20,33.0,23.3,27.1,71,0.0,0.0,1010.9,17.9,132,20.7,0,0.525925925925926,0.2925437602463384,0.4736842105263159,-0.7544957671931659,0.3863636363636366,-0.3856970346794917,0.5,-0.647611552360373,0.6762589928057549,1.0657344771879096,0.5252918287937742,0.5629651500332746,0.36666666666666664,-0.5255681718805775,0.56,-0.9988929177534792
2024-01-21,32.9,23.4,27.5,69,0.0,0.0,1011.9,15.8,132,20.8,0,0.5185185185185185,0.24628164463393118,0.4824561403508771,-0.6824346888203352,0.4318181818181819,-0.09202215055048565,0.45454545454545453,-0.8395460861964865,0.7482014388489204,1.5770971815216022,0.44357976653696496,0.067129555507947,0.36666666666666664,-0.5255681718805775,0.5680000000000001,-0.9538927465313046
2024-01-22,34.0,23.7,28.2,62,0.0,0.0,1012.0,13.8,115,19.5,0,0.6000000000000001,0.755164916370404,0.5087719298245613,-0.46625145370183796,0.5113636363636364,0.4219088966752762,0.29545454545454547,-1.5113169546228835,0.7553956834532386,1.628233451954983,0.3657587548638132,-0.4050948202304608,0.3194444444444444,-0.7308376339372117,0.4640000000000001,-1.538894972419566
2024-01-23,34.0,24.1,28.4,59,0.0,0.0,1012.7,16.8,112,19.1,0,0.6000000000000001,0.755164916370404,0.5438596491228072,-0.17800714021050748,0.534090909090909,0.5687463387397792,0.22727272727272727,-1.7992187553770538,0.8057553956834578,1.9861873449885912,0.4824902723735408,0.3032417433771509,0.3111111111111111,-0.7670616566530883,0.43200000000000016,-1.718895657308261
2024-01-24,33.6,23.6,28.2,62,0.0,0.0,1013.3,14.0,101,19.6,0,0.5703703703703705,0.5701164539207784,0.5000000000000001,-0.5383125320746687,0.5113636363636364,0.4219088966752762,0.29545454545454547,-1.5113169546228835,0.8489208633093507,2.29300496758876,0.37354085603112835,-0.3578723826566202,0.28055555555555556,-0.8998830732779693,0.4720000000000002,-1.4938948011973914
2024-01-25,33.7,23.7,28.3,58,0.0,0.0,1014.7,13.4,97,18.5,0,0.5777777777777781,0.6163785695331856,0.5087719298245613,-0.46625145370183796,0.5227272727272728,0.49532761770752903,0.20454545454545456,-1.8951860222951105,0.949640287769789,3.0089127536559763,0.35019455252918286,-0.4995396953781424,0.26944444444444443,-0.9481817702324715,0.38400000000000006,-1.9888966846413052
2024-01-26,33.0,24.0,27.9,60,0.0,0.0,1015.3,15.1,80,19.0,0,0.525925925925926,0.2925437602463384,0.5350877192982456,-0.2500682185833407,0.4772727272727271,0.2016527335785204,0.25,-1.703251488458997,0.9928057553956818,3.3157303762561456,0.4163424124513618,-0.09814897600049598,0.2222222222222222,-1.153451232289106,0.42400000000000004,-1.7638958285304356
2024-01-27,33.4,22.7,27.6,62,0.0,0.0,1014.7,15.9,91,18.9,0,0.5555555555555556,0.47759222269596396,0.42105263157894735,-1.1868622374301603,0.4431818181818184,-0.018603429518232836,0.29545454545454547,-1.5113169546228835,0.949640287769789,3.0089127536559763,0.44747081712062253,0.09074077429486731,0.25277777777777777,-1.0206298156642248,0.4159999999999999,-1.8088959997526102
2024-01-28,33.6,23.0,27.9,56,0.0,0.0,1014.5,14.9,97,17.3,0,0.5703703703703705,0.5701164539207784,0.44736842105263164,-0.970679002311663,0.4772727272727271,0.2016527335785204,0.1590909090909091,-2.087120556131224,0.9352517985611526,2.9066402127892146,0.40856031128404663,-0.14537141357433658,0.26944444444444443,-0.9481817702324715,0.2880000000000001,-2.528898739307392
2024-01-29,33.4,22.7,27.8,56,0.0,0.0,1014.0,14.8,81,17.5,0,0.5555555555555556,0.47759222269596396,0.42105263157894735,-1.1868622374301603,0.46590909090909105,0.12823401254627018,0.1590909090909091,-2.087120556131224,0.8992805755395699,2.650958860622368,0.40466926070038906,-0.16898263236125688,0.225,-1.1413765580504802,0.30400000000000005,-2.4388983968630447
2024-01-30,34.4,23.8,28.1,57,0.0,0.0,1013.6,19.4,119,18.3,0,0.6296296296296297,0.9402133788200295,0.5175438596491229,-0.3941903753290047,0.5000000000000002,0.34849017564302603,0.18181818181818182,-1.9911532892131671,0.8705035971223052,2.446413778888903,0.583657587548638,0.9171334318370805,0.33055555555555555,-0.6825389369827095,0.3680000000000001,-2.078897027085653
2024-01-31,34.1,23.5,28.0,63,0.0,0.0,1013.5,18.1,119,19.7,0,0.6074074074074076,0.8014270319828112,0.4912280701754386,-0.6103736104475019,0.4886363636363637,0.2750714546107732,0.3181818181818182,-1.4153496877048268,0.863309352517987,2.395277508455522,0.5330739299610895,0.6101875876071161,0.33055555555555555,-0.6825389369827095,0.48,-1.4488946299752186
2024-02-01,33.6,23.8,28.0,65,0.3,3.0,1013.6,17.7,133,20.4,0,0.5703703703703705,0.5701164539207784,0.5175438596491229,-0.3941903753290047,0.4886363636363637,0.2750714546107732,0.36363636363636365,-1.2234151538687135,0.8705035971223052,2.446413778888903,0.5175097276264591,0.515742712459434,0.36944444444444446,-0.5134934976419518,0.5359999999999999,-1.1338934314200013
2024-02-02,33.5,23.6,27.6,70,0.0,0.0,1012.7,19.2,131,21.1,0,0.5629629629629631,0.5238543383083711,0.5000000000000001,-0.5383125320746687,0.4431818181818184,-0.018603429518232836,0.4772727272727273,-0.7435788192784298,0.8057553956834578,1.9861873449885912,0.5758754863813228,0.8699109942632399,0.3638888888888889,-0.537642846119203,0.5920000000000002,-0.8188922328647825
2024-02-03,34.4,23.9,27.7,68,0.0,0.0,1012.8,21.6,138,20.8,0,0.6296296296296297,0.9402133788200295,0.5263157894736841,-0.322129296956174,0.45454545454545453,0.05481529151401737,0.4318181818181818,-0.9355133531145432,0.8129496402877678,2.037323615421914,0.6692607003891051,1.4365802451493297,0.38333333333333336,-0.45312012644882416,0.5680000000000001,-0.9538927465313046
2024-02-04,34.4,23.7,27.8,72,0.0,0.0,1013.2,19.0,141,21.6,0,0.6296296296296297,0.9402133788200295,0.5087719298245613,-0.46625145370183796,0.46590909090909105,0.12823401254627018,0.5227272727272727,-0.5516442854423164,0.8417266187050406,2.2418686971554376,0.5680933852140077,0.8226885566893993,0.39166666666666666,-0.4168961037329475,0.6320000000000001,-0.5938913767539129
2024-02-05,33.5,24.5,28.0,74,0.5,2.0,1013.4,17.6,139,22.3,0,0.5629629629629631,0.5238543383083711,0.5789473684210527,0.11023717328082044,0.4886363636363637,0.2750714546107732,0.5681818181818182,-0.35970975160620294,0.8561151079136688,2.344141238022141,0.5136186770428015,0.4921314936725142,0.3861111111111111,-0.4410454522101986,0.6880000000000002,-0.27889017819869577
2024-02-06,34.6,24.3,28.3,70,0.0,0.0,1013.4,22.5,133,21.7,0,0.6444444444444447,1.032737610044844,0.5614035087719299,-0.03388498346484352,0.5227272727272728,0.49532761770752903,0.4772727272727273,-0.7435788192784298,0.8561151079136688,2.344141238022141,0.7042801556420233,1.649081214231613,0.36944444444444446,-0.5134934976419518,0.64,-0.54889120553174
2024-02-07,32.7,24.6,28.1,73,1.4,4.0,1012.3,16.3,140,22.3,0,0.503703703703704,0.15375741340912003,0.5877192982456142,0.1822982516536537,0.5000000000000002,0.34849017564302603,0.5454545454545454,-0.4556770185242597,0.776978417266185,1.7816422632550677,0.4630350194552529,0.18518564944254895,0.3888888888888889,-0.42897077797157307,0.6880000000000002,-0.27889017819869577
2024-02-08,32.4,24.4,27.6,73,0.3,3.0,1011.5,18.5,138,22.0,0,0.48148148148148145,0.014971066571898358,0.5701754385964911,0.03817609490798718,0.4431818181818184,-0.018603429518232836,0.5454545454545454,-0.4556770185242597,0.7194244604316559,1.3725520997881366,0.5486381322957198,0.7046324627547973,0.38333333333333336,-0.45312012644882416,0.664,-0.4138906918652179
2024-02-09,34.9,24.0,28.5,69,0.0,0.0,1012.7,17.3,125,21.5,0,0.6666666666666666,1.1715239568820623,0.5350877192982456,-0.2500682185833407,0.5454545454545455,0.6421650597720321,0.45454545454545453,-0.8395460861964865,0.8057553956834578,1.9861873449885912,0.5019455252918288,0.42129783731175285,0.3472222222222222,-0.6100908915509563,0.6240000000000001,-0.6388915479760875
2024-02-10,34.6,23.9,28.8,64,0.0,0.0,1014.1,15.9,104,20.5,0,0.6444444444444447,1.032737610044844,0.5263157894736841,-0.322129296956174,0.5795454545454547,0.8624212228687879,0.3409090909090909,-1.3193824207867701,0.906474820143888,2.7020951310557493,0.44747081712062253,0.09074077429486731,0.28888888888888886,-0.8636590505620927,0.544,-1.0888932601978267
2024-02-11,33.7,23.2,28.7,56,0.0,0.0,1015.4,13.4,37,18.4,0,0.5777777777777781,0.6163785695331856,0.4649122807017544,-0.8265568455659992,0.5681818181818181,0.7890025018365351,0.1590909090909091,-2.087120556131224,1.0,3.3668666466895263,0.35019455252918286,-0.4995396953781424,0.10277777777777777,-1.6726622245500042,0.37599999999999995,-2.03389685586348
2024-02-12,33.7,21.8,27.9,54,0.0,0.0,1014.8,16.7,70,17.2,0,0.5777777777777781,0.6163785695331856,0.34210526315789486,-1.8354119427856495,0.4772727272727271,0.2016527335785204,0.11363636363636363,-2.279055089967337,0.956834532374099,3.0600490240892992,0.4785992217898832,0.2796305245902302,0.19444444444444445,-1.2741979746753613,0.28,-2.5738989105295667
2024-02-13,35.6,23.7,28.8,56,0.0,0.0,1013.3,22.5,107,18.5,0,0.7185185185185188,1.4953587661689096,0.5087719298245613,-0.46625145370183796,0.5795454545454547,0.8624212228687879,0.1590909090909091,-2.087120556131224,0.8489208633093507,2.29300496758876,0.7042801556420233,1.649081214231613,0.2972222222222222,-0.8274350278462161,0.38400000000000006,-1.9888966846413052
2024-02-14,35.9,25.1,29.7,57,0.0,0.0,1012.3,19.6,101,19.6,0,0.7407407407407407,1.634145113006128,0.6315789473684211,0.5426036435178149,0.6818181818181818,1.5231897121590527,0.18181818181818182,-1.9911532892131671,0.776978417266185,1.7816422632550677,0.5914396887159533,0.964355869410922,0.28055555555555556,-0.8998830732779693,0.4720000000000002,-1.4938948011973914
2024-02-15,36.3,25.6,29.9,56,0.1,1.0,1012.3,21.4,107,19.5,0,0.7703703703703703,1.8191935754557536,0.6754385964912282,0.9029090353819761,0.7045454545454544,1.6700271542235559,0.1590909090909091,-2.087120556131224,0.776978417266185,1.7816422632550677,0.6614785992217899,1.3893578075754882,0.2972222222222222,-0.8274350278462161,0.4640000000000001,-1.538894972419566
2024-02-16,36.5,24.9,29.4,57,0.0,0.0,1012.0,20.5,107,18.9,0,0.7851851851851853,1.911717806680568,0.6140350877192982,0.39848148677214834,0.6477272727272726,1.3029335490622969,0.18181818181818182,-1.9911532892131671,0.7553956834532386,1.628233451954983,0.6264591439688716,1.1768568384932052,0.2972222222222222,-0.8274350278462161,0.4159999999999999,-1.8088959997526102
2024-02-17,35.6,23.5,28.5,56,0.0,0.0,1011.3,21.1,126,18.0,0,0.7185185185185188,1.4953587661689096,0.4912280701754386,-0.6103736104475019,0.5454545454545455,0.6421650597720321,0.1590909090909091,-2.087120556131224,0.7050359712230194,1.270279558921375,0.6498054474708171,1.3185241512147279,0.35,-0.5980162173123307,0.3440000000000001,-2.213897540752175
2024-02-18,35.7,23.7,28.7,62,0.0,0.0,1011.3,22.1,136,20.0,0,0.7259259259259262,1.5416208817813168,0.5087719298245613,-0.46625145370183796,0.5681818181818181,0.7890025018365351,0.29545454545454547,-1.5113169546228835,0.7050359712230194,1.270279558921375,0.688715953307393,1.5546363390839317,0.37777777777777777,-0.47726947492607524,0.504,-1.3138941163086963
2024-02-19,35.3,25.0,28.8,68,0.0,0.0,1011.6,21.3,139,21.7,0,0.6962962962962962,1.356572419331688,0.6228070175438597,0.4705425651449816,0.5795454545454547,0.8624212228687879,0.4318181818181818,-0.9355133531145432,0.726618705035974,1.4236883702215177,0.6575875486381322,1.3657465887885685,0.3861111111111111,-0.4410454522101986,0.64,-0.54889120553174
2024-02-20,34.8,24.7,28.6,69,0.0,0.0,1011.2,21.7,136,21.7,0,0.6592592592592591,1.1252618412696551,0.5964912280701754,0.2543593300264844,0.556818181818182,0.7155837808042849,0.45454545454545453,-0.8395460861964865,0.6978417266187095,1.2191432884880522,0.6731517509727625,1.4601914639362497,0.37777777777777777,-0.47726947492607524,0.64,-0.54889120553174
2024-02-21,34.8,24.2,28.4,72,0.0,0.0,1011.0,20.7,139,22.2,0,0.6592592592592591,1.1252618412696551,0.5526315789473684,-0.10594606183767678,0.534090909090909,0.5687463387397792,0.5227272727272727,-0.5516442854423164,0.683453237410073,1.1168707476212905,0.6342412451361866,1.2240792760670458,0.3861111111111111,-0.4410454522101986,0.68,-0.3238903494208703
2024-02-22,35.7,23.4,28.1,72,0.0,0.0,1011.9,22.9,136,21.7,0,0.7259259259259262,1.5416208817813168,0.4824561403508771,-0.6824346888203352,0.5000000000000002,0.34849017564302603,0.5227272727272727,-0.5516442854423164,0.7482014388489204,1.5770971815216022,0.7198443579766536,1.743526089379294,0.37777777777777777,-0.47726947492607524,0.64,-0.54889120553174
2024-02-23,34.8,24.4,28.6,71,0.2,2.0,1012.1,23.5,128,22.2,0,0.6592592592592591,1.1252618412696551,0.5701754385964911,0.03817609490798718,0.556818181818182,0.7155837808042849,0.5,-0.647611552360373,0.7625899280575569,1.679369722388364,0.7431906614785992,1.8851934021008168,0.35555555555555557,-0.5738668688350796,0.68,-0.3238903494208703
2024-02-24,35.5,24.8,29.1,67,1.3,3.0,1011.7,19.0,124,21.5,0,0.7111111111111112,1.4490966505565024,0.605263157894737,0.3264204083993177,0.6136363636363639,1.0826773859655436,0.4090909090909091,-1.0314806200325999,0.7338129496402922,1.4748246406548986,0.5680933852140077,0.8226885566893993,0.34444444444444444,-0.6221655657895818,0.6240000000000001,-0.6388915479760875
2024-02-25,35.6,24.3,29.0,61,0.0,0.0,1011.0,18.6,115,20.1,0,0.7185185185185188,1.4953587661689096,0.5614035087719299,-0.03388498346484352,0.6022727272727273,1.0092586649332909,0.2727272727272727,-1.6072842215409402,0.683453237410073,1.1168707476212905,0.5525291828793775,0.728243681541718,0.3194444444444444,-0.7308376339372117,0.5120000000000001,-1.2688939450865218
2024-02-26,36.7,24.0,29.5,56,0.0,0.0,1011.2,24.3,111,19.1,0,0.8000000000000003,2.0042420379053825,0.5350877192982456,-0.2500682185833407,0.6590909090909092,1.3763522700945499,0.1590909090909091,-2.087120556131224,0.6978417266187095,1.2191432884880522,0.7743190661478598,2.07408315239618,0.30833333333333335,-0.7791363308917139,0.43200000000000016,-1.718895657308261
2024-02-27,35.3,25.3,29.4,62,1.1,4.0,1010.6,18.3,94,20.9,0,0.6962962962962962,1.356572419331688,0.6491228070175439,0.6867258002634788,0.6477272727272726,1.3029335490622969,0.29545454545454547,-1.5113169546228835,0.6546762589928085,0.912325665887825,0.5408560311284046,0.6574100251809567,0.2611111111111111,-0.9844057929483482,0.576,-0.9088925753091317
2024-02-28,36.2,24.4,29.0,59,0.0,0.0,1009.9,25.3,111,19.6,0,0.7629629629629633,1.7729314598433497,0.5701754385964911,0.03817609490798718,0.6022727272727273,1.0092586649332909,0.22727272727272727,-1.7992187553770538,0.6043165467625893,0.5543717728542169,0.8132295719844357,2.310195340265384,0.30833333333333335,-0.7791363308917139,0.4720000000000002,-1.4938948011973914
2024-02-29,36.5,24.8,29.5,55,0.0,0.0,1010.1,20.6,116,19.0,0,0.7851851851851853,1.911717806680568,0.605263157894737,0.3264204083993177,0.6590909090909092,1.3763522700945499,0.13636363636363635,-2.1830878230492807,0.6187050359712256,0.6566443137209788,0.6303501945525293,1.2004680572801258,0.32222222222222224,-0.7187629596985862,0.42400000000000004,-1.7638958285304356
2024-03-01,35.5,25.0,29.3,58,0.0,0.0,1010.5,17.5,115,19.8,0,0.7111111111111112,1.4490966505565024,0.6228070175438597,0.4705425651449816,0.6363636363636365,1.2295148280300467,0.20454545454545456,-1.8951860222951105,0.6474820143884903,0.8611893954544442,0.5097276264591439,0.46852027488559345,0.3194444444444444,-0.7308376339372117,0.4880000000000001,-1.403894458753044
2024-03-02,36.0,25.4,29.6,59,0.2,2.0,1010.3,20.2,126,20.2,0,0.7481481481481482,1.6804072286185352,0.6578947368421051,0.7587868786363096,0.6704545454545456,1.4497709911268026,0.22727272727272727,-1.7992187553770538,0.6330935251798538,0.7589168545876823,0.6147859922178988,1.1060231821324438,0.35,-0.5980162173123307,0.52,-1.223893773864349
2024-03-03,36.1,25.2,29.2,61,0.0,0.0,1010.3,20.5,133,20.4,0,0.7555555555555558,1.7266693442309424,0.6403508771929824,0.6146647218906456,0.625,1.156096106997794,0.2727272727272727,-1.6072842215409402,0.6330935251798538,0.7589168545876823,0.6264591439688716,1.1768568384932052,0.36944444444444446,-0.5134934976419518,0.5359999999999999,-1.1338934314200013
2024-03-04,36.0,25.2,29.1,65,0.0,0.0,1009.9,22.1,134,21.2,0,0.7481481481481482,1.6804072286185352,0.6403508771929824,0.6146647218906456,0.6136363636363639,1.0826773859655436,0.36363636363636365,-1.2234151538687135,0.6043165467625893,0.5543717728542169,0.688715953307393,1.5546363390839317,0.37222222222222223,-0.5014188234033263,0.6,-0.7738920616426096
2024-03-05,35.3,25.2,29.2,70,0.0,0.0,1009.1,15.1,143,22.6,0,0.6962962962962962,1.356572419331688,0.6403508771929824,0.6146647218906456,0.625,1.156096106997794,0.4772727272727273,-0.7435788192784298,0.54676258992806,0.14528160938728607,0.4163424124513618,-0.09814897600049598,0.3972222222222222,-0.3927467552556964,0.7120000000000002,-0.14388966453217367
2024-03-06,36.1,25.0,29.4,71,0.0,0.0,1008.1,15.3,153,22.8,0,0.7555555555555558,1.7266693442309424,0.6228070175438597,0.4705425651449816,0.6477272727272726,1.3029335490622969,0.5,-0.647611552360373,0.4748201438848945,-0.36608109494640656,0.42412451361867703,-0.05092653842665494,0.425,-0.272000012869441,0.7280000000000001,-0.05388932208782614
2024-03-07,35.2,25.7,29.0,72,0.3,3.0,1008.2,21.5,141,23.1,0,0.6888888888888892,1.310310303719284,0.6842105263157894,0.9749701137548068,0.6022727272727273,1.0092586649332909,0.5227272727272727,-0.5516442854423164,0.4820143884892127,-0.31494482451302563,0.6653696498054474,1.412969026362409,0.39166666666666666,-0.4168961037329475,0.7520000000000002,0.08111119157869595
2024-03-08,37.2,25.3,29.9,60,0.0,0.0,1009.2,21.7,127,20.3,0,0.8370370370370374,2.2355526159674155,0.6491228070175439,0.6867258002634788,0.7045454545454544,1.6700271542235559,0.25,-1.703251488458997,0.5539568345323783,0.19641787982066697,0.6731517509727625,1.4601914639362497,0.3527777777777778,-0.5859415430737052,0.5280000000000001,-1.1788936026421744
2024-03-09,36.3,25.0,29.4,59,0.0,0.0,1009.9,24.4,114,19.9,0,0.7703703703703703,1.8191935754557536,0.6228070175438597,0.4705425651449816,0.6477272727272726,1.3029335490622969,0.22727272727272727,-1.7992187553770538,0.6043165467625893,0.5543717728542169,0.7782101167315174,2.0976943711831,0.31666666666666665,-0.7429123081758373,0.49599999999999994,-1.358894287530871
2024-03-10,37.5,25.5,29.8,57,0.0,0.0,1011.6,29.6,117,19.6,0,0.8592592592592594,2.3743389628046336,0.6666666666666666,0.8308479570091428,0.6931818181818182,1.5966084331913055,0.18181818181818182,-1.9911532892131671,0.726618705035974,1.4236883702215177,0.980544747081712,3.3254777481029607,0.325,-0.7066882854599607,0.4720000000000002,-1.4938948011973914
2024-03-11,37.0,24.5,30.0,55,0.0,0.0,1011.8,25.4,117,19.3,0,0.8222222222222223,2.143028384742601,0.5789473684210527,0.11023717328082044,0.7159090909090909,1.7434458752558086,0.13636363636363635,-2.1830878230492807,0.7410071942446023,1.5259609110882213,0.8171206225680933,2.333806559052304,0.325,-0.7066882854599607,0.4480000000000001,-1.6288953148639136
2024-03-12,37.5,25.6,30.0,60,0.0,0.0,1011.4,25.3,127,20.5,0,0.8592592592592594,2.3743389628046336,0.6754385964912282,0.9029090353819761,0.7159090909090909,1.7434458752558086,0.25,-1.703251488458997,0.7122302158273377,1.3214158293547558,0.8132295719844357,2.310195340265384,0.3527777777777778,-0.5859415430737052,0.544,-1.0888932601978267
2024-03-13,35.3,25.4,29.5,62,0.2,2.0,1011.5,19.2,125,21.0,0,0.6962962962962962,1.356572419331688,0.6578947368421051,0.7587868786363096,0.6590909090909092,1.3763522700945499,0.29545454545454547,-1.5113169546228835,0.7194244604316559,1.3725520997881366,0.5758754863813228,0.8699109942632399,0.3472222222222222,-0.6100908915509563,0.5840000000000001,-0.8638924040869571
2024-03-14,36.2,25.6,29.5,65,0.5,2.0,1011.2,21.7,132,21.5,0,0.7629629629629633,1.7729314598433497,0.6754385964912282,0.9029090353819761,0.6590909090909092,1.3763522700945499,0.36363636363636365,-1.2234151538687135,0.6978417266187095,1.2191432884880522,0.6731517509727625,1.4601914639362497,0.36666666666666664,-0.5255681718805775,0.6240000000000001,-0.6388915479760875
2024-03-15,35.7,24.7,29.0,64,0.0,0.0,1011.5,22.5,140,20.4,0,0.7259259259259262,1.5416208817813168,0.5964912280701754,0.2543593300264844,0.6022727272727273,1.0092586649332909,0.3409090909090909,-1.3193824207867701,0.7194244604316559,1.3725520997881366,0.7042801556420233,1.649081214231613,0.3888888888888889,-0.42897077797157307,0.5359999999999999,-1.1338934314200013
2024-03-16,37.1,24.4,29.3,65,0.0,0.0,1011.9,22.0,136,21.0,0,0.8296296296296298,2.1892905003550083,0.5701754385964911,0.03817609490798718,0.6363636363636365,1.2295148280300467,0.36363636363636365,-1.2234151538687135,0.7482014388489204,1.5770971815216022,0.6848249027237354,1.5310251202970109,0.37777777777777777,-0.47726947492607524,0.5840000000000001,-0.8638924040869571
2024-03-17,36.9,24.6,29.6,62,0.2,2.0,1011.3,23.0,131,20.5,0,0.8148148148148148,2.096766269130194,0.5877192982456142,0.1822982516536537,0.6704545454545456,1.4497709911268026,0.29545454545454547,-1.5113169546228835,0.7050359712230194,1.270279558921375,0.7237354085603113,1.767137308166215,0.3638888888888889,-0.537642846119203,0.544,-1.0888932601978267
2024-03-18,37.0,24.7,29.2,65,0.0,0.0,1010.3,27.6,136,21.1,0,0.8222222222222223,2.143028384742601,0.5964912280701754,0.2543593300264844,0.625,1.156096106997794,0.36363636363636365,-1.2234151538687135,0.6330935251798538,0.7589168545876823,0.9027237354085603,2.853253372364553,0.37777777777777777,-0.47726947492607524,0.5920000000000002,-0.8188922328647825
2024-03-19,37.2,24.9,29.4,63,0.0,0.0,1010.9,30.1,125,20.5,0,0.8370370370370374,2.2355526159674155,0.6140350877192982,0.39848148677214834,0.6477272727272726,1.3029335490622969,0.3181818181818182,-1.4153496877048268,0.6762589928057549,1.0657344771879096,1.0,3.4435338420375627,0.3472222222222222,-0.6100908915509563,0.544,-1.0888932601978267
2024-03-20,36.5,23.6,29.3,59,0.0,0.0,1011.7,21.8,113,19.6,0,0.7851851851851853,1.911717806680568,0.5000000000000001,-0.5383125320746687,0.6363636363636365,1.2295148280300467,0.22727272727272727,-1.7992187553770538,0.7338129496402922,1.4748246406548986,0.67704280155642,1.4838026827231703,0.3138888888888889,-0.7549869824144628,0.4720000000000002,-1.4938948011973914
2024-03-21,36.1,25.3,29.5,59,1.2,4.0,1010.4,20.9,126,20.2,0,0.7555555555555558,1.7266693442309424,0.6491228070175439,0.6867258002634788,0.6590909090909092,1.3763522700945499,0.22727272727272727,-1.7992187553770538,0.6402877697841721,0.8100531250210632,0.6420233463035019,1.2713017136408864,0.35,-0.5980162173123307,0.52,-1.223893773864349
2024-03-22,36.6,25.4,29.4,62,0.0,0.0,1008.5,26.4,130,20.8,0,0.7925925925925928,1.9579799222929752,0.6578947368421051,0.7587868786363096,0.6477272727272726,1.3029335490622969,0.29545454545454547,-1.5113169546228835,0.5035971223021591,-0.16153601321294112,0.8560311284046692,2.5699187469215077,0.3611111111111111,-0.5497175203578285,0.5680000000000001,-0.9538927465313046
2024-03-23,34.3,25.5,29.1,68,0.7,3.0,1009.3,21.4,133,22.2,0,0.6222222222222221,0.8939512632076224,0.6666666666666666,0.8308479570091428,0.6136363636363639,1.0826773859655436,0.4318181818181818,-0.9355133531145432,0.5611510791366883,0.24755415025398972,0.6614785992217899,1.3893578075754882,0.36944444444444446,-0.5134934976419518,0.68,-0.3238903494208703
2024-03-24,35.9,25.5,29.5,68,0.0,0.0,1010.7,20.8,135,22.1,0,0.7407407407407407,1.634145113006128,0.6666666666666666,0.8308479570091428,0.6590909090909092,1.3763522700945499,0.4318181818181818,-0.9355133531145432,0.6618705035971266,0.9634619363212059,0.6381322957198442,1.2476904948539664,0.375,-0.4893441491647008,0.6720000000000002,-0.3688905206430433
2024-03-25,36.4,25.3,29.6,69,0.0,0.0,1010.4,22.1,135,22.7,0,0.7777777777777778,1.8654556910681608,0.6491228070175439,0.6867258002634788,0.6704545454545456,1.4497709911268026,0.45454545454545453,-0.8395460861964865,0.6402877697841721,0.8100531250210632,0.688715953307393,1.5546363390839317,0.375,-0.4893441491647008,0.72,-0.0988894933100007
2024-03-26,38.1,25.8,30.5,62,0.0,0.0,1011.2,25.2,129,21.5,0,0.9037037037037039,2.651911656479074,0.6929824561403509,1.04703119212764,0.7727272727272727,2.1105394804170676,0.29545454545454547,-1.5113169546228835,0.6978417266187095,1.2191432884880522,0.809338521400778,2.2865841214784632,0.35833333333333334,-0.561792194596454,0.6240000000000001,-0.6388915479760875
2024-03-27,36.9,26.8,30.7,60,0.6,3.0,1012.2,18.5,121,21.4,0,0.8148148148148148,2.096766269130194,0.780701754385965,1.7676419758559623,0.7954545454545454,2.2573769224815705,0.25,-1.703251488458997,0.769784172661875,1.7305059928217448,0.5486381322957198,0.7046324627547973,0.33611111111111114,-0.6583895885054585,0.616,-0.6838917191982621
2024-03-28,36.0,26.3,30.4,66,0.0,0.0,1010.7,16.1,143,22.9,0,0.7481481481481482,1.6804072286185352,0.736842105263158,1.4073365839918013,0.7613636363636362,2.037120759384815,0.38636363636363635,-1.1274478869506568,0.6618705035971266,0.9634619363212059,0.45525291828793774,0.13796321186870833,0.3972222222222222,-0.3927467552556964,0.736,-0.008889150865653173
2024-03-29,36.0,26.1,30.1,69,0.1,1.0,1010.4,20.9,138,23.2,0,0.7481481481481482,1.6804072286185352,0.7192982456140352,1.2632144272461372,0.7272727272727274,1.8168645962880614,0.45454545454545453,-0.8395460861964865,0.6402877697841721,0.8100531250210632,0.6420233463035019,1.2713017136408864,0.38333333333333336,-0.45312012644882416,0.76,0.12611136280086893
2024-03-30,36.6,26.4,30.4,69,0.0,0.0,1011.6,19.8,134,23.3,0,0.7925925925925928,1.9579799222929752,0.7456140350877192,1.4793976623646319,0.7613636363636362,2.037120759384815,0.45454545454545453,-0.8395460861964865,0.726618705035974,1.4236883702215177,0.5992217898832685,1.0115783069847626,0.37222222222222223,-0.5014188234033263,0.7680000000000001,0.1711115340230435
2024-03-31,36.8,26.1,30.5,69,0.6,2.0,1011.0,16.3,141,23.5,0,0.8074074074074074,2.0505041535177866,0.7192982456140352,1.2632144272461372,0.7727272727272727,2.1105394804170676,0.45454545454545453,-0.8395460861964865,0.683453237410073,1.1168707476212905,0.4630350194552529,0.18518564944254895,0.39166666666666666,-0.4168961037329475,0.784,0.26111187646739104
2024-04-01,36.2,26.6,30.6,70,0.2,2.0,1009.0,17.6,154,23.8,0,0.7629629629629633,1.7729314598433497,0.7631578947368423,1.6235198191102984,0.7840909090909093,2.1839582014493204,0.4772727272727273,-0.7435788192784298,0.5395683453237419,0.0941453389539052,0.5136186770428015,0.4921314936725142,0.42777777777777776,-0.2599253386308154,0.8080000000000002,0.39611239013391314
2024-04-02,36.0,27.2,30.4,68,0.2,2.0,1008.2,17.6,151,23.3,0,0.7481481481481482,1.6804072286185352,0.8157894736842104,2.0558862893472902,0.7613636363636362,2.037120759384815,0.4318181818181818,-0.9355133531145432,0.4820143884892127,-0.31494482451302563,0.5136186770428015,0.4921314936725142,0.41944444444444445,-0.29614936134669206,0.7680000000000001,0.1711115340230435
2024-04-03,36.4,26.1,30.5,66,0.0,0.0,1008.7,18.8,152,22.5,0,0.7777777777777778,1.8654556910681608,0.7192982456140352,1.2632144272461372,0.7727272727272727,2.1105394804170676,0.38636363636363635,-1.1274478869506568,0.5179856115107955,-0.05926347234617934,0.5603112840466925,0.7754661191155587,0.4222222222222222,-0.2840746871080665,0.7040000000000001,-0.18888983575434823
2024-04-04,36.4,26.8,30.7,66,0.2,2.0,1008.1,19.3,146,23.1,0,0.7777777777777778,1.8654556910681608,0.780701754385965,1.7676419758559623,0.7954545454545454,2.2573769224815705,0.38636363636363635,-1.1274478869506568,0.4748201438848945,-0.36608109494640656,0.5797665369649805,0.8935222130501607,0.40555555555555556,-0.3565227325398198,0.7520000000000002,0.08111119157869595
2024-04-05,35.9,27.2,30.4,68,0.5,5.0,1007.8,22.5,143,23.3,0,0.7407407407407407,1.634145113006128,0.8157894736842104,2.0558862893472902,0.7613636363636362,2.037120759384815,0.4318181818181818,-0.9355133531145432,0.4532374100719399,-0.5194899062465492,0.7042801556420233,1.649081214231613,0.3972222222222222,-0.3927467552556964,0.7680000000000001,0.1711115340230435
2024-04-06,35.7,26.6,30.3,62,0.0,0.0,1008.3,19.8,135,21.6,0,0.7259259259259262,1.5416208817813168,0.7631578947368423,1.6235198191102984,0.7500000000000001,1.9637020383525645,0.29545454545454547,-1.5113169546228835,0.4892086330935227,-0.2638085540797029,0.5992217898832685,1.0115783069847626,0.375,-0.4893441491647008,0.6320000000000001,-0.5938913767539129
2024-04-07,37.2,26.3,30.6,66,0.0,0.0,1007.7,22.7,130,22.9,0,0.8370370370370374,2.2355526159674155,0.736842105263158,1.4073365839918013,0.7840909090909093,2.1839582014493204,0.38636363636363635,-1.1274478869506568,0.4460431654676299,-0.5706261766798719,0.7120622568093383,1.6963036518054535,0.3611111111111111,-0.5497175203578285,0.736,-0.008889150865653173
2024-04-08,36.6,26.5,30.8,67,0.0,0.0,1008.3,22.1,133,23.3,0,0.7925925925925928,1.9579799222929752,0.7543859649122807,1.5514587407374651,0.8068181818181819,2.3307956435138233,0.4090909090909091,-1.0314806200325999,0.4892086330935227,-0.2638085540797029,0.688715953307393,1.5546363390839317,0.36944444444444446,-0.5134934976419518,0.7680000000000001,0.1711115340230435
2024-04-09,39.1,26.7,31.2,62,0.0,0.0,1008.6,23.9,125,22.0,0,0.977777777777778,3.114532812603139,0.7719298245614035,1.695580897483129,0.8522727272727272,2.6244705276428295,0.29545454545454547,-1.5113169546228835,0.5107913669064773,-0.11039974277956023,0.7587548638132295,1.979638277248498,0.3472222222222222,-0.6100908915509563,0.664,-0.4138906918652179
2024-04-10,38.0,26.8,31.5,56,0.0,0.0,1009.7,23.9,116,20.7,0,0.8962962962962964,2.6056495408666667,0.780701754385965,1.7676419758559623,0.8863636363636364,2.844726690739585,0.1590909090909091,-2.087120556131224,0.589928057553961,0.4520992319875133,0.7587548638132295,1.979638277248498,0.32222222222222224,-0.7187629596985862,0.56,-0.9988929177534792
2024-04-11,39.2,26.6,31.4,56,0.4,1.0,1009.0,20.7,122,20.8,0,0.9851851851851855,3.1607949282155463,0.7631578947368423,1.6235198191102984,0.8749999999999999,2.7713079697073324,0.1590909090909091,-2.087120556131224,0.5395683453237419,0.0941453389539052,0.6342412451361866,1.2240792760670458,0.3388888888888889,-0.6463149142668329,0.5680000000000001,-0.9538927465313046
2024-04-12,39.2,26.7,31.4,59,0.0,0.0,1008.7,23.5,129,21.3,0,0.9851851851851855,3.1607949282155463,0.7719298245614035,1.695580897483129,0.8749999999999999,2.7713079697073324,0.22727272727272727,-1.7992187553770538,0.5179856115107955,-0.05926347234617934,0.7431906614785992,1.8851934021008168,0.35833333333333334,-0.561792194596454,0.6080000000000001,-0.728891890420435
2024-04-13,35.2,27.5,30.7,65,0.2,2.0,1008.8,18.5,136,23.0,0,0.6888888888888892,1.310310303719284,0.8421052631578947,2.2720695244657874,0.7954545454545454,2.2573769224815705,0.36363636363636365,-1.2234151538687135,0.5251798561151055,-0.008127201912856584,0.5486381322957198,0.7046324627547973,0.37777777777777777,-0.47726947492607524,0.7440000000000001,0.03611102035652139
2024-04-14,37.2,26.3,30.6,65,0.0,0.0,1009.5,24.5,138,22.6,0,0.8370370370370374,2.2355526159674155,0.736842105263158,1.4073365839918013,0.7840909090909093,2.1839582014493204,0.36363636363636365,-1.2234151538687135,0.5755395683453247,0.3498266911207515,0.7821011673151751,2.121305589970021,0.38333333333333336,-0.45312012644882416,0.7120000000000002,-0.14388966453217367
2024-04-15,36.4,26.9,30.7,66,0.1,1.0,1010.1,21.2,140,23.0,0,0.7777777777777778,1.8654556910681608,0.7894736842105262,1.839703054228793,0.7954545454545454,2.2573769224815705,0.38636363636363635,-1.1274478869506568,0.6187050359712256,0.6566443137209788,0.6536964980544745,1.3421353700016476,0.3888888888888889,-0.42897077797157307,0.7440000000000001,0.03611102035652139
2024-04-16,37.8,27.0,31.1,65,0.0,0.0,1008.7,25.2,134,22.8,0,0.8814814814814814,2.513125309641852,0.7982456140350876,1.9117641326016264,0.840909090909091,2.551051806610579,0.36363636363636365,-1.2234151538687135,0.5179856115107955,-0.05926347234617934,0.809338521400778,2.2865841214784632,0.37222222222222223,-0.5014188234033263,0.7280000000000001,-0.05388932208782614
2024-04-17,36.7,27.1,31.0,62,0.0,0.0,1008.4,19.7,144,22.2,0,0.8000000000000003,2.0042420379053825,0.8070175438596492,1.9838252109744596,0.8295454545454546,2.477633085578326,0.29545454545454547,-1.5113169546228835,0.4964028776978409,-0.212672283646322,0.5953307392996108,0.9879670881978418,0.4,-0.3806720810170709,0.68,-0.3238903494208703
2024-04-18,37.2,25.8,30.7,64,0.0,0.0,1007.5,20.8,157,22.4,0,0.8370370370370374,2.2355526159674155,0.6929824561403509,1.04703119212764,0.7954545454545454,2.2573769224815705,0.3409090909090909,-1.3193824207867701,0.4316546762589935,-0.6728987175466338,0.6381322957198442,1.2476904948539664,0.4361111111111111,-0.22370131591493878,0.696,-0.2338900069765228
2024-04-19,36.7,26.6,30.6,67,0.7,6.0,1006.5,19.0,156,23.2,0,0.8000000000000003,2.0042420379053825,0.7631578947368423,1.6235198191102984,0.7840909090909093,2.1839582014493204,0.4090909090909091,-1.0314806200325999,0.35971223021582793,-1.1842614218803265,0.5680933852140077,0.8226885566893993,0.43333333333333335,-0.23577599015356432,0.76,0.12611136280086893
2024-04-20,36.4,26.7,30.8,63,0.2,1.0,1006.5,18.5,151,22.3,0,0.7777777777777778,1.8654556910681608,0.7719298245614035,1.695580897483129,0.8068181818181819,2.3307956435138233,0.3181818181818182,-1.4153496877048268,0.35971223021582793,-1.1842614218803265,0.5486381322957198,0.7046324627547973,0.41944444444444445,-0.29614936134669206,0.6880000000000002,-0.27889017819869577
2024-04-21,37.3,26.6,31.0,61,0.1,1.0,1007.2,19.8,152,22.0,0,0.8444444444444443,2.281814731579819,0.7631578947368423,1.6235198191102984,0.8295454545454546,2.477633085578326,0.2727272727272727,-1.6072842215409402,0.4100719424460471,-0.8263075288467183,0.5992217898832685,1.0115783069847626,0.4222222222222222,-0.2840746871080665,0.664,-0.4138906918652179
2024-04-22,36.7,27.0,31.2,63,0.0,0.0,1007.0,18.8,145,22.8,0,0.8000000000000003,2.0042420379053825,0.7982456140350876,1.9117641326016264,0.8522727272727272,2.6244705276428295,0.3181818181818182,-1.4153496877048268,0.3956834532374107,-0.9285800697134801,0.5603112840466925,0.7754661191155587,0.4027777777777778,-0.3685974067784453,0.7280000000000001,-0.05388932208782614
2024-04-23,37.1,26.5,31.2,62,0.0,0.0,1006.8,18.5,148,22.1,0,0.8296296296296298,2.1892905003550083,0.7543859649122807,1.5514587407374651,0.8522727272727272,2.6244705276428295,0.29545454545454547,-1.5113169546228835,0.38129496402877433,-1.0308526105802418,0.5486381322957198,0.7046324627547973,0.4111111111111111,-0.33237338406256867,0.6720000000000002,-0.3688905206430433
2024-04-24,37.8,27.5,31.7,65,0.0,0.0,1006.5,20.0,143,23.7,0,0.8814814814814814,2.513125309641852,0.8421052631578947,2.2720695244657874,0.9090909090909091,2.991564132804088,0.36363636363636365,-1.2234151538687135,0.35971223021582793,-1.1842614218803265,0.6070038910505836,1.0588007445586032,0.3972222222222222,-0.3927467552556964,0.8,0.35111221891173855
2024-04-25,38.4,27.9,32.1,66,0.0,0.0,1006.6,20.8,141,24.2,0,0.9259259259259259,2.790698003316292,0.8771929824561402,2.5603138379571155,0.9545454545454547,3.285239016933097,0.38636363636363635,-1.1274478869506568,0.3669064748201461,-1.1331251514469454,0.6381322957198442,1.2476904948539664,0.39166666666666666,-0.4168961037329475,0.84,0.5761130750226082
2024-04-26,37.7,28.4,32.0,66,0.3,2.0,1006.3,21.4,147,24.2,0,0.8740740740740743,2.466863194029448,0.9210526315789472,2.9206192298212765,0.9431818181818182,3.211820295900844,0.38636363636363635,-1.1274478869506568,0.34532374100719154,-1.2865339627470882,0.6614785992217899,1.3893578075754882,0.4083333333333333,-0.34444805830119424,0.84,0.5761130750226082
2024-04-27,38.2,27.8,32.1,66,0.0,0.0,1006.0,18.4,146,24.2,0,0.9111111111111114,2.6981737720914807,0.868421052631579,2.488252759584285,0.9545454545454547,3.285239016933097,0.38636363636363635,-1.1274478869506568,0.32374100719424515,-1.4399427740471726,0.5447470817120621,0.6810212439678767,0.40555555555555556,-0.3565227325398198,0.84,0.5761130750226082
2024-04-28,37.9,28.0,32.1,64,0.6,2.0,1007.3,18.0,156,23.7,0,0.8888888888888888,2.5593874252542594,0.8859649122807017,2.632374916329949,0.9545454545454547,3.285239016933097,0.3409090909090909,-1.3193824207867701,0.4172661870503571,-0.7751712584133955,0.5291828793774318,0.5865763688201954,0.43333333333333335,-0.23577599015356432,0.8,0.35111221891173855
2024-04-29,38.5,27.6,32.1,66,0.3,3.0,1007.5,21.8,156,24.2,0,0.9333333333333335,2.8369601189286993,0.8508771929824562,2.3441306028386206,0.9545454545454547,3.285239016933097,0.38636363636363635,-1.1274478869506568,0.4316546762589935,-0.6728987175466338,0.67704280155642,1.4838026827231703,0.43333333333333335,-0.23577599015356432,0.84,0.5761130750226082
2024-04-30,38.3,27.8,32.1,67,0.2,2.0,1005.7,20.9,153,24.5,0,0.9185185185185184,2.744435887703885,0.868421052631579,2.488252759584285,0.9545454545454547,3.285239016933097,0.4090909090909091,-1.0314806200325999,0.30215827338129875,-1.5933515853472573,0.6420233463035019,1.2713017136408864,0.425,-0.272000012869441,0.8640000000000001,0.7111135886891303
2024-05-01,37.8,28.1,32.2,65,0.0,0.0,1005.1,19.2,158,24.2,0,0.8814814814814814,2.513125309641852,0.8947368421052633,2.704435994702782,0.9659090909090913,3.3586577379653497,0.36363636363636365,-1.2234151538687135,0.25899280575539774,-1.9001692079474843,0.5758754863813228,0.8699109942632399,0.4388888888888889,-0.21162664167631323,0.84,0.5761130750226082
2024-05-02,38.2,29.3,32.5,62,0.7,5.0,1006.2,19.3,152,23.6,0,0.9111111111111114,2.6981737720914807,1.0,3.5691689351767684,1.0,3.5789139010621027,0.29545454545454547,-1.5113169546228835,0.33812949640288154,-1.337670233180411,0.5797665369649805,0.8935222130501607,0.4222222222222222,-0.2840746871080665,0.7920000000000001,0.30611204768956557
2024-05-03,37.9,28.9,32.5,62,0.1,1.0,1007.0,19.5,139,23.8,0,0.8888888888888888,2.5593874252542594,0.9649122807017542,3.280924621685438,1.0,3.5789139010621027,0.29545454545454547,-1.5113169546228835,0.3956834532374107,-0.9285800697134801,0.5875486381322956,0.9407446506240013,0.3861111111111111,-0.4410454522101986,0.8080000000000002,0.39611239013391314
2024-05-04,37.5,27.9,30.9,68,4.6,7.0,1007.3,11.6,142,24.0,0,0.8592592592592594,2.3743389628046336,0.8771929824561402,2.5603138379571155,0.818181818181818,2.4042143645460734,0.4318181818181818,-0.9355133531145432,0.4172661870503571,-0.7751712584133955,0.28015564202334625,-0.9245416335427096,0.39444444444444443,-0.404821429494322,0.8240000000000001,0.48611273257826065
2024-05-05,34.9,27.1,29.7,76,8.0,7.0,1007.3,16.4,144,24.7,0,0.6666666666666666,1.1715239568820623,0.8070175438596492,1.9838252109744596,0.6818181818181818,1.5231897121590527,0.6136363636363636,-0.1677752177700895,0.4172661870503571,-0.7751712584133955,0.4669260700389104,0.20879686822946883,0.4,-0.3806720810170709,0.88,0.8011139311334778
2024-05-06,33.3,27.0,29.8,77,0.1,1.0,1008.1,15.2,129,25.0,0,0.548148148148148,0.43133010708355674,0.7982456140350876,1.9117641326016264,0.6931818181818182,1.5966084331913055,0.6363636363636364,-0.07180795085203279,0.4748201438848945,-0.36608109494640656,0.42023346303501935,-0.07453775721357567,0.35833333333333334,-0.561792194596454,0.904,0.9361144448
2024-05-07,33.4,26.7,29.5,78,9.8,5.0,1009.4,16.8,125,25.1,0,0.5555555555555556,0.47759222269596396,0.7719298245614035,1.695580897483129,0.6590909090909092,1.3763522700945499,0.6590909090909091,0.02415931606602393,0.5683453237410064,0.2986904206873706,0.4824902723735408,0.3032417433771509,0.3472222222222222,-0.6100908915509563,0.9120000000000001,0.9811146160221744
2024-05-08,35.1,26.9,30.2,75,1.0,2.0,1008.3,13.6,108,25.0,0,0.6814814814814817,1.2640481881068768,0.7894736842105262,1.839703054228793,0.7386363636363635,1.8902833173203117,0.5909090909090909,-0.2637424846881462,0.4892086330935227,-0.2638085540797029,0.357976653696498,-0.4523172578043018,0.3,-0.8153603536075905,0.904,0.9361144448
2024-05-09,35.6,27.5,30.4,74,3.6,8.0,1007.9,20.7,119,24.9,0,0.7185185185185188,1.4953587661689096,0.8421052631578947,2.2720695244657874,0.7613636363636362,2.037120759384815,0.5681818181818182,-0.35970975160620294,0.46043165467625813,-0.4683536358131683,0.6342412451361866,1.2240792760670458,0.33055555555555555,-0.6825389369827095,0.8959999999999999,0.8911142735778254
2024-05-10,34.9,27.4,30.5,72,1.0,6.0,1008.2,22.8,121,24.6,0,0.6666666666666666,1.1715239568820623,0.8333333333333331,2.200008446092954,0.7727272727272727,2.1105394804170676,0.5227272727272727,-0.5516442854423164,0.4820143884892127,-0.31494482451302563,0.715953307392996,1.7199148705923744,0.33611111111111114,-0.6583895885054585,0.8720000000000002,0.7561137599113048
2024-05-11,36.1,27.4,30.6,74,2.2,3.0,1009.0,20.6,128,25.2,0,0.7555555555555558,1.7266693442309424,0.8333333333333331,2.200008446092954,0.7840909090909093,2.1839582014493204,0.5681818181818182,-0.35970975160620294,0.5395683453237419,0.0941453389539052,0.6303501945525293,1.2004680572801258,0.35555555555555557,-0.5738668688350796,0.92,1.0261147872443475
2024-05-12,35.3,27.8,30.7,74,2.2,8.0,1008.5,19.4,129,25.2,0,0.6962962962962962,1.356572419331688,0.868421052631579,2.488252759584285,0.7954545454545454,2.2573769224815705,0.5681818181818182,-0.35970975160620294,0.5035971223021591,-0.16153601321294112,0.583657587548638,0.9171334318370805,0.35833333333333334,-0.561792194596454,0.92,1.0261147872443475
2024-05-13,35.2,26.7,30.4,75,7.4,12.0,1007.8,23.2,150,25.0,0,0.6888888888888892,1.310310303719284,0.7719298245614035,1.695580897483129,0.7613636363636362,2.037120759384815,0.5909090909090909,-0.2637424846881462,0.4532374100719399,-0.5194899062465492,0.7315175097276263,1.8143597457400555,0.4166666666666667,-0.3082240355853176,0.904,0.9361144448
2024-05-14,35.7,26.2,30.4,73,1.2,3.0,1008.1,16.0,113,24.6,0,0.7259259259259262,1.5416208817813168,0.7280701754385964,1.335275505618968,0.7613636363636362,2.037120759384815,0.5454545454545454,-0.4556770185242597,0.4748201438848945,-0.36608109494640656,0.4513618677042801,0.11435199308178762,0.3138888888888889,-0.7549869824144628,0.8720000000000002,0.7561137599113048
2024-05-15,35.3,26.9,30.1,74,7.7,8.0,1008.6,25.9,123,24.8,0,0.6962962962962962,1.356572419331688,0.7894736842105262,1.839703054228793,0.7272727272727274,1.8168645962880614,0.5681818181818182,-0.35970975160620294,0.5107913669064773,-0.11039974277956023,0.8365758754863812,2.4518626529869056,0.3416666666666667,-0.6342402400282073,0.8880000000000001,0.8461141023556523
2024-05-16,33.4,26.5,29.1,81,5.2,7.0,1008.5,14.1,112,25.5,0,0.5555555555555556,0.47759222269596396,0.7543859649122807,1.5514587407374651,0.6136363636363639,1.0826773859655436,0.7272727272727273,0.3120611168201941,0.5035971223021591,-0.16153601321294112,0.37743190661478593,-0.3342611638696999,0.3111111111111111,-0.7670616566530883,0.9440000000000001,1.1611153009108695
2024-05-17,32.6,26.6,29.3,81,4.1,5.0,1008.1,17.2,145,25.6,0,0.4962962962962965,0.1074952977967128,0.7631578947368423,1.6235198191102984,0.6363636363636365,1.2295148280300467,0.7272727272727273,0.3120611168201941,0.4748201438848945,-0.36608109494640656,0.4980544747081711,0.3976866185248321,0.4027777777777778,-0.3685974067784453,0.9520000000000002,1.206115472133044
2024-05-18,34.3,26.0,29.3,80,0.2,2.0,1006.5,17.2,146,25.2,0,0.6222222222222221,0.8939512632076224,0.7105263157894737,1.191153348873304,0.6363636363636365,1.2295148280300467,0.7045454545454546,0.21609384990213737,0.35971223021582793,-1.1842614218803265,0.4980544747081711,0.3976866185248321,0.40555555555555556,-0.3565227325398198,0.92,1.0261147872443475
2024-05-19,33.5,26.4,29.1,83,6.1,8.0,1005.4,11.5,193,25.7,0,0.5629629629629631,0.5238543383083711,0.7456140350877192,1.4793976623646319,0.6136363636363639,1.0826773859655436,0.7727272727272727,0.5039956506563075,0.28057553956834413,-1.7467603966474,0.2762645914396887,-0.9481528523296299,0.5361111111111111,0.2109869566755809,0.96,1.251115643355217
2024-05-20,32.0,25.8,28.1,86,49.9,15.0,1005.9,13.3,167,25.3,1,0.45185185185185195,-0.17007739587772722,0.6929824561403509,1.04703119212764,0.5000000000000002,0.34849017564302603,0.8409090909090909,0.7918974514104776,0.3165467625899269,-1.4910790444805535,0.3463035019455253,-0.5231509141650628,0.4638888888888889,-0.10295457352868331,0.9280000000000002,1.071114958466522
2024-05-21,32.3,25.4,27.9,85,34.2,12.0,1006.8,10.1,188,24.9,1,0.474074074074074,-0.03129104904050886,0.6578947368421051,0.7587868786363096,0.4772727272727271,0.2016527335785204,0.8181818181818182,0.695930184492421,0.38129496402877433,-1.0308526105802418,0.22178988326848245,-1.2787099153465153,0.5222222222222223,0.15061358548245316,0.8959999999999999,0.8911142735778254
2024-05-22,33.4,25.8,29.0,82,7.1,5.0,1007.0,13.8,183,25.4,0,0.5555555555555556,0.47759222269596396,0.6929824561403509,1.04703119212764,0.6022727272727273,1.0092586649332909,0.75,0.4080283837382508,0.3956834532374107,-0.9285800697134801,0.3657587548638132,-0.4050948202304608,0.5083333333333333,0.09024021428932542,0.9359999999999999,1.1161151296886949
2024-05-23,32.4,26.5,29.0,85,9.1,6.0,1006.9,15.2,154,26.0,0,0.48148148148148145,0.014971066571898358,0.7543859649122807,1.5514587407374651,0.6022727272727273,1.0092586649332909,0.8181818181818182,0.695930184492421,0.3884892086330925,-0.9797163401468609,0.42023346303501935,-0.07453775721357567,0.42777777777777776,-0.2599253386308154,0.9840000000000001,1.386116157021739
2024-05-24,34.2,26.8,30.0,79,0.6,3.0,1006.9,15.5,120,25.6,0,0.6148148148148151,0.8476891475952184,0.780701754385965,1.7676419758559623,0.7159090909090909,1.7434458752558086,0.6818181818181818,0.12012658298408065,0.3884892086330925,-0.9797163401468609,0.4319066147859922,-0.003704100852814333,0.3333333333333333,-0.670464262744084,0.9520000000000002,1.206115472133044
2024-05-25,33.7,27.2,30.3,78,0.6,3.0,1007.2,14.8,139,25.8,0,0.5777777777777781,0.6163785695331856,0.8157894736842104,2.0558862893472902,0.7500000000000001,1.9637020383525645,0.6590909090909091,0.02415931606602393,0.4100719424460471,-0.8263075288467183,0.40466926070038906,-0.16898263236125688,0.3861111111111111,-0.4410454522101986,0.9680000000000001,1.2961158145773917
2024-05-26,33.7,26.3,29.3,82,2.0,8.0,1008.2,14.1,167,25.8,0,0.5777777777777781,0.6163785695331856,0.736842105263158,1.4073365839918013,0.6363636363636365,1.2295148280300467,0.75,0.4080283837382508,0.4820143884892127,-0.31494482451302563,0.37743190661478593,-0.3342611638696999,0.4638888888888889,-0.10295457352868331,0.9680000000000001,1.2961158145773917
2024-05-27,34.5,27.1,30.1,80,1.4,5.0,1006.6,10.4,207,26.0,0,0.6370370370370372,0.9864754944324368,0.8070175438596492,1.9838252109744596,0.7272727272727274,1.8168645962880614,0.7045454545454546,0.21609384990213737,0.3669064748201461,-1.1331251514469454,0.23346303501945523,-1.2078762589857541,0.575,0.38003239601633854,0.9840000000000001,1.386116157021739
2024-05-28,32.7,25.2,28.6,84,28.1,11.0,1006.9,10.5,258,25.4,1,0.503703703703704,0.15375741340912003,0.6403508771929824,0.6146647218906456,0.556818181818182,0.7155837808042849,0.7954545454545454,0.5999629175743643,0.3884892086330925,-0.9797163401468609,0.2373540856031128,-1.1842650401988337,0.7166666666666667,0.9958407821862414,0.9359999999999999,1.1161151296886949
2024-05-29,33.8,26.7,28.9,83,20.8,7.0,1006.3,16.3,260,25.6,1,0.585185185185185,0.6626406851455896,0.7719298245614035,1.695580897483129,0.5909090909090908,0.9358399439010381,0.7727272727272727,0.5039956506563075,0.34532374100719154,-1.2865339627470882,0.4630350194552529,0.18518564944254895,0.7222222222222222,1.0199901306634924,0.9520000000000002,1.206115472133044
2024-05-30,31.4,26.2,28.2,87,12.5,13.0,1006.7,17.2,224,25.7,0,0.4074074074074074,-0.44765008955216723,0.7280701754385964,1.335275505618968,0.5113636363636364,0.4219088966752762,0.8636363636363636,0.8878647183285344,0.3741007194244643,-1.0819888810135645,0.4980544747081711,0.3976866185248321,0.6222222222222222,0.5853018580729729,0.96,1.251115643355217
2024-05-31,32.0,25.9,27.7,86,15.2,11.0,1007.8,19.4,205,25.2,1,0.45185185185185195,-0.17007739587772722,0.7017543859649121,1.1190922705004707,0.45454545454545453,0.05481529151401737,0.8409090909090909,0.7918974514104776,0.4532374100719399,-0.5194899062465492,0.583657587548638,0.9171334318370805,0.5694444444444444,0.35588304753908745,0.92,1.0261147872443475
2024-06-01,33.3,25.8,28.5,83,3.5,5.0,1009.5,15.3,221,25.0,0,0.548148148148148,0.43133010708355674,0.6929824561403509,1.04703119212764,0.5454545454545455,0.6421650597720321,0.7727272727272727,0.5039956506563075,0.5755395683453247,0.3498266911207515,0.42412451361867703,-0.05092653842665494,0.6138888888888889,0.5490778353570962,0.904,0.9361144448
2024-06-02,33.7,25.7,29.4,80,0.4,2.0,1009.7,12.3,330,25.3,0,0.5777777777777781,0.6163785695331856,0.6842105263157894,0.9749701137548068,0.6477272727272726,1.3029335490622969,0.7045454545454546,0.21609384990213737,0.589928057553961,0.4520992319875133,0.3073929961089494,-0.7592631020342666,0.9166666666666666,1.8652173273672807,0.9280000000000002,1.071114958466522
2024-06-03,34.6,26.4,29.8,77,0.8,2.0,1008.4,17.8,294,25.2,0,0.6444444444444447,1.032737610044844,0.7456140350877192,1.4793976623646319,0.6931818181818182,1.5966084331913055,0.6363636363636364,-0.07180795085203279,0.4964028776978409,-0.212672283646322,0.5214007782101167,0.5393539312463548,0.8166666666666667,1.430529054776761,0.92,1.0261147872443475
2024-06-04,34.6,26.4,30.3,76,0.0,0.0,1007.6,10.2,248,25.3,0,0.6444444444444447,1.032737610044844,0.7456140350877192,1.4793976623646319,0.7500000000000001,1.9637020383525645,0.6136363636363636,-0.1677752177700895,0.43884892086331173,-0.6217624471132528,0.22568093385214,-1.2550986965595952,0.6888888888888889,0.8750940397999859,0.9280000000000002,1.071114958466522
2024-06-05,34.0,27.4,29.6,80,5.6,6.0,1008.6,13.0,238,25.7,0,0.6000000000000001,0.755164916370404,0.8333333333333331,2.200008446092954,0.6704545454545456,1.4497709911268026,0.7045454545454546,0.21609384990213737,0.5107913669064773,-0.11039974277956023,0.3346303501945525,-0.5939845705258241,0.6611111111111111,0.7543472974137305,0.96,1.251115643355217
2024-06-06,34.2,27.0,30.0,77,0.1,1.0,1008.8,9.9,287,25.2,0,0.6148148148148151,0.8476891475952184,0.7982456140350876,1.9117641326016264,0.7159090909090909,1.7434458752558086,0.6363636363636364,-0.07180795085203279,0.5251798561151055,-0.008127201912856584,0.2140077821011673,-1.3259323529203562,0.7972222222222223,1.3460063351063822,0.92,1.0261147872443475
2024-06-07,33.3,26.9,29.1,79,1.7,7.0,1007.5,9.3,268,24.9,0,0.548148148148148,0.43133010708355674,0.7894736842105262,1.839703054228793,0.6136363636363639,1.0826773859655436,0.6818181818181818,0.12012658298408065,0.4316546762589935,-0.6728987175466338,0.19066147859922178,-1.4675996656418784,0.7444444444444445,1.1165875245724968,0.8959999999999999,0.8911142735778254
2024-06-08,34.1,26.0,28.9,79,12.7,6.0,1006.4,12.6,240,24.5,0,0.6074074074074076,0.8014270319828112,0.7105263157894737,1.191153348873304,0.5909090909090908,0.9358399439010381,0.6818181818181818,0.12012658298408065,0.3525179856115097,-1.2353976923137073,0.3190661478599221,-0.6884294456735057,0.6666666666666666,0.7784966458909816,0.8640000000000001,0.7111135886891303
2024-06-09,30.9,26.1,27.6,84,10.3,10.0,1007.0,22.9,230,24.6,0,0.37037037037037035,-0.6789606676142,0.7192982456140352,1.2632144272461372,0.4431818181818184,-0.018603429518232836,0.7954545454545454,0.5999629175743643,0.3956834532374107,-0.9285800697134801,0.7198443579766536,1.743526089379294,0.6388888888888888,0.6577499035047261,0.8720000000000002,0.7561137599113048
2024-06-10,31.0,25.6,27.2,84,10.2,8.0,1009.0,18.7,218,24.2,0,0.3777777777777779,-0.6326985520017928,0.6754385964912282,0.9029090353819761,0.3977272727272727,-0.3122783136472415,0.7954545454545454,0.5999629175743643,0.5395683453237419,0.0941453389539052,0.5564202334630349,0.751854900328638,0.6055555555555555,0.5128538126412195,0.84,0.5761130750226082
2024-06-11,33.3,25.1,28.6,78,0.5,3.0,1009.7,18.4,229,24.2,0,0.548148148148148,0.43133010708355674,0.6315789473684211,0.5426036435178149,0.556818181818182,0.7155837808042849,0.6590909090909091,0.02415931606602393,0.589928057553961,0.4520992319875133,0.5447470817120621,0.6810212439678767,0.6361111111111111,0.6456752292661005,0.84,0.5761130750226082
2024-06-12,33.6,25.5,28.9,78,2.3,4.0,1009.8,18.5,268,24.5,0,0.5703703703703705,0.5701164539207784,0.6666666666666666,0.8308479570091428,0.5909090909090908,0.9358399439010381,0.6590909090909091,0.02415931606602393,0.5971223021582711,0.503235502420836,0.5486381322957198,0.7046324627547973,0.7444444444444445,1.1165875245724968,0.8640000000000001,0.7111135886891303
2024-06-13,34.5,26.0,29.4,78,2.0,5.0,1007.9,17.9,279,24.9,0,0.6370370370370372,0.9864754944324368,0.7105263157894737,1.191153348873304,0.6477272727272726,1.3029335490622969,0.6590909090909091,0.02415931606602393,0.46043165467625813,-0.4683536358131683,0.5252918287937742,0.5629651500332746,0.775,1.2494089411973779,0.8959999999999999,0.8911142735778254
2024-06-14,33.8,26.4,29.0,81,10.7,5.0,1006.0,19.2,248,25.3,0,0.585185185185185,0.6626406851455896,0.7456140350877192,1.4793976623646319,0.6022727272727273,1.0092586649332909,0.7272727272727273,0.3120611168201941,0.32374100719424515,-1.4399427740471726,0.5758754863813228,0.8699109942632399,0.6888888888888889,0.8750940397999859,0.9280000000000002,1.071114958466522
2024-06-15,33.8,25.8,28.5,83,5.3,7.0,1005.9,15.2,184,25.1,0,0.585185185185185,0.6626406851455896,0.6929824561403509,1.04703119212764,0.5454545454545455,0.6421650597720321,0.7727272727272727,0.5039956506563075,0.3165467625899269,-1.4910790444805535,0.42023346303501935,-0.07453775721357567,0.5111111111111111,0.10231488852795098,0.9120000000000001,0.9811146160221744
2024-06-16,33.2,26.1,28.6,78,0.2,1.0,1007.0,16.2,208,24.1,0,0.5407407407407411,0.38506799147115284,0.7192982456140352,1.2632144272461372,0.556818181818182,0.7155837808042849,0.6590909090909091,0.02415931606602393,0.3956834532374107,-0.9285800697134801,0.45914396887159525,0.16157443065562824,0.5777777777777777,0.3921070702549641,0.8320000000000002,0.5311129038004352
2024-06-17,33.7,25.4,28.0,82,6.4,7.0,1007.7,22.6,219,24.4,0,0.5777777777777781,0.6163785695331856,0.6578947368421051,0.7587868786363096,0.4886363636363637,0.2750714546107732,0.75,0.4080283837382508,0.4460431654676299,-0.5706261766798719,0.708171206225681,1.6726924330185335,0.6083333333333333,0.5249284868798451,0.856,0.6661134174669557
2024-06-18,34.0,25.4,28.6,81,8.5,8.0,1006.9,16.6,235,24.7,0,0.6000000000000001,0.755164916370404,0.6578947368421051,0.7587868786363096,0.556818181818182,0.7155837808042849,0.7272727272727273,0.3120611168201941,0.3884892086330925,-0.9797163401468609,0.47470817120622566,0.2560193058033103,0.6527777777777778,0.7181232746978539,0.88,0.8011139311334778
2024-06-19,33.4,25.5,28.6,81,6.8,5.0,1005.9,24.6,238,24.8,0,0.5555555555555556,0.47759222269596396,0.6666666666666666,0.8308479570091428,0.556818181818182,0.7155837808042849,0.7272727272727273,0.3120611168201941,0.3165467625899269,-1.4910790444805535,0.7859922178988327,2.1449168087569412,0.6611111111111111,0.7543472974137305,0.8880000000000001,0.8461141023556523
2024-06-20,31.8,26.0,27.4,87,31.0,19.0,1005.5,18.1,253,25.0,1,0.43703703703703717,-0.26260162710254004,0.7105263157894737,1.191153348873304,0.42045454545454536,-0.16544087158273846,0.8636363636363636,0.8878647183285344,0.28776978417266236,-1.695624126214019,0.5330739299610895,0.6101875876071161,0.7027777777777777,0.9354674109931137,0.904,0.9361144448
2024-06-21,31.8,25.3,27.1,87,17.8,15.0,1004.9,14.3,260,24.5,1,0.43703703703703717,-0.26260162710254004,0.6491228070175439,0.6867258002634788,0.3863636363636366,-0.3856970346794917,0.8636363636363636,0.8878647183285344,0.24460431654676135,-2.0024417488142463,0.38521400778210113,-0.28703872629585886,0.7222222222222222,1.0199901306634924,0.8640000000000001,0.7111135886891303
2024-06-22,28.6,25.1,26.4,89,32.5,23.0,1005.4,20.6,239,24.4,1,0.2000000000000002,-1.7429893266995498,0.6315789473684211,0.5426036435178149,0.3068181818181817,-0.8996280819052562,0.9090909090909091,1.0797992521646478,0.28057553956834413,-1.7467603966474,0.6303501945525293,1.2004680572801258,0.6638888888888889,0.766421971652356,0.856,0.6661134174669557
2024-06-23,30.1,24.5,26.4,88,16.3,17.0,1007.0,22.4,225,24.3,1,0.31111111111111134,-1.0490575925134513,0.5789473684210527,0.11023717328082044,0.3068181818181817,-0.8996280819052562,0.8863636363636364,0.9838319852465911,0.3956834532374107,-0.9285800697134801,0.7003891050583657,1.6254699954446923,0.625,0.5973765323115984,0.8480000000000001,0.6211132462447827
2024-06-24,30.6,24.4,26.7,87,16.3,19.0,1007.3,20.9,214,24.4,1,0.3481481481481484,-0.8177470144514184,0.5701754385964911,0.03817609490798718,0.3409090909090909,-0.6793719188085003,0.8636363636363636,0.8878647183285344,0.4172661870503571,-0.7751712584133955,0.6420233463035019,1.2713017136408864,0.5944444444444444,0.46455511568671737,0.856,0.6661134174669557
2024-06-25,31.3,25.0,27.7,83,2.5,8.0,1006.9,13.7,241,24.3,0,0.40000000000000013,-0.49391220516457285,0.6228070175438597,0.4705425651449816,0.45454545454545453,0.05481529151401737,0.7727272727272727,0.5039956506563075,0.3884892086330925,-0.9797163401468609,0.3618677042801556,-0.4287060390173815,0.6694444444444444,0.7905713201296071,0.8480000000000001,0.6211132462447827
2024-06-26,32.6,24.7,28.2,79,1.3,3.0,1007.3,11.6,297,24.0,0,0.4962962962962965,0.1074952977967128,0.5964912280701754,0.2543593300264844,0.5113636363636364,0.4219088966752762,0.6818181818181818,0.12012658298408065,0.4172661870503571,-0.7751712584133955,0.28015564202334625,-0.9245416335427096,0.825,1.4667530774926376,0.8240000000000001,0.48611273257826065
2024-06-27,31.2,25.3,27.2,86,19.8,16.0,1008.6,9.8,107,24.6,0,0.39259259259259266,-0.54017432077698,0.6491228070175439,0.6867258002634788,0.3977272727272727,-0.3122783136472415,0.8409090909090909,0.7918974514104776,0.5107913669064773,-0.11039974277956023,0.21011673151750973,-1.3495435717072763,0.2972222222222222,-0.8274350278462161,0.8720000000000002,0.7561137599113048
2024-06-28,31.3,24.9,27.5,86,9.3,10.0,1008.6,17.3,140,24.9,0,0.40000000000000013,-0.49391220516457285,0.6140350877192982,0.39848148677214834,0.4318181818181819,-0.09202215055048565,0.8409090909090909,0.7918974514104776,0.5107913669064773,-0.11039974277956023,0.5019455252918288,0.42129783731175285,0.3888888888888889,-0.42897077797157307,0.8959999999999999,0.8911142735778254
2024-06-29,31.5,25.7,28.3,84,2.2,9.0,1009.0,20.9,157,25.2,0,0.4148148148148149,-0.40138797393976006,0.6842105263157894,0.9749701137548068,0.5227272727272728,0.49532761770752903,0.7954545454545454,0.5999629175743643,0.5395683453237419,0.0941453389539052,0.6420233463035019,1.2713017136408864,0.4361111111111111,-0.22370131591493878,0.92,1.0261147872443475
2024-06-30,32.7,25.5,28.0,83,4.8,4.0,1009.5,11.7,208,24.6,0,0.503703703703704,0.15375741340912003,0.6666666666666666,0.8308479570091428,0.4886363636363637,0.2750714546107732,0.7727272727272727,0.5039956506563075,0.5755395683453247,0.3498266911207515,0.2840466926070038,-0.9009304147557893,0.5777777777777777,0.3921070702549641,0.8720000000000002,0.7561137599113048
2024-07-01,31.2,24.7,27.9,84,1.7,10.0,1008.2,16.9,258,24.8,0,0.39259259259259266,-0.54017432077698,0.5964912280701754,0.2543593300264844,0.4772727272727271,0.2016527335785204,0.7954545454545454,0.5999629175743643,0.4820143884892127,-0.31494482451302563,0.4863813229571983,0.3268529621640708,0.7166666666666667,0.9958407821862414,0.8880000000000001,0.8461141023556523
2024-07-02,32.3,25.1,27.3,86,17.1,15.0,1006.6,12.5,275,24.6,1,0.474074074074074,-0.03129104904050886,0.6315789473684211,0.5426036435178149,0.4090909090909092,-0.23885959261498868,0.8409090909090909,0.7918974514104776,0.3669064748201461,-1.1331251514469454,0.3151750972762645,-0.712040664460426,0.7638888888888888,1.2011102442428756,0.8720000000000002,0.7561137599113048
2024-07-03,31.1,24.9,27.1,87,16.1,19.0,1008.1,15.5,217,24.6,0,0.3851851851851854,-0.5864364363893856,0.6140350877192982,0.39848148677214834,0.3863636363636366,-0.3856970346794917,0.8636363636363636,0.8878647183285344,0.4748201438848945,-0.36608109494640656,0.4319066147859922,-0.003704100852814333,0.6027777777777777,0.500779138402594,0.8720000000000002,0.7561137599113048
2024-07-04,29.7,24.0,26.2,89,19.7,19.0,1009.7,12.5,215,24.3,0,0.28148148148148155,-1.2341060549630785,0.5350877192982456,-0.2500682185833407,0.28409090909090906,-1.0464655239697591,0.9090909090909091,1.0797992521646478,0.589928057553961,0.4520992319875133,0.3151750972762645,-0.712040664460426,0.5972222222222222,0.4766297899253429,0.8480000000000001,0.6211132462447827
2024-07-05,32.2,24.1,27.1,85,6.0,5.0,1007.7,18.5,260,24.1,0,0.466666666666667,-0.07755316465291279,0.5438596491228072,-0.17800714021050748,0.3863636363636366,-0.3856970346794917,0.8181818181818182,0.695930184492421,0.4460431654676299,-0.5706261766798719,0.5486381322957198,0.7046324627547973,0.7222222222222222,1.0199901306634924,0.8320000000000002,0.5311129038004352
2024-07-06,32.3,24.2,27.8,82,7.3,9.0,1006.0,15.2,191,24.3,0,0.474074074074074,-0.03129104904050886,0.5526315789473684,-0.10594606183767678,0.46590909090909105,0.12823401254627018,0.75,0.4080283837382508,0.32374100719424515,-1.4399427740471726,0.42023346303501935,-0.07453775721357567,0.5305555555555556,0.1868376081983298,0.8480000000000001,0.6211132462447827
2024-07-07,30.7,25.2,27.5,86,5.3,11.0,1006.9,16.6,173,24.8,0,0.3555555555555556,-0.7714848988390128,0.6403508771929824,0.6146647218906456,0.4318181818181819,-0.09202215055048565,0.8409090909090909,0.7918974514104776,0.3884892086330925,-0.9797163401468609,0.47470817120622566,0.2560193058033103,0.48055555555555557,-0.030506528096930035,0.8880000000000001,0.8461141023556523
2024-07-08,31.3,25.2,27.6,86,2.1,10.0,1006.8,15.6,184,25.0,0,0.40000000000000013,-0.49391220516457285,0.6403508771929824,0.6146647218906456,0.4431818181818184,-0.018603429518232836,0.8409090909090909,0.7918974514104776,0.38129496402877433,-1.0308526105802418,0.43579766536964976,0.01990711793410597,0.5111111111111111,0.10231488852795098,0.904,0.9361144448
2024-07-09,31.6,24.8,27.5,84,18.7,8.0,1008.3,14.2,214,24.4,0,0.42222222222222244,-0.35512585832735283,0.605263157894737,0.3264204083993177,0.4318181818181819,-0.09202215055048565,0.7954545454545454,0.5999629175743643,0.4892086330935227,-0.2638085540797029,0.3813229571984435,-0.31064994508277954,0.5944444444444444,0.46455511568671737,0.856,0.6661134174669557
2024-07-10,31.6,24.7,27.2,85,2.1,8.0,1009.4,18.9,206,24.4,0,0.42222222222222244,-0.35512585832735283,0.5964912280701754,0.2543593300264844,0.3977272727272727,-0.3122783136472415,0.8181818181818182,0.695930184492421,0.5683453237410064,0.2986904206873706,0.5642023346303501,0.7990773379024786,0.5722222222222222,0.367957721777713,0.856,0.6661134174669557
2024-07-11,30.2,24.6,26.4,89,15.9,15.0,1008.3,18.7,238,24.3,0,0.3185185185185186,-1.0027954769010456,0.5877192982456142,0.1822982516536537,0.3068181818181817,-0.8996280819052562,0.9090909090909091,1.0797992521646478,0.4892086330935227,-0.2638085540797029,0.5564202334630349,0.751854900328638,0.6611111111111111,0.7543472974137305,0.8480000000000001,0.6211132462447827
2024-07-12,30.4,24.6,26.5,88,12.8,14.0,1006.6,20.6,234,24.2,0,0.3333333333333333,-0.9102712456762329,0.5877192982456142,0.1822982516536537,0.31818181818181823,-0.8262093608730033,0.8863636363636364,0.9838319852465911,0.3669064748201461,-1.1331251514469454,0.6303501945525293,1.2004680572801258,0.65,0.7060486004592282,0.84,0.5761130750226082
2024-07-13,30.2,24.9,26.6,87,21.9,14.0,1004.9,20.9,248,24.2,1,0.3185185185185186,-1.0027954769010456,0.6140350877192982,0.39848148677214834,0.32954545454545475,-0.7527906398407506,0.8636363636363636,0.8878647183285344,0.24460431654676135,-2.0024417488142463,0.6420233463035019,1.2713017136408864,0.6888888888888889,0.8750940397999859,0.84,0.5761130750226082
2024-07-14,30.9,25.2,26.7,86,19.5,15.0,1005.1,27.0,256,24.1,1,0.37037037037037035,-0.6789606676142,0.6403508771929824,0.6146647218906456,0.3409090909090909,-0.6793719188085003,0.8409090909090909,0.7918974514104776,0.25899280575539774,-1.9001692079474843,0.8793774319066148,2.7115860596430306,0.7111111111111111,0.9716914337089904,0.8320000000000002,0.5311129038004352
2024-07-15,30.9,24.9,26.6,87,19.1,11.0,1005.0,20.4,255,24.2,1,0.37037037037037035,-0.6789606676142,0.6140350877192982,0.39848148677214834,0.32954545454545475,-0.7527906398407506,0.8636363636363636,0.8878647183285344,0.25179856115107957,-1.9513054783808652,0.6225680933852139,1.1532456197062844,0.7083333333333334,0.9596167594703647,0.84,0.5761130750226082
2024-07-16,30.5,24.5,26.3,89,15.4,13.0,1005.3,18.9,237,24.4,1,0.34074074074074084,-0.8640091300638256,0.5789473684210527,0.11023717328082044,0.2954545454545456,-0.9730468029375063,0.9090909090909091,1.0797992521646478,0.27338129496402597,-1.7978966670807808,0.5642023346303501,0.7990773379024786,0.6583333333333333,0.7422726231751049,0.856,0.6661134174669557
2024-07-17,29.3,24.6,26.0,90,14.7,19.0,1006.0,24.4,222,24.2,1,0.251851851851852,-1.419154517412704,0.5877192982456142,0.1822982516536537,0.2613636363636364,-1.1933029660342622,0.9318181818181818,1.1757665190827045,0.32374100719424515,-1.4399427740471726,0.7782101167315174,2.0976943711831,0.6166666666666667,0.5611525095957217,0.84,0.5761130750226082
2024-07-18,31.0,24.5,26.6,89,17.7,21.0,1007.1,21.8,231,24.4,1,0.3777777777777779,-0.6326985520017928,0.5789473684210527,0.11023717328082044,0.32954545454545475,-0.7527906398407506,0.9090909090909091,1.0797992521646478,0.4028776978417289,-0.8774437992800992,0.67704280155642,1.4838026827231703,0.6416666666666667,0.6698245777433517,0.856,0.6661134174669557
2024-07-19,29.2,24.3,26.2,89,17.0,15.0,1007.1,20.3,235,24.2,1,0.2444444444444445,-1.4654166330251113,0.5614035087719299,-0.03388498346484352,0.28409090909090906,-1.0464655239697591,0.9090909090909091,1.0797992521646478,0.4028776978417289,-0.8774437992800992,0.6186770428015563,1.1296344009193646,0.6527777777777778,0.7181232746978539,0.84,0.5761130750226082
2024-07-20,28.9,24.3,26.0,90,17.1,21.0,1007.5,15.2,246,24.2,1,0.2222222222222222,-1.6042029798623314,0.5614035087719299,-0.03388498346484352,0.2613636363636364,-1.1933029660342622,0.9318181818181818,1.1757665190827045,0.4316546762589935,-0.6728987175466338,0.42023346303501935,-0.07453775721357567,0.6833333333333333,0.8509446913227349,0.84,0.5761130750226082
2024-07-21,31.1,24.6,26.8,87,16.1,12.0,1007.3,22.2,245,24.4,1,0.3851851851851854,-0.5864364363893856,0.5877192982456142,0.1822982516536537,0.3522727272727274,-0.6059531977762476,0.8636363636363636,0.8878647183285344,0.4172661870503571,-0.7751712584133955,0.6926070038910503,1.5782475578708517,0.6805555555555556,0.8388700170841094,0.856,0.6661134174669557
2024-07-22,31.3,25.0,27.0,88,14.3,11.0,1007.7,23.1,233,24.7,1,0.40000000000000013,-0.49391220516457285,0.6228070175438597,0.4705425651449816,0.37500000000000006,-0.4591157557117445,0.8863636363636364,0.9838319852465911,0.4460431654676299,-0.5706261766798719,0.727626459143969,1.7907485269531356,0.6472222222222223,0.6939739262206027,0.88,0.8011139311334778
2024-07-23,30.9,25.2,27.6,84,5.5,5.0,1007.3,18.8,240,24.7,0,0.37037037037037035,-0.6789606676142,0.6403508771929824,0.6146647218906456,0.4431818181818184,-0.018603429518232836,0.7954545454545454,0.5999629175743643,0.4172661870503571,-0.7751712584133955,0.5603112840466925,0.7754661191155587,0.6666666666666666,0.7784966458909816,0.88,0.8011139311334778
2024-07-24,31.6,25.3,28.0,82,7.0,4.0,1005.5,20.3,242,24.6,0,0.42222222222222244,-0.35512585832735283,0.6491228070175439,0.6867258002634788,0.4886363636363637,0.2750714546107732,0.75,0.4080283837382508,0.28776978417266236,-1.695624126214019,0.6186770428015563,1.1296344009193646,0.6722222222222223,0.8026459943682327,0.8720000000000002,0.7561137599113048
2024-07-25,31.6,25.2,27.3,86,20.9,15.0,1004.5,20.6,237,24.6,1,0.42222222222222244,-0.35512585832735283,0.6403508771929824,0.6146647218906456,0.4090909090909092,-0.23885959261498868,0.8409090909090909,0.7918974514104776,0.21582733812949675,-2.2069868305477116,0.6303501945525293,1.2004680572801258,0.6583333333333333,0.7422726231751049,0.8720000000000002,0.7561137599113048
2024-07-26,29.3,24.6,27.0,88,5.8,6.0,1005.9,20.6,226,24.8,0,0.251851851851852,-1.419154517412704,0.5877192982456142,0.1822982516536537,0.37500000000000006,-0.4591157557117445,0.8863636363636364,0.9838319852465911,0.3165467625899269,-1.4910790444805535,0.6303501945525293,1.2004680572801258,0.6277777777777778,0.6094512065502239,0.8880000000000001,0.8461141023556523
2024-07-27,29.3,24.7,26.4,90,26.3,15.0,1007.5,25.2,213,24.5,1,0.251851851851852,-1.419154517412704,0.5964912280701754,0.2543593300264844,0.3068181818181817,-0.8996280819052562,0.9318181818181818,1.1757665190827045,0.4316546762589935,-0.6728987175466338,0.809338521400778,2.2865841214784632,0.5916666666666667,0.4524804414480918,0.8640000000000001,0.7111135886891303
2024-07-28,29.5,24.9,26.8,87,2.1,6.0,1007.5,14.8,219,24.3,0,0.2666666666666668,-1.3266302861878914,0.6140350877192982,0.39848148677214834,0.3522727272727274,-0.6059531977762476,0.8636363636363636,0.8878647183285344,0.4316546762589935,-0.6728987175466338,0.40466926070038906,-0.16898263236125688,0.6083333333333333,0.5249284868798451,0.8480000000000001,0.6211132462447827
2024-07-29,31.2,24.4,27.2,86,7.7,8.0,1007.1,16.1,227,24.6,0,0.39259259259259266,-0.54017432077698,0.5701754385964911,0.03817609490798718,0.3977272727272727,-0.3122783136472415,0.8409090909090909,0.7918974514104776,0.4028776978417289,-0.8774437992800992,0.45525291828793774,0.13796321186870833,0.6305555555555555,0.6215258807888495,0.8720000000000002,0.7561137599113048
2024-07-30,32.1,24.4,27.4,87,9.7,9.0,1008.4,13.6,230,24.9,0,0.4592592592592595,-0.12381528026532002,0.5701754385964911,0.03817609490798718,0.42045454545454536,-0.16544087158273846,0.8636363636363636,0.8878647183285344,0.4964028776978409,-0.212672283646322,0.357976653696498,-0.4523172578043018,0.6388888888888888,0.6577499035047261,0.8959999999999999,0.8911142735778254
2024-07-31,32.3,24.7,27.8,84,3.3,4.0,1009.9,18.0,235,24.7,0,0.474074074074074,-0.03129104904050886,0.5964912280701754,0.2543593300264844,0.46590909090909105,0.12823401254627018,0.7954545454545454,0.5999629175743643,0.6043165467625893,0.5543717728542169,0.5291828793774318,0.5865763688201954,0.6527777777777778,0.7181232746978539,0.88,0.8011139311334778
2024-08-01,32.1,25.4,27.8,85,23.1,9.0,1010.0,19.9,206,24.8,1,0.4592592592592595,-0.12381528026532002,0.6578947368421051,0.7587868786363096,0.46590909090909105,0.12823401254627018,0.8181818181818182,0.695930184492421,0.6115107913669074,0.6055080432875978,0.6031128404669259,1.0351895257716826,0.5722222222222222,0.367957721777713,0.8880000000000001,0.8461141023556523
2024-08-02,32.0,25.0,27.6,84,24.3,11.0,1009.2,15.8,253,24.6,1,0.45185185185185195,-0.17007739587772722,0.6228070175438597,0.4705425651449816,0.4431818181818184,-0.018603429518232836,0.7954545454545454,0.5999629175743643,0.5539568345323783,0.19641787982066697,0.44357976653696496,0.067129555507947,0.7027777777777777,0.9354674109931137,0.8720000000000002,0.7561137599113048
2024-08-03,31.3,24.5,27.3,86,8.4,12.0,1009.2,11.3,203,24.6,0,0.40000000000000013,-0.49391220516457285,0.5789473684210527,0.11023717328082044,0.4090909090909092,-0.23885959261498868,0.8409090909090909,0.7918974514104776,0.5539568345323783,0.19641787982066697,0.26848249027237353,-0.9953752899034706,0.5638888888888889,0.33173369906183636,0.8720000000000002,0.7561137599113048
2024-08-04,31.0,24.5,26.6,88,8.6,5.0,1009.3,12.3,277,24.3,0,0.3777777777777779,-0.6326985520017928,0.5789473684210527,0.11023717328082044,0.32954545454545475,-0.7527906398407506,0.8863636363636364,0.9838319852465911,0.5611510791366883,0.24755415025398972,0.3073929961089494,-0.7592631020342666,0.7694444444444445,1.2252595927201269,0.8480000000000001,0.6211132462447827
2024-08-05,31.2,23.8,26.3,89,27.2,12.0,1008.5,16.8,254,24.3,1,0.39259259259259266,-0.54017432077698,0.5175438596491229,-0.3941903753290047,0.2954545454545456,-0.9730468029375063,0.9090909090909091,1.0797992521646478,0.5035971223021591,-0.16153601321294112,0.4824902723735408,0.3032417433771509,0.7055555555555556,0.9475420852317392,0.8480000000000001,0.6211132462447827
2024-08-06,31.6,24.3,26.8,88,14.9,7.0,1007.7,13.8,245,24.5,1,0.42222222222222244,-0.35512585832735283,0.5614035087719299,-0.03388498346484352,0.3522727272727274,-0.6059531977762476,0.8863636363636364,0.9838319852465911,0.4460431654676299,-0.5706261766798719,0.3657587548638132,-0.4050948202304608,0.6805555555555556,0.8388700170841094,0.8640000000000001,0.7111135886891303
2024-08-07,30.6,24.4,27.0,87,14.6,9.0,1008.4,15.1,236,24.7,0,0.3481481481481484,-0.8177470144514184,0.5701754385964911,0.03817609490798718,0.37500000000000006,-0.4591157557117445,0.8636363636363636,0.8878647183285344,0.4964028776978409,-0.212672283646322,0.4163424124513618,-0.09814897600049598,0.6555555555555556,0.7301979489364794,0.88,0.8011139311334778
2024-08-08,32.4,24.4,28.1,83,1.1,8.0,1009.0,14.7,226,24.8,0,0.48148148148148145,0.014971066571898358,0.5701754385964911,0.03817609490798718,0.5000000000000002,0.34849017564302603,0.7727272727272727,0.5039956506563075,0.5395683453237419,0.0941453389539052,0.4007782101167314,-0.19259385114817762,0.6277777777777778,0.6094512065502239,0.8880000000000001,0.8461141023556523
2024-08-09,32.3,25.5,28.4,82,3.0,10.0,1008.4,13.3,223,24.8,0,0.474074074074074,-0.03129104904050886,0.6666666666666666,0.8308479570091428,0.534090909090909,0.5687463387397792,0.75,0.4080283837382508,0.4964028776978409,-0.212672283646322,0.3463035019455253,-0.5231509141650628,0.6194444444444445,0.5732271838343472,0.8880000000000001,0.8461141023556523
2024-08-10,32.9,25.2,28.6,82,1.0,4.0,1007.1,14.2,239,25.1,0,0.5185185185185185,0.24628164463393118,0.6403508771929824,0.6146647218906456,0.556818181818182,0.7155837808042849,0.75,0.4080283837382508,0.4028776978417289,-0.8774437992800992,0.3813229571984435,-0.31064994508277954,0.6638888888888889,0.766421971652356,0.9120000000000001,0.9811146160221744
2024-08-11,32.9,25.5,28.6,83,4.6,5.0,1005.6,18.2,229,25.2,0,0.5185185185185185,0.24628164463393118,0.6666666666666666,0.8308479570091428,0.556818181818182,0.7155837808042849,0.7727272727272727,0.5039956506563075,0.2949640287769805,-1.6444878557806382,0.536964980544747,0.633798806394036,0.6361111111111111,0.6456752292661005,0.92,1.0261147872443475
2024-08-12,31.8,25.3,27.7,85,12.3,12.0,1006.4,24.2,224,24.8,0,0.43703703703703717,-0.26260162710254004,0.6491228070175439,0.6867258002634788,0.45454545454545453,0.05481529151401737,0.8181818181818182,0.695930184492421,0.3525179856115097,-1.2353976923137073,0.7704280155642022,2.050471933609259,0.6222222222222222,0.5853018580729729,0.8880000000000001,0.8461141023556523
2024-08-13,32.7,24.4,28.1,82,0.2,1.0,1007.3,17.1,227,24.6,0,0.503703703703704,0.15375741340912003,0.5701754385964911,0.03817609490798718,0.5000000000000002,0.34849017564302603,0.75,0.4080283837382508,0.4172661870503571,-0.7751712584133955,0.4941634241245136,0.3740753997379122,0.6305555555555555,0.6215258807888495,0.8720000000000002,0.7561137599113048
2024-08-14,32.9,25.4,28.5,84,0.7,5.0,1007.2,14.0,221,25.3,0,0.5185185185185185,0.24628164463393118,0.6578947368421051,0.7587868786363096,0.5454545454545455,0.6421650597720321,0.7954545454545454,0.5999629175743643,0.4100719424460471,-0.8263075288467183,0.37354085603112835,-0.3578723826566202,0.6138888888888889,0.5490778353570962,0.9280000000000002,1.071114958466522
2024-08-15,32.5,25.1,28.3,85,13.1,10.0,1006.6,12.0,227,25.3,0,0.488888888888889,0.061233182184305575,0.6315789473684211,0.5426036435178149,0.5227272727272728,0.49532761770752903,0.8181818181818182,0.695930184492421,0.3669064748201461,-1.1331251514469454,0.2957198443579766,-0.830096758395028,0.6305555555555555,0.6215258807888495,0.9280000000000002,1.071114958466522
2024-08-16,32.5,25.3,28.1,85,2.7,6.0,1006.6,13.4,205,25.2,0,0.488888888888889,0.061233182184305575,0.6491228070175439,0.6867258002634788,0.5000000000000002,0.34849017564302603,0.8181818181818182,0.695930184492421,0.3669064748201461,-1.1331251514469454,0.35019455252918286,-0.4995396953781424,0.5694444444444444,0.35588304753908745,0.92,1.0261147872443475
2024-08-17,32.4,25.3,27.8,85,4.1,6.0,1008.1,13.2,181,25.0,0,0.48148148148148145,0.014971066571898358,0.6491228070175439,0.6867258002634788,0.46590909090909105,0.12823401254627018,0.8181818181818182,0.695930184492421,0.4748201438848945,-0.36608109494640656,0.3424124513618676,-0.5467621329519835,0.5027777777777778,0.06609086581207434,0.904,0.9361144448
2024-08-18,33.2,24.8,28.6,80,0.2,2.0,1008.2,12.4,210,24.5,0,0.5407407407407411,0.38506799147115284,0.605263157894737,0.3264204083993177,0.556818181818182,0.7155837808042849,0.7045454545454546,0.21609384990213737,0.4820143884892127,-0.31494482451302563,0.31128404669260695,-0.7356518832473463,0.5833333333333334,0.4162564187322152,0.8640000000000001,0.7111135886891303
2024-08-19,33.6,25.4,29.1,78,0.1,1.0,1007.8,12.2,199,24.6,0,0.5703703703703705,0.5701164539207784,0.6578947368421051,0.7587868786363096,0.6136363636363639,1.0826773859655436,0.6590909090909091,0.02415931606602393,0.4532374100719399,-0.5194899062465492,0.30350194552529175,-0.7828743208211874,0.5527777777777778,0.2834350021073342,0.8720000000000002,0.7561137599113048
2024-08-20,32.5,25.3,28.5,81,1.9,5.0,1008.6,11.2,213,24.6,0,0.488888888888889,0.061233182184305575,0.6491228070175439,0.6867258002634788,0.5454545454545455,0.6421650597720321,0.7272727272727273,0.3120611168201941,0.5107913669064773,-0.11039974277956023,0.2645914396887159,-1.0189865086903913,0.5916666666666667,0.4524804414480918,0.8720000000000002,0.7561137599113048
2024-08-21,33.2,24.9,28.2,82,4.8,4.0,1009.4,13.6,210,24.5,0,0.5407407407407411,0.38506799147115284,0.6140350877192982,0.39848148677214834,0.5113636363636364,0.4219088966752762,0.75,0.4080283837382508,0.5683453237410064,0.2986904206873706,0.357976653696498,-0.4523172578043018,0.5833333333333334,0.4162564187322152,0.8640000000000001,0.7111135886891303
2024-08-22,32.8,24.9,28.2,82,2.6,5.0,1009.2,13.7,163,24.7,0,0.511111111111111,0.20001952902152395,0.6140350877192982,0.39848148677214834,0.5113636363636364,0.4219088966752762,0.75,0.4080283837382508,0.5539568345323783,0.19641787982066697,0.3618677042801556,-0.4287060390173815,0.4527777777777778,-0.1512532704831855,0.88,0.8011139311334778
2024-08-23,31.7,24.8,27.8,83,1.4,7.0,1010.0,15.2,219,24.5,0,0.4296296296296297,-0.30886374271494726,0.605263157894737,0.3264204083993177,0.46590909090909105,0.12823401254627018,0.7727272727272727,0.5039956506563075,0.6115107913669074,0.6055080432875978,0.42023346303501935,-0.07453775721357567,0.6083333333333333,0.5249284868798451,0.8640000000000001,0.7111135886891303
2024-08-24,32.1,24.8,27.3,84,7.1,10.0,1009.5,14.7,176,24.1,0,0.4592592592592595,-0.12381528026532002,0.605263157894737,0.3264204083993177,0.4090909090909092,-0.23885959261498868,0.7954545454545454,0.5999629175743643,0.5755395683453247,0.3498266911207515,0.4007782101167314,-0.19259385114817762,0.4888888888888889,0.005717494618946604,0.8320000000000002,0.5311129038004352
2024-08-25,31.8,23.8,26.8,85,13.0,10.0,1008.3,14.4,265,23.8,0,0.43703703703703717,-0.26260162710254004,0.5175438596491229,-0.3941903753290047,0.3522727272727274,-0.6059531977762476,0.8181818181818182,0.695930184492421,0.4892086330935227,-0.2638085540797029,0.3891050583657587,-0.2634275075089385,0.7361111111111112,1.0803635018566202,0.8080000000000002,0.39611239013391314
2024-08-26,31.9,24.4,26.9,86,28.1,17.0,1008.0,16.1,240,24.2,1,0.4444444444444444,-0.21633951149013445,0.5701754385964911,0.03817609490798718,0.36363636363636354,-0.5325344767439973,0.8409090909090909,0.7918974514104776,0.4676258992805763,-0.41721736537978743,0.45525291828793774,0.13796321186870833,0.6666666666666666,0.7784966458909816,0.84,0.5761130750226082
2024-08-27,30.6,24.7,26.8,89,5.8,13.0,1008.2,21.4,231,24.7,0,0.3481481481481484,-0.8177470144514184,0.5964912280701754,0.2543593300264844,0.3522727272727274,-0.6059531977762476,0.9090909090909091,1.0797992521646478,0.4820143884892127,-0.31494482451302563,0.6614785992217899,1.3893578075754882,0.6416666666666667,0.6698245777433517,0.88,0.8011139311334778
2024-08-28,30.9,24.9,27.0,87,15.0,16.0,1008.0,22.5,231,24.6,0,0.37037037037037035,-0.6789606676142,0.6140350877192982,0.39848148677214834,0.37500000000000006,-0.4591157557117445,0.8636363636363636,0.8878647183285344,0.4676258992805763,-0.41721736537978743,0.7042801556420233,1.649081214231613,0.6416666666666667,0.6698245777433517,0.8720000000000002,0.7561137599113048
2024-08-29,30.0,23.9,26.9,85,7.9,14.0,1008.3,22.9,239,24.0,0,0.3037037037037038,-1.0953197081258585,0.5263157894736841,-0.322129296956174,0.36363636363636354,-0.5325344767439973,0.8181818181818182,0.695930184492421,0.4892086330935227,-0.2638085540797029,0.7198443579766536,1.743526089379294,0.6638888888888889,0.766421971652356,0.8240000000000001,0.48611273257826065
2024-08-30,31.1,24.9,26.9,85,14.3,9.0,1007.9,22.6,266,24.1,1,0.3851851851851854,-0.5864364363893856,0.6140350877192982,0.39848148677214834,0.36363636363636354,-0.5325344767439973,0.8181818181818182,0.695930184492421,0.46043165467625813,-0.4683536358131683,0.708171206225681,1.6726924330185335,0.7388888888888889,1.0924381760952457,0.8320000000000002,0.5311129038004352
2024-08-31,30.0,24.6,26.7,87,18.2,18.0,1007.6,18.2,287,24.2,1,0.3037037037037038,-1.0953197081258585,0.5877192982456142,0.1822982516536537,0.3409090909090909,-0.6793719188085003,0.8636363636363636,0.8878647183285344,0.43884892086331173,-0.6217624471132528,0.536964980544747,0.633798806394036,0.7972222222222223,1.3460063351063822,0.84,0.5761130750226082
2024-09-01,29.2,24.5,26.3,89,25.2,18.0,1006.5,9.9,265,24.3,1,0.2444444444444445,-1.4654166330251113,0.5789473684210527,0.11023717328082044,0.2954545454545456,-0.9730468029375063,0.9090909090909091,1.0797992521646478,0.35971223021582793,-1.1842614218803265,0.2140077821011673,-1.3259323529203562,0.7361111111111112,1.0803635018566202,0.8480000000000001,0.6211132462447827
2024-09-02,28.4,24.1,26.1,89,14.8,11.0,1006.9,20.5,216,24.2,1,0.18518518518518517,-1.835513557924364,0.5438596491228072,-0.17800714021050748,0.27272727272727293,-1.1198842450020094,0.9090909090909091,1.0797992521646478,0.3884892086330925,-0.9797163401468609,0.6264591439688716,1.1768568384932052,0.6,0.48870446416396846,0.84,0.5761130750226082
2024-09-03,29.9,24.5,26.5,88,10.9,9.0,1008.2,25.7,224,24.4,0,0.2962962962962963,-1.1415818237382658,0.5789473684210527,0.11023717328082044,0.31818181818181823,-0.8262093608730033,0.8863636363636364,0.9838319852465911,0.4820143884892127,-0.31494482451302563,0.828793774319066,2.4046402154130653,0.6222222222222222,0.5853018580729729,0.856,0.6661134174669557
2024-09-04,30.6,24.9,27.1,86,3.7,8.0,1006.7,22.6,237,24.5,0,0.3481481481481484,-0.8177470144514184,0.6140350877192982,0.39848148677214834,0.3863636363636366,-0.3856970346794917,0.8409090909090909,0.7918974514104776,0.3741007194244643,-1.0819888810135645,0.708171206225681,1.6726924330185335,0.6583333333333333,0.7422726231751049,0.8640000000000001,0.7111135886891303
2024-09-05,31.7,25.2,27.4,86,12.1,13.0,1004.5,22.9,256,24.7,0,0.4296296296296297,-0.30886374271494726,0.6403508771929824,0.6146647218906456,0.42045454545454536,-0.16544087158273846,0.8409090909090909,0.7918974514104776,0.21582733812949675,-2.2069868305477116,0.7198443579766536,1.743526089379294,0.7111111111111111,0.9716914337089904,0.88,0.8011139311334778
2024-09-06,30.6,25.7,27.1,86,5.7,11.0,1004.8,28.4,242,24.5,0,0.3481481481481484,-0.8177470144514184,0.6842105263157894,0.9749701137548068,0.3863636363636366,-0.3856970346794917,0.8409090909090909,0.7918974514104776,0.23741007194244315,-2.053578019247627,0.9338521400778209,3.0421431226599154,0.6722222222222223,0.8026459943682327,0.8640000000000001,0.7111135886891303
2024-09-07,31.7,25.3,27.5,85,16.7,10.0,1007.0,24.8,233,24.7,1,0.4296296296296297,-0.30886374271494726,0.6491228070175439,0.6867258002634788,0.4318181818181819,-0.09202215055048565,0.8181818181818182,0.695930184492421,0.3956834532374107,-0.9285800697134801,0.7937743190661477,2.192139246330782,0.6472222222222223,0.6939739262206027,0.88,0.8011139311334778
2024-09-08,31.5,25.3,27.7,85,18.1,7.0,1008.5,18.7,235,24.8,0,0.4148148148148149,-0.40138797393976006,0.6491228070175439,0.6867258002634788,0.45454545454545453,0.05481529151401737,0.8181818181818182,0.695930184492421,0.5035971223021591,-0.16153601321294112,0.5564202334630349,0.751854900328638,0.6527777777777778,0.7181232746978539,0.8880000000000001,0.8461141023556523
2024-09-09,32.1,25.1,28.1,82,6.5,10.0,1006.7,17.3,271,24.6,0,0.4592592592592595,-0.12381528026532002,0.6315789473684211,0.5426036435178149,0.5000000000000002,0.34849017564302603,0.75,0.4080283837382508,0.3741007194244643,-1.0819888810135645,0.5019455252918288,0.42129783731175285,0.7527777777777778,1.1528115472883735,0.8720000000000002,0.7561137599113048
2024-09-10,32.5,25.3,27.5,86,7.5,12.0,1006.2,17.6,255,24.9,0,0.488888888888889,0.061233182184305575,0.6491228070175439,0.6867258002634788,0.4318181818181819,-0.09202215055048565,0.8409090909090909,0.7918974514104776,0.33812949640288154,-1.337670233180411,0.5136186770428015,0.4921314936725142,0.7083333333333334,0.9596167594703647,0.8959999999999999,0.8911142735778254
2024-09-11,31.4,24.9,27.2,88,10.1,13.0,1007.6,13.5,262,25.0,0,0.4074074074074074,-0.44765008955216723,0.6140350877192982,0.39848148677214834,0.3977272727272727,-0.3122783136472415,0.8863636363636364,0.9838319852465911,0.43884892086331173,-0.6217624471132528,0.35408560311284043,-0.4759284765912221,0.7277777777777777,1.0441394791407437,0.904,0.9361144448
2024-09-12,31.7,24.8,27.1,88,12.4,12.0,1007.8,13.4,256,24.8,0,0.4296296296296297,-0.30886374271494726,0.605263157894737,0.3264204083993177,0.3863636363636366,-0.3856970346794917,0.8863636363636364,0.9838319852465911,0.4532374100719399,-0.5194899062465492,0.35019455252918286,-0.4995396953781424,0.7111111111111111,0.9716914337089904,0.8880000000000001,0.8461141023556523
2024-09-13,31.7,25.1,27.0,88,27.0,17.0,1006.6,19.3,250,24.7,1,0.4296296296296297,-0.30886374271494726,0.6315789473684211,0.5426036435178149,0.37500000000000006,-0.4591157557117445,0.8863636363636364,0.9838319852465911,0.3669064748201461,-1.1331251514469454,0.5797665369649805,0.8935222130501607,0.6944444444444444,0.899243388277237,0.88,0.8011139311334778
2024-09-14,29.6,25.0,26.2,90,21.5,23.0,1005.3,18.4,238,24.5,1,0.2740740740740743,-1.2803681705754841,0.6228070175438597,0.4705425651449816,0.28409090909090906,-1.0464655239697591,0.9318181818181818,1.1757665190827045,0.27338129496402597,-1.7978966670807808,0.5447470817120621,0.6810212439678767,0.6611111111111111,0.7543472974137305,0.8640000000000001,0.7111135886891303
2024-09-15,29.8,25.0,26.6,89,13.4,15.0,1004.6,16.3,241,24.5,0,0.28888888888888903,-1.1878439393506712,0.6228070175438597,0.4705425651449816,0.32954545454545475,-0.7527906398407506,0.9090909090909091,1.0797992521646478,0.22302158273381495,-2.1558505601143305,0.4630350194552529,0.18518564944254895,0.6694444444444444,0.7905713201296071,0.8640000000000001,0.7111135886891303
2024-09-16,31.3,24.8,27.0,86,23.8,14.0,1003.7,17.9,266,24.3,1,0.40000000000000013,-0.49391220516457285,0.605263157894737,0.3264204083993177,0.37500000000000006,-0.4591157557117445,0.8409090909090909,0.7918974514104776,0.15827338129496757,-2.616076994014642,0.5252918287937742,0.5629651500332746,0.7388888888888889,1.0924381760952457,0.8480000000000001,0.6211132462447827
2024-09-17,29.0,24.9,26.1,89,12.4,20.0,1002.2,19.5,276,24.2,0,0.22962962962962974,-1.5579408642499242,0.6140350877192982,0.39848148677214834,0.27272727272727293,-1.1198842450020094,0.9090909090909091,1.0797992521646478,0.05035971223021918,-3.3831210505151814,0.5875486381322956,0.9407446506240013,0.7666666666666667,1.2131849184815013,0.84,0.5761130750226082
2024-09-18,29.4,23.8,25.8,91,52.6,22.0,1001.5,18.1,278,24.1,1,0.25925925925925924,-1.3728924018002986,0.5175438596491229,-0.3941903753290047,0.23863636363636379,-1.3401404080987653,0.9545454545454546,1.2717337860007614,0.0,-3.7410749435487896,0.5330739299610895,0.6101875876071161,0.7722222222222223,1.2373342669587524,0.8320000000000002,0.5311129038004352
2024-09-19,29.6,24.3,26.3,89,10.6,15.0,1001.9,20.4,243,24.3,0,0.2740740740740743,-1.2803681705754841,0.5614035087719299,-0.03388498346484352,0.2954545454545456,-0.9730468029375063,0.9090909090909091,1.0797992521646478,0.0287769784172646,-3.5365298618153242,0.6225680933852139,1.1532456197062844,0.675,0.8147206686068582,0.8480000000000001,0.6211132462447827
2024-09-20,30.0,25.1,26.8,87,5.5,8.0,1003.8,22.8,222,24.5,0,0.3037037037037038,-1.0953197081258585,0.6315789473684211,0.5426036435178149,0.3522727272727274,-0.6059531977762476,0.8636363636363636,0.8878647183285344,0.16546762589927758,-2.5649407235813197,0.715953307392996,1.7199148705923744,0.6166666666666667,0.5611525095957217,0.8640000000000001,0.7111135886891303
2024-09-21,28.3,24.9,26.0,90,21.7,16.0,1006.0,20.1,217,24.2,1,0.17777777777777792,-1.8817756735367697,0.6140350877192982,0.39848148677214834,0.2613636363636364,-1.1933029660342622,0.9318181818181818,1.1757665190827045,0.32374100719424515,-1.4399427740471726,0.6108949416342412,1.0824119633455238,0.6027777777777777,0.500779138402594,0.84,0.5761130750226082
2024-09-22,29.3,24.5,26.2,90,12.3,20.0,1007.3,17.0,205,24.4,0,0.251851851851852,-1.419154517412704,0.5789473684210527,0.11023717328082044,0.28409090909090906,-1.0464655239697591,0.9318181818181818,1.1757665190827045,0.4172661870503571,-0.7751712584133955,0.49027237354085595,0.3504641809509915,0.5694444444444444,0.35588304753908745,0.856,0.6661134174669557
2024-09-23,31.2,24.7,26.7,88,26.1,9.0,1009.3,14.0,185,24.4,1,0.39259259259259266,-0.54017432077698,0.5964912280701754,0.2543593300264844,0.3409090909090909,-0.6793719188085003,0.8863636363636364,0.9838319852465911,0.5611510791366883,0.24755415025398972,0.37354085603112835,-0.3578723826566202,0.5138888888888888,0.11438956276657652,0.856,0.6661134174669557
2024-09-24,31.6,24.7,27.4,86,3.9,10.0,1009.4,9.0,160,24.7,0,0.42222222222222244,-0.35512585832735283,0.5964912280701754,0.2543593300264844,0.42045454545454536,-0.16544087158273846,0.8409090909090909,0.7918974514104776,0.5683453237410064,0.2986904206873706,0.178988326848249,-1.5384333220026396,0.4444444444444444,-0.18747729319906214,0.88,0.8011139311334778
2024-09-25,30.8,23.9,27.1,87,4.7,10.0,1009.9,10.9,63,24.8,0,0.3629629629629631,-0.7252227832266056,0.5263157894736841,-0.322129296956174,0.3863636363636366,-0.3856970346794917,0.8636363636363636,0.8878647183285344,0.6043165467625893,0.5543717728542169,0.2529182879377432,-1.089820165051152,0.175,-1.3587206943457402,0.8880000000000001,0.8461141023556523
2024-09-26,31.4,23.6,26.7,87,8.3,10.0,1009.8,15.8,108,24.2,0,0.4074074074074074,-0.44765008955216723,0.5000000000000001,-0.5383125320746687,0.3409090909090909,-0.6793719188085003,0.8636363636363636,0.8878647183285344,0.5971223021582711,0.503235502420836,0.44357976653696496,0.067129555507947,0.3,-0.8153603536075905,0.84,0.5761130750226082
2024-09-27,30.8,24.5,27.1,86,5.6,10.0,1009.6,20.4,103,24.4,0,0.3629629629629631,-0.7252227832266056,0.5789473684210527,0.11023717328082044,0.3863636363636366,-0.3856970346794917,0.8409090909090909,0.7918974514104776,0.5827338129496429,0.4009629615541324,0.6225680933852139,1.1532456197062844,0.2861111111111111,-0.8757337248007183,0.856,0.6661134174669557
2024-09-28,32.1,25.0,28.2,82,1.3,11.0,1008.7,12.0,140,24.6,0,0.4592592592592595,-0.12381528026532002,0.6228070175438597,0.4705425651449816,0.5113636363636364,0.4219088966752762,0.75,0.4080283837382508,0.5179856115107955,-0.05926347234617934,0.2957198443579766,-0.830096758395028,0.3888888888888889,-0.42897077797157307,0.8720000000000002,0.7561137599113048
2024-09-29,32.3,25.4,28.1,84,8.7,8.0,1008.4,9.8,204,25.0,0,0.474074074074074,-0.03129104904050886,0.6578947368421051,0.7587868786363096,0.5000000000000002,0.34849017564302603,0.7954545454545454,0.5999629175743643,0.4964028776978409,-0.212672283646322,0.21011673151750973,-1.3495435717072763,0.5666666666666667,0.3438083733004619,0.904,0.9361144448
2024-09-30,32.7,25.3,27.9,86,13.1,10.0,1007.5,11.9,205,25.2,0,0.503703703703704,0.15375741340912003,0.6491228070175439,0.6867258002634788,0.4772727272727271,0.2016527335785204,0.8409090909090909,0.7918974514104776,0.4316546762589935,-0.6728987175466338,0.29182879377431903,-0.8537079771819482,0.5694444444444444,0.35588304753908745,0.92,1.0261147872443475
2024-10-01,32.4,25.4,27.9,86,8.1,9.0,1007.2,12.2,217,25.1,0,0.48148148148148145,0.014971066571898358,0.6578947368421051,0.7587868786363096,0.4772727272727271,0.2016527335785204,0.8409090909090909,0.7918974514104776,0.4100719424460471,-0.8263075288467183,0.30350194552529175,-0.7828743208211874,0.6027777777777777,0.500779138402594,0.9120000000000001,0.9811146160221744
2024-10-02,32.2,25.0,27.6,88,10.6,9.0,1008.8,14.9,163,25.2,0,0.466666666666667,-0.07755316465291279,0.6228070175438597,0.4705425651449816,0.4431818181818184,-0.018603429518232836,0.8863636363636364,0.9838319852465911,0.5251798561151055,-0.008127201912856584,0.40856031128404663,-0.14537141357433658,0.4527777777777778,-0.1512532704831855,0.92,1.0261147872443475
2024-10-03,30.7,24.9,26.8,89,9.8,11.0,1009.6,15.5,127,24.7,0,0.3555555555555556,-0.7714848988390128,0.6140350877192982,0.39848148677214834,0.3522727272727274,-0.6059531977762476,0.9090909090909091,1.0797992521646478,0.5827338129496429,0.4009629615541324,0.4319066147859922,-0.003704100852814333,0.3527777777777778,-0.5859415430737052,0.88,0.8011139311334778
2024-10-04,31.1,24.1,26.8,87,5.6,8.0,1009.5,12.5,323,24.4,0,0.3851851851851854,-0.5864364363893856,0.5438596491228072,-0.17800714021050748,0.3522727272727274,-0.6059531977762476,0.8636363636363636,0.8878647183285344,0.5755395683453247,0.3498266911207515,0.3151750972762645,-0.712040664460426,0.8972222222222223,1.780694607696902,0.856,0.6661134174669557
2024-10-05,31.8,23.9,27.2,85,4.7,4.0,1008.7,11.5,319,24.2,0,0.43703703703703717,-0.26260162710254004,0.5263157894736841,-0.322129296956174,0.3977272727272727,-0.3122783136472415,0.8181818181818182,0.695930184492421,0.5179856115107955,-0.05926347234617934,0.2762645914396887,-0.9481528523296299,0.8861111111111111,1.7323959107423996,0.84,0.5761130750226082
2024-10-06,30.3,24.3,26.7,85,24.2,15.0,1009.9,11.6,314,23.8,1,0.32592592592592606,-0.9565333612886384,0.5614035087719299,-0.03388498346484352,0.3409090909090909,-0.6793719188085003,0.8181818181818182,0.695930184492421,0.6043165467625893,0.5543717728542169,0.28015564202334625,-0.9245416335427096,0.8722222222222222,1.672022539549272,0.8080000000000002,0.39611239013391314
2024-10-07,31.2,23.8,26.4,88,23.4,9.0,1010.3,10.6,337,24.1,1,0.39259259259259266,-0.54017432077698,0.5175438596491229,-0.3941903753290047,0.3068181818181817,-0.8996280819052562,0.8863636363636364,0.9838319852465911,0.6330935251798538,0.7589168545876823,0.24124513618677038,-1.1606538214119135,0.9361111111111111,1.9497400470376596,0.8320000000000002,0.5311129038004352
2024-10-08,30.5,24.3,26.4,87,19.3,10.0,1009.9,12.1,198,24.1,0,0.34074074074074084,-0.8640091300638256,0.5614035087719299,-0.03388498346484352,0.3068181818181817,-0.8996280819052562,0.8636363636363636,0.8878647183285344,0.6043165467625893,0.5543717728542169,0.2996108949416342,-0.8064855396081076,0.55,0.2713603278687086,0.8320000000000002,0.5311129038004352
2024-10-09,30.6,24.3,26.6,88,15.2,11.0,1008.9,13.3,94,24.3,0,0.3481481481481484,-0.8177470144514184,0.5614035087719299,-0.03388498346484352,0.32954545454545475,-0.7527906398407506,0.8863636363636364,0.9838319852465911,0.5323741007194237,0.04300906852052431,0.3463035019455253,-0.5231509141650628,0.2611111111111111,-0.9844057929483482,0.8480000000000001,0.6211132462447827
2024-10-10,31.7,24.7,27.0,86,12.3,11.0,1008.4,15.8,302,24.4,0,0.4296296296296297,-0.30886374271494726,0.5964912280701754,0.2543593300264844,0.37500000000000006,-0.4591157557117445,0.8409090909090909,0.7918974514104776,0.4964028776978409,-0.212672283646322,0.44357976653696496,0.067129555507947,0.8388888888888889,1.5271264486857654,0.856,0.6661134174669557
2024-10-11,30.9,24.4,27.1,88,1.6,8.0,1008.3,12.9,330,25.0,0,0.37037037037037035,-0.6789606676142,0.5701754385964911,0.03817609490798718,0.3863636363636366,-0.3856970346794917,0.8863636363636364,0.9838319852465911,0.4892086330935227,-0.2638085540797029,0.33073929961089493,-0.6175957893127444,0.9166666666666666,1.8652173273672807,0.904,0.9361144448
2024-10-12,31.1,24.9,26.7,90,7.6,9.0,1009.1,12.5,3,24.8,0,0.3851851851851854,-0.5864364363893856,0.6140350877192982,0.39848148677214834,0.3409090909090909,-0.6793719188085003,0.9318181818181818,1.1757665190827045,0.54676258992806,0.14528160938728607,0.3151750972762645,-0.712040664460426,0.008333333333333333,-2.083201148663273,0.8880000000000001,0.8461141023556523
2024-10-13,32.3,24.4,27.4,86,14.0,4.0,1008.7,11.9,356,24.7,0,0.474074074074074,-0.03129104904050886,0.5701754385964911,0.03817609490798718,0.42045454545454536,-0.16544087158273846,0.8409090909090909,0.7918974514104776,0.5179856115107955,-0.05926347234617934,0.29182879377431903,-0.8537079771819482,0.9888888888888889,2.179158857571545,0.88,0.8011139311334778
2024-10-14,32.1,24.0,27.3,86,9.8,6.0,1008.1,11.5,256,24.5,0,0.4592592592592595,-0.12381528026532002,0.5350877192982456,-0.2500682185833407,0.4090909090909092,-0.23885959261498868,0.8409090909090909,0.7918974514104776,0.4748201438848945,-0.36608109494640656,0.2762645914396887,-0.9481528523296299,0.7111111111111111,0.9716914337089904,0.8640000000000001,0.7111135886891303
2024-10-15,31.0,24.6,26.7,88,29.1,22.0,1009.2,13.7,82,24.5,1,0.3777777777777779,-0.6326985520017928,0.5877192982456142,0.1822982516536537,0.3409090909090909,-0.6793719188085003,0.8863636363636364,0.9838319852465911,0.5539568345323783,0.19641787982066697,0.3618677042801556,-0.4287060390173815,0.22777777777777777,-1.1293018838118547,0.8640000000000001,0.7111135886891303
2024-10-16,30.3,24.8,26.5,87,7.3,13.0,1009.7,14.3,127,24.0,0,0.32592592592592606,-0.9565333612886384,0.605263157894737,0.3264204083993177,0.31818181818181823,-0.8262093608730033,0.8636363636363636,0.8878647183285344,0.589928057553961,0.4520992319875133,0.38521400778210113,-0.28703872629585886,0.3527777777777778,-0.5859415430737052,0.8240000000000001,0.48611273257826065
2024-10-17,30.5,24.8,26.6,87,19.6,15.0,1009.6,21.6,105,24.2,0,0.34074074074074084,-0.8640091300638256,0.605263157894737,0.3264204083993177,0.32954545454545475,-0.7527906398407506,0.8636363636363636,0.8878647183285344,0.5827338129496429,0.4009629615541324,0.6692607003891051,1.4365802451493297,0.2916666666666667,-0.8515843763234672,0.84,0.5761130750226082
2024-10-18,28.9,23.9,25.9,90,2.9,9.0,1009.6,13.7,170,24.1,0,0.2222222222222222,-1.6042029798623314,0.5263157894736841,-0.322129296956174,0.2499999999999999,-1.266721687066515,0.9318181818181818,1.1757665190827045,0.5827338129496429,0.4009629615541324,0.3618677042801556,-0.4287060390173815,0.4722222222222222,-0.06673055081280667,0.8320000000000002,0.5311129038004352
2024-10-19,29.6,24.1,26.1,90,8.4,11.0,1010.0,12.2,172,24.3,0,0.2740740740740743,-1.2803681705754841,0.5438596491228072,-0.17800714021050748,0.27272727272727293,-1.1198842450020094,0.9318181818181818,1.1757665190827045,0.6115107913669074,0.6055080432875978,0.30350194552529175,-0.7828743208211874,0.4777777777777778,-0.04258120233555558,0.8480000000000001,0.6211132462447827
2024-10-20,30.6,24.0,26.2,88,6.8,13.0,1010.9,16.8,288,24.0,0,0.3481481481481484,-0.8177470144514184,0.5350877192982456,-0.2500682185833407,0.28409090909090906,-1.0464655239697591,0.8863636363636364,0.9838319852465911,0.6762589928057549,1.0657344771879096,0.4824902723735408,0.3032417433771509,0.8,1.3580810093450078,0.8240000000000001,0.48611273257826065
2024-10-21,31.1,23.7,26.4,87,16.1,12.0,1009.5,17.3,344,23.9,0,0.3851851851851854,-0.5864364363893856,0.5087719298245613,-0.46625145370183796,0.3068181818181817,-0.8996280819052562,0.8636363636363636,0.8878647183285344,0.5755395683453247,0.3498266911207515,0.5019455252918288,0.42129783731175285,0.9555555555555556,2.0342627667080384,0.816,0.44111256135608606
2024-10-22,30.6,23.4,26.1,87,10.8,13.0,1008.6,15.5,326,23.7,0,0.3481481481481484,-0.8177470144514184,0.4824561403508771,-0.6824346888203352,0.27272727272727293,-1.1198842450020094,0.8636363636363636,0.8878647183285344,0.5107913669064773,-0.11039974277956023,0.4319066147859922,-0.003704100852814333,0.9055555555555556,1.8169186304127785,0.8,0.35111221891173855
2024-10-23,29.3,24.4,26.3,88,10.0,11.0,1008.5,11.7,317,24.1,0,0.251851851851852,-1.419154517412704,0.5701754385964911,0.03817609490798718,0.2954545454545456,-0.9730468029375063,0.8863636363636364,0.9838319852465911,0.5035971223021591,-0.16153601321294112,0.2840466926070038,-0.9009304147557893,0.8805555555555555,1.7082465622651486,0.8320000000000002,0.5311129038004352
2024-10-24,31.7,24.0,27.5,82,0.6,4.0,1008.1,14.3,307,23.8,0,0.4296296296296297,-0.30886374271494726,0.5350877192982456,-0.2500682185833407,0.4318181818181819,-0.09202215055048565,0.75,0.4080283837382508,0.4748201438848945,-0.36608109494640656,0.38521400778210113,-0.28703872629585886,0.8527777777777777,1.5874998198788932,0.8080000000000002,0.39611239013391314
2024-10-25,31.9,23.1,27.2,80,1.0,4.0,1007.1,16.5,304,23.2,0,0.4444444444444444,-0.21633951149013445,0.4561403508771931,-0.8986179239388299,0.3977272727272727,-0.3122783136472415,0.7045454545454546,0.21609384990213737,0.4028776978417289,-0.8774437992800992,0.47081712062256803,0.23240808701638957,0.8444444444444444,1.5512757971630164,0.76,0.12611136280086893
2024-10-26,32.5,24.3,27.9,79,0.1,1.0,1005.3,20.7,285,23.5,0,0.488888888888889,0.061233182184305575,0.5614035087719299,-0.03388498346484352,0.4772727272727271,0.2016527335785204,0.6818181818181818,0.12012658298408065,0.27338129496402597,-1.7978966670807808,0.6342412451361866,1.2240792760670458,0.7916666666666666,1.3218569866291312,0.784,0.26111187646739104
2024-10-27,26.9,24.5,25.6,88,7.3,12.0,1004.9,12.4,276,23.5,0,0.07407407407407407,-2.5294452921104624,0.5789473684210527,0.11023717328082044,0.21590909090909113,-1.4869778501632682,0.8863636363636364,0.9838319852465911,0.24460431654676135,-2.0024417488142463,0.31128404669260695,-0.7356518832473463,0.7666666666666667,1.2131849184815013,0.784,0.26111187646739104
2024-10-28,26.9,23.6,24.8,92,41.9,17.0,1005.5,12.9,235,23.3,1,0.07407407407407407,-2.5294452921104624,0.5000000000000001,-0.5383125320746687,0.12500000000000014,-2.074327618421283,0.9772727272727273,1.367701052918818,0.28776978417266236,-1.695624126214019,0.33073929961089493,-0.6175957893127444,0.6527777777777778,0.7181232746978539,0.7680000000000001,0.1711115340230435
2024-10-29,29.2,23.7,25.6,89,9.2,12.0,1007.2,16.2,239,23.5,0,0.2444444444444445,-1.4654166330251113,0.5087719298245613,-0.46625145370183796,0.21590909090909113,-1.4869778501632682,0.9090909090909091,1.0797992521646478,0.4100719424460471,-0.8263075288467183,0.45914396887159525,0.16157443065562824,0.6638888888888889,0.766421971652356,0.784,0.26111187646739104
2024-10-30,31.3,23.4,26.4,87,4.7,10.0,1008.6,14.3,287,24.0,0,0.40000000000000013,-0.49391220516457285,0.4824561403508771,-0.6824346888203352,0.3068181818181817,-0.8996280819052562,0.8636363636363636,0.8878647183285344,0.5107913669064773,-0.11039974277956023,0.38521400778210113,-0.28703872629585886,0.7972222222222223,1.3460063351063822,0.8240000000000001,0.48611273257826065
2024-10-31,31.5,23.4,26.9,85,0.2,2.0,1008.0,14.3,293,23.9,0,0.4148148148148149,-0.40138797393976006,0.4824561403508771,-0.6824346888203352,0.36363636363636354,-0.5325344767439973,0.8181818181818182,0.695930184492421,0.4676258992805763,-0.41721736537978743,0.38521400778210113,-0.28703872629585886,0.8138888888888889,1.4184543805381356,0.816,0.44111256135608606
2024-11-01,31.8,24.2,27.1,85,10.5,8.0,1008.5,11.1,303,24.2,0,0.43703703703703717,-0.26260162710254004,0.5526315789473684,-0.10594606183767678,0.3863636363636366,-0.3856970346794917,0.8181818181818182,0.695930184492421,0.5035971223021591,-0.16153601321294112,0.2607003891050583,-1.0425977274773115,0.8416666666666667,1.539201122924391,0.84,0.5761130750226082
2024-11-02,30.3,23.9,26.6,85,3.8,12.0,1009.8,14.4,115,23.7,0,0.32592592592592606,-0.9565333612886384,0.5263157894736841,-0.322129296956174,0.32954545454545475,-0.7527906398407506,0.8181818181818182,0.695930184492421,0.5971223021582711,0.503235502420836,0.3891050583657587,-0.2634275075089385,0.3194444444444444,-0.7308376339372117,0.8,0.35111221891173855
2024-11-03,31.6,23.2,26.7,84,1.8,4.0,1009.8,11.4,348,23.5,0,0.42222222222222244,-0.35512585832735283,0.4649122807017544,-0.8265568455659992,0.3409090909090909,-0.6793719188085003,0.7954545454545454,0.5999629175743643,0.5971223021582711,0.503235502420836,0.2723735408560311,-0.9717640711165502,0.9666666666666667,2.0825614636625405,0.784,0.26111187646739104
2024-11-04,30.3,23.5,26.3,88,14.3,8.0,1009.6,15.2,42,24.1,0,0.32592592592592606,-0.9565333612886384,0.4912280701754386,-0.6103736104475019,0.2954545454545456,-0.9730468029375063,0.8863636363636364,0.9838319852465911,0.5827338129496429,0.4009629615541324,0.42023346303501935,-0.07453775721357567,0.11666666666666667,-1.6122888533568767,0.8320000000000002,0.5311129038004352
2024-11-05,30.9,23.1,26.3,86,1.2,4.0,1010.0,13.6,28,23.6,0,0.37037037037037035,-0.6789606676142,0.4561403508771931,-0.8986179239388299,0.2954545454545456,-0.9730468029375063,0.8409090909090909,0.7918974514104776,0.6115107913669074,0.6055080432875978,0.357976653696498,-0.4523172578043018,0.07777777777777778,-1.7813342926976343,0.7920000000000001,0.30611204768956557
2024-11-06,30.9,24.3,26.5,88,8.8,8.0,1010.2,14.2,297,24.2,0,0.37037037037037035,-0.6789606676142,0.5614035087719299,-0.03388498346484352,0.31818181818181823,-0.8262093608730033,0.8863636363636364,0.9838319852465911,0.6258992805755439,0.7077805841543596,0.3813229571984435,-0.31064994508277954,0.825,1.4667530774926376,0.84,0.5761130750226082
2024-11-07,31.0,23.4,26.7,85,5.3,2.0,1010.2,8.8,348,23.9,0,0.3777777777777779,-0.6326985520017928,0.4824561403508771,-0.6824346888203352,0.3409090909090909,-0.6793719188085003,0.8181818181818182,0.695930184492421,0.6258992805755439,0.7077805841543596,0.17120622568093385,-1.5856557595764802,0.9666666666666667,2.0825614636625405,0.816,0.44111256135608606
2024-11-08,31.4,23.5,26.7,84,3.8,3.0,1009.9,10.5,28,23.6,0,0.4074074074074074,-0.44765008955216723,0.4912280701754386,-0.6103736104475019,0.3409090909090909,-0.6793719188085003,0.7954545454545454,0.5999629175743643,0.6043165467625893,0.5543717728542169,0.2373540856031128,-1.1842650401988337,0.07777777777777778,-1.7813342926976343,0.7920000000000001,0.30611204768956557
2024-11-09,31.4,24.1,26.7,84,7.7,6.0,1009.7,8.3,324,23.6,0,0.4074074074074074,-0.44765008955216723,0.5438596491228072,-0.17800714021050748,0.3409090909090909,-0.6793719188085003,0.7954545454545454,0.5999629175743643,0.589928057553961,0.4520992319875133,0.1517509727626459,-1.7037118535110822,0.9,1.7927692819355274,0.7920000000000001,0.30611204768956557
2024-11-10,31.9,23.8,27.4,83,0.6,4.0,1010.1,12.4,344,23.9,0,0.4444444444444444,-0.21633951149013445,0.5175438596491229,-0.3941903753290047,0.42045454545454536,-0.16544087158273846,0.7727272727272727,0.5039956506563075,0.6187050359712256,0.6566443137209788,0.31128404669260695,-0.7356518832473463,0.9555555555555556,2.0342627667080384,0.816,0.44111256135608606
2024-11-11,31.8,23.7,27.6,81,0.2,2.0,1009.2,13.3,230,23.7,0,0.43703703703703717,-0.26260162710254004,0.5087719298245613,-0.46625145370183796,0.4431818181818184,-0.018603429518232836,0.7272727272727273,0.3120611168201941,0.5539568345323783,0.19641787982066697,0.3463035019455253,-0.5231509141650628,0.6388888888888888,0.6577499035047261,0.8,0.35111221891173855
2024-11-12,30.7,23.8,27.2,85,1.6,8.0,1008.3,10.0,217,24.3,0,0.3555555555555556,-0.7714848988390128,0.5175438596491229,-0.3941903753290047,0.3977272727272727,-0.3122783136472415,0.8181818181818182,0.695930184492421,0.4892086330935227,-0.2638085540797029,0.21789883268482488,-1.3023211341334358,0.6027777777777777,0.500779138402594,0.8480000000000001,0.6211132462447827
2024-11-13,31.6,24.3,27.2,86,2.8,8.0,1008.1,8.1,131,24.4,0,0.42222222222222244,-0.35512585832735283,0.5614035087719299,-0.03388498346484352,0.3977272727272727,-0.3122783136472415,0.8409090909090909,0.7918974514104776,0.4748201438848945,-0.36608109494640656,0.1439688715953307,-1.7509342910849233,0.3638888888888889,-0.537642846119203,0.856,0.6661134174669557
2024-11-14,32.3,24.9,28.3,78,0.0,0.0,1008.4,10.7,122,23.8,0,0.474074074074074,-0.03129104904050886,0.6140350877192982,0.39848148677214834,0.5227272727272728,0.49532761770752903,0.6590909090909091,0.02415931606602393,0.4964028776978409,-0.212672283646322,0.24513618677042795,-1.1370426026249931,0.3388888888888889,-0.6463149142668329,0.8080000000000002,0.39611239013391314
2024-11-15,32.0,24.9,28.1,80,1.0,7.0,1008.4,9.4,134,24.2,0,0.45185185185185195,-0.17007739587772722,0.6140350877192982,0.39848148677214834,0.5000000000000002,0.34849017564302603,0.7045454545454546,0.21609384990213737,0.4964028776978409,-0.212672283646322,0.19455252918287935,-1.443988446854958,0.37222222222222223,-0.5014188234033263,0.84,0.5761130750226082
2024-11-16,34.1,24.3,28.8,72,0.0,0.0,1008.2,11.0,107,22.5,0,0.6074074074074076,0.8014270319828112,0.5614035087719299,-0.03388498346484352,0.5795454545454547,0.8624212228687879,0.5227272727272727,-0.5516442854423164,0.4820143884892127,-0.31494482451302563,0.25680933852140075,-1.066208946264232,0.2972222222222222,-0.8274350278462161,0.7040000000000001,-0.18888983575434823
2024-11-17,33.7,24.5,28.7,73,0.1,1.0,1008.0,10.9,123,22.7,0,0.5777777777777781,0.6163785695331856,0.5789473684210527,0.11023717328082044,0.5681818181818181,0.7890025018365351,0.5454545454545454,-0.4556770185242597,0.4676258992805763,-0.41721736537978743,0.2529182879377432,-1.089820165051152,0.3416666666666667,-0.6342402400282073,0.72,-0.0988894933100007
2024-11-18,34.2,23.0,28.9,70,0.0,0.0,1008.1,8.5,92,22.1,0,0.6148148148148151,0.8476891475952184,0.44736842105263164,-0.970679002311663,0.5909090909090908,0.9358399439010381,0.4772727272727273,-0.7435788192784298,0.4748201438848945,-0.36608109494640656,0.15953307392996105,-1.6564894159372416,0.25555555555555554,-1.0085551414255993,0.6720000000000002,-0.3688905206430433
2024-11-19,33.8,24.5,28.9,71,0.9,6.0,1008.8,8.9,21,22.6,0,0.585185185185185,0.6626406851455896,0.5789473684210527,0.11023717328082044,0.5909090909090908,0.9358399439010381,0.5,-0.647611552360373,0.5251798561151055,-0.008127201912856584,0.17509727626459143,-1.56204454078956,0.058333333333333334,-1.8658570123680132,0.7120000000000002,-0.14388966453217367
2024-11-20,35.2,24.3,28.2,75,1.4,5.0,1008.6,13.0,32,22.8,0,0.6888888888888892,1.310310303719284,0.5614035087719299,-0.03388498346484352,0.5113636363636364,0.4219088966752762,0.5909090909090909,-0.2637424846881462,0.5107913669064773,-0.11039974277956023,0.3346303501945525,-0.5939845705258241,0.08888888888888889,-1.733035595743132,0.7280000000000001,-0.05388932208782614
2024-11-21,33.0,24.1,27.7,81,5.9,5.0,1007.9,8.7,27,23.9,0,0.525925925925926,0.2925437602463384,0.5438596491228072,-0.17800714021050748,0.45454545454545453,0.05481529151401737,0.7272727272727273,0.3120611168201941,0.46043165467625813,-0.4683536358131683,0.1673151750972762,-1.609266978363401,0.075,-1.7934089669362598,0.816,0.44111256135608606
2024-11-22,33.3,24.0,28.2,78,0.5,2.0,1008.2,8.9,8,23.5,0,0.548148148148148,0.43133010708355674,0.5350877192982456,-0.2500682185833407,0.5113636363636364,0.4219088966752762,0.6590909090909091,0.02415931606602393,0.4820143884892127,-0.31494482451302563,0.17509727626459143,-1.56204454078956,0.022222222222222223,-2.022827777470145,0.784,0.26111187646739104
2024-11-23,33.8,23.7,28.2,78,0.3,2.0,1008.7,10.0,32,23.6,0,0.585185185185185,0.6626406851455896,0.5087719298245613,-0.46625145370183796,0.5113636363636364,0.4219088966752762,0.6590909090909091,0.02415931606602393,0.5179856115107955,-0.05926347234617934,0.21789883268482488,-1.3023211341334358,0.08888888888888889,-1.733035595743132,0.7920000000000001,0.30611204768956557
2024-11-24,33.2,24.8,27.9,81,3.8,8.0,1008.9,13.8,358,24.1,0,0.5407407407407411,0.38506799147115284,0.605263157894737,0.3264204083993177,0.4772727272727271,0.2016527335785204,0.7272727272727273,0.3120611168201941,0.5323741007194237,0.04300906852052431,0.3657587548638132,-0.4050948202304608,0.9944444444444445,2.203308206048796,0.8320000000000002,0.5311129038004352
2024-11-25,34.2,24.1,28.9,72,0.1,1.0,1008.6,10.8,57,22.8,0,0.6148148148148151,0.8476891475952184,0.5438596491228072,-0.17800714021050748,0.5909090909090908,0.9358399439010381,0.5227272727272727,-0.5516442854423164,0.5107913669064773,-0.11039974277956023,0.24902723735408558,-1.1134313838380725,0.15833333333333333,-1.4311687397774935,0.7280000000000001,-0.05388932208782614
2024-11-26,34.8,24.8,29.7,67,0.0,0.0,1007.8,8.9,33,22.3,0,0.6592592592592591,1.1252618412696551,0.605263157894737,0.3264204083993177,0.6818181818181818,1.5231897121590527,0.4090909090909091,-1.0314806200325999,0.4532374100719399,-0.5194899062465492,0.17509727626459143,-1.56204454078956,0.09166666666666666,-1.7209609215045065,0.6880000000000002,-0.27889017819869577
2024-11-27,34.5,24.1,29.1,65,0.9,5.0,1008.2,11.1,12,21.4,0,0.6370370370370372,0.9864754944324368,0.5438596491228072,-0.17800714021050748,0.6136363636363639,1.0826773859655436,0.36363636363636365,-1.2234151538687135,0.4820143884892127,-0.31494482451302563,0.2607003891050583,-1.0425977274773115,0.03333333333333333,-1.974529080515643,0.616,-0.6838917191982621
2024-11-28,33.7,25.0,28.8,61,0.7,3.0,1009.3,16.5,22,20.2,0,0.5777777777777781,0.6163785695331856,0.6228070175438597,0.4705425651449816,0.5795454545454547,0.8624212228687879,0.2727272727272727,-1.6072842215409402,0.5611510791366883,0.24755415025398972,0.47081712062256803,0.23240808701638957,0.06111111111111111,-1.8537823381293876,0.52,-1.223893773864349
2024-11-29,30.8,24.1,27.0,63,0.0,0.0,1009.6,15.7,20,19.1,0,0.3629629629629631,-0.7252227832266056,0.5438596491228072,-0.17800714021050748,0.37500000000000006,-0.4591157557117445,0.3181818181818182,-1.4153496877048268,0.5827338129496429,0.4009629615541324,0.43968871595330733,0.04351833672102628,0.05555555555555555,-1.8779316866066387,0.43200000000000016,-1.718895657308261
2024-11-30,33.5,23.0,27.8,59,0.0,0.0,1008.5,9.4,10,18.7,0,0.5629629629629631,0.5238543383083711,0.44736842105263164,-0.970679002311663,0.46590909090909105,0.12823401254627018,0.22727272727272727,-1.7992187553770538,0.5035971223021591,-0.16153601321294112,0.19455252918287935,-1.443988446854958,0.027777777777777776,-1.998678428992894,0.4,-1.8988963421969578
2024-12-01,33.4,25.1,28.5,69,0.3,2.0,1007.5,11.1,315,21.9,0,0.5555555555555556,0.47759222269596396,0.6315789473684211,0.5426036435178149,0.5454545454545455,0.6421650597720321,0.45454545454545453,-0.8395460861964865,0.4316546762589935,-0.6728987175466338,0.2607003891050583,-1.0425977274773115,0.875,1.6840972137878976,0.6559999999999999,-0.4588908630873924
2024-12-02,34.2,25.8,28.7,73,0.7,6.0,1007.1,8.2,176,23.0,0,0.6148148148148151,0.8476891475952184,0.6929824561403509,1.04703119212764,0.5681818181818181,0.7890025018365351,0.5454545454545454,-0.4556770185242597,0.4028776978417289,-0.8774437992800992,0.14785992217898827,-1.7273230722980029,0.4888888888888889,0.005717494618946604,0.7440000000000001,0.03611102035652139
2024-12-03,28.4,25.4,26.6,87,4.5,11.0,1007.7,5.0,245,24.3,0,0.18518518518518517,-1.835513557924364,0.6578947368421051,0.7587868786363096,0.32954545454545475,-0.7527906398407506,0.8636363636363636,0.8878647183285344,0.4460431654676299,-0.5706261766798719,0.02334630350194551,-2.4828820734794554,0.6805555555555556,0.8388700170841094,0.8480000000000001,0.6211132462447827
2024-12-04,31.4,23.1,26.7,85,2.0,7.0,1007.5,8.1,356,23.6,0,0.4074074074074074,-0.44765008955216723,0.4561403508771931,-0.8986179239388299,0.3409090909090909,-0.6793719188085003,0.8181818181818182,0.695930184492421,0.4316546762589935,-0.6728987175466338,0.1439688715953307,-1.7509342910849233,0.9888888888888889,2.179158857571545,0.7920000000000001,0.30611204768956557
2024-12-05,29.6,23.6,26.4,86,1.2,6.0,1007.3,12.5,336,23.8,0,0.2740740740740743,-1.2803681705754841,0.5000000000000001,-0.5383125320746687,0.3068181818181817,-0.8996280819052562,0.8409090909090909,0.7918974514104776,0.4172661870503571,-0.7751712584133955,0.3151750972762645,-0.712040664460426,0.9333333333333333,1.937665372799034,0.8080000000000002,0.39611239013391314
2024-12-06,31.5,23.5,27.0,86,4.2,6.0,1007.8,10.0,69,24.2,0,0.4148148148148149,-0.40138797393976006,0.4912280701754386,-0.6103736104475019,0.37500000000000006,-0.4591157557117445,0.8409090909090909,0.7918974514104776,0.4532374100719399,-0.5194899062465492,0.21789883268482488,-1.3023211341334358,0.19166666666666668,-1.2862726489139868,0.84,0.5761130750226082
2024-12-07,29.7,23.6,26.2,91,4.4,11.0,1008.7,7.3,28,24.5,0,0.28148148148148155,-1.2341060549630785,0.5000000000000001,-0.5383125320746687,0.28409090909090906,-1.0464655239697591,0.9545454545454546,1.2717337860007614,0.5179856115107955,-0.05926347234617934,0.11284046692607,-1.939824041380286,0.07777777777777778,-1.7813342926976343,0.8640000000000001,0.7111135886891303
2024-12-08,32.1,23.7,27.6,78,0.0,0.0,1008.6,10.3,8,23.1,0,0.4592592592592595,-0.12381528026532002,0.5087719298245613,-0.46625145370183796,0.4431818181818184,-0.018603429518232836,0.6590909090909091,0.02415931606602393,0.5107913669064773,-0.11039974277956023,0.22957198443579765,-1.2314874777726743,0.022222222222222223,-2.022827777470145,0.7520000000000002,0.08111119157869595
2024-12-09,32.0,24.5,27.6,71,0.0,0.0,1007.5,11.6,22,21.7,0,0.45185185185185195,-0.17007739587772722,0.5789473684210527,0.11023717328082044,0.4431818181818184,-0.018603429518232836,0.5,-0.647611552360373,0.4316546762589935,-0.6728987175466338,0.28015564202334625,-0.9245416335427096,0.06111111111111111,-1.8537823381293876,0.64,-0.54889120553174
2024-12-10,31.4,23.8,26.7,75,0.9,4.0,1006.8,13.9,4,21.8,0,0.4074074074074074,-0.44765008955216723,0.5175438596491229,-0.3941903753290047,0.3409090909090909,-0.6793719188085003,0.5909090909090909,-0.2637424846881462,0.38129496402877433,-1.0308526105802418,0.3696498054474708,-0.3814836014435405,0.011111111111111112,-2.071126474424647,0.6480000000000001,-0.5038910343095654
2024-12-11,30.5,23.2,25.9,86,13.8,10.0,1006.2,11.7,12,23.1,0,0.34074074074074084,-0.8640091300638256,0.4649122807017544,-0.8265568455659992,0.2499999999999999,-1.266721687066515,0.8409090909090909,0.7918974514104776,0.33812949640288154,-1.337670233180411,0.2840466926070038,-0.9009304147557893,0.03333333333333333,-1.974529080515643,0.7520000000000002,0.08111119157869595
2024-12-12,30.0,23.8,26.1,91,14.6,12.0,1006.6,13.6,45,24.3,1,0.3037037037037038,-1.0953197081258585,0.5175438596491229,-0.3941903753290047,0.27272727272727293,-1.1198842450020094,0.9545454545454546,1.2717337860007614,0.3669064748201461,-1.1331251514469454,0.357976653696498,-0.4523172578043018,0.125,-1.576064830641,0.8480000000000001,0.6211132462447827
2024-12-13,29.7,24.2,26.3,89,21.0,15.0,1007.7,15.3,88,24.3,1,0.28148148148148155,-1.2341060549630785,0.5526315789473684,-0.10594606183767678,0.2954545454545456,-0.9730468029375063,0.9090909090909091,1.0797992521646478,0.4460431654676299,-0.5706261766798719,0.42412451361867703,-0.05092653842665494,0.24444444444444444,-1.0568538383801014,0.8480000000000001,0.6211132462447827
2024-12-14,27.0,23.8,25.3,93,9.8,17.0,1009.6,9.5,343,24.0,0,0.08148148148148159,-2.483183176498055,0.5175438596491229,-0.3941903753290047,0.18181818181818196,-1.707234013260024,1.0,1.4636683198368747,0.5827338129496429,0.4009629615541324,0.19844357976653693,-1.4203772280680378,0.9527777777777777,2.022188092469413,0.8240000000000001,0.48611273257826065
2024-12-15,28.8,23.8,25.8,89,9.2,14.0,1010.7,7.7,351,23.7,0,0.21481481481481499,-1.6504650954747369,0.5175438596491229,-0.3941903753290047,0.23863636363636379,-1.3401404080987653,0.9090909090909091,1.0797992521646478,0.6618705035971266,0.9634619363212059,0.12840466926070038,-1.8453791662326047,0.975,2.118785486378417,0.8,0.35111221891173855
2024-12-16,28.4,22.8,25.3,79,0.0,0.0,1011.1,10.6,7,21.4,0,0.18518518518518517,-1.835513557924364,0.4298245614035089,-1.114801159057327,0.18181818181818196,-1.707234013260024,0.6818181818181818,0.12012658298408065,0.6906474820143913,1.1680070180546713,0.24124513618677038,-1.1606538214119135,0.019444444444444445,-2.0349024517087706,0.616,-0.6838917191982621
2024-12-17,29.1,21.6,25.3,79,0.0,0.0,1010.3,9.1,347,21.4,0,0.23703703703703724,-1.511678748637517,0.3245614035087721,-1.9795340995313133,0.18181818181818196,-1.707234013260024,0.6818181818181818,0.12012658298408065,0.6330935251798538,0.7589168545876823,0.18287937743190658,-1.5148221032157194,0.9638888888888889,2.070486789423915,0.616,-0.6838917191982621
2024-12-18,30.8,21.4,25.9,79,0.1,1.0,1009.7,9.8,357,21.7,0,0.3629629629629631,-0.7252227832266056,0.3070175438596491,-2.12365625627698,0.2499999999999999,-1.266721687066515,0.6818181818181818,0.12012658298408065,0.589928057553961,0.4520992319875133,0.21011673151750973,-1.3495435717072763,0.9916666666666667,2.1912335318101706,0.64,-0.54889120553174
2024-12-19,30.5,22.3,26.1,78,0.1,1.0,1009.9,11.9,354,21.8,0,0.34074074074074084,-0.8640091300638256,0.38596491228070184,-1.4751065509214882,0.27272727272727293,-1.1198842450020094,0.6590909090909091,0.02415931606602393,0.6043165467625893,0.5543717728542169,0.29182879377431903,-0.8537079771819482,0.9833333333333333,2.155009509094294,0.6480000000000001,-0.5038910343095654
2024-12-20,30.3,20.8,25.4,76,0.0,0.0,1009.8,7.0,341,20.6,0,0.32592592592592606,-0.9565333612886384,0.2543859649122808,-2.5560227265139717,0.1931818181818181,-1.633815292227774,0.6136363636363636,-0.1677752177700895,0.5971223021582711,0.503235502420836,0.10116731517509725,-2.0106576977410473,0.9472222222222222,1.9980387439921619,0.5520000000000002,-1.0438930889756521
2024-12-21,29.4,19.5,24.7,76,0.0,0.0,1010.5,8.2,325,20.0,0,0.25925925925925924,-1.3728924018002986,0.14035087719298256,-3.4928167453607912,0.11363636363636363,-2.1477463394535357,0.6136363636363636,-0.1677752177700895,0.6474820143884903,0.8611893954544442,0.14785992217898827,-1.7273230722980029,0.9027777777777778,1.804843956174153,0.504,-1.3138941163086963
2024-12-22,27.8,19.6,24.0,72,0.0,0.0,1010.0,9.4,340,18.4,0,0.1407407407407409,-2.1130862515988027,0.14912280701754407,-3.420755666987958,0.03409090909090917,-2.6616773866792975,0.5227272727272727,-0.5516442854423164,0.6115107913669074,0.6055080432875978,0.19455252918287935,-1.443988446854958,0.9444444444444444,1.9859640697535361,0.37599999999999995,-2.03389685586348
2024-12-23,31.2,19.6,25.1,72,0.0,0.0,1008.8,12.8,329,19.4,0,0.39259259259259266,-0.54017432077698,0.14912280701754407,-3.420755666987958,0.1590909090909093,-1.8540714553245272,0.5227272727272727,-0.5516442854423164,0.5251798561151055,-0.008127201912856584,0.32684824902723736,-0.6412070080996647,0.9138888888888889,1.8531426531286552,0.45599999999999996,-1.5838951436417406
2024-12-24,30.5,23.6,26.8,64,0.0,0.0,1009.4,17.8,358,19.4,0,0.34074074074074084,-0.8640091300638256,0.5000000000000001,-0.5383125320746687,0.3522727272727274,-0.6059531977762476,0.3409090909090909,-1.3193824207867701,0.5683453237410064,0.2986904206873706,0.5214007782101167,0.5393539312463548,0.9944444444444445,2.203308206048796,0.45599999999999996,-1.5838951436417406
2024-12-25,32.4,23.6,27.7,60,0.0,0.0,1009.8,18.7,4,19.1,0,0.48148148148148145,0.014971066571898358,0.5000000000000001,-0.5383125320746687,0.45454545454545453,0.05481529151401737,0.25,-1.703251488458997,0.5971223021582711,0.503235502420836,0.5564202334630349,0.751854900328638,0.011111111111111112,-2.071126474424647,0.43200000000000016,-1.718895657308261
2024-12-26,31.5,23.9,27.6,72,1.0,7.0,1011.4,14.6,81,22.0,0,0.4148148148148149,-0.40138797393976006,0.5263157894736841,-0.322129296956174,0.4431818181818184,-0.018603429518232836,0.5227272727272727,-0.5516442854423164,0.7122302158273377,1.3214158293547558,0.39688715953307385,-0.21620506993509792,0.225,-1.1413765580504802,0.664,-0.4138906918652179
2024-12-27,32.9,24.3,26.6,85,17.3,6.0,1012.1,11.4,25,23.6,0,0.5185185185185185,0.24628164463393118,0.5614035087719299,-0.03388498346484352,0.32954545454545475,-0.7527906398407506,0.8181818181818182,0.695930184492421,0.7625899280575569,1.679369722388364,0.2723735408560311,-0.9717640711165502,0.06944444444444445,-1.8175583154135109,0.7920000000000001,0.30611204768956557
2024-12-28,31.0,23.8,25.9,89,8.8,10.0,1012.1,10.5,278,23.7,0,0.3777777777777779,-0.6326985520017928,0.5175438596491229,-0.3941903753290047,0.2499999999999999,-1.266721687066515,0.9090909090909091,1.0797992521646478,0.7625899280575569,1.679369722388364,0.2373540856031128,-1.1842650401988337,0.7722222222222223,1.2373342669587524,0.8,0.35111221891173855
2024-12-29,30.4,21.9,25.8,78,0.0,0.0,1011.6,12.3,2,21.3,0,0.3333333333333333,-0.9102712456762329,0.35087719298245607,-1.7633508644128186,0.23863636363636379,-1.3401404080987653,0.6590909090909091,0.02415931606602393,0.726618705035974,1.4236883702215177,0.3073929961089494,-0.7592631020342666,0.005555555555555556,-2.0952758229018986,0.6080000000000001,-0.728891890420435
2024-12-30,30.4,20.5,25.4,76,0.0,0.0,1011.4,7.9,327,20.7,0,0.3333333333333333,-0.9102712456762329,0.22807017543859656,-2.772205961632469,0.1931818181818181,-1.633815292227774,0.6136363636363636,-0.1677752177700895,0.7122302158273377,1.3214158293547558,0.13618677042801555,-1.7981567286587639,0.9083333333333333,1.8289933046514042,0.56,-0.9988929177534792
2024-12-31,30.4,21.8,26.0,78,0.0,0.0,1010.4,13.4,6,21.6,0,0.3333333333333333,-0.9102712456762329,0.34210526315789486,-1.8354119427856495,0.2613636363636364,-1.1933029660342622,0.6590909090909091,0.02415931606602393,0.6402877697841721,0.8100531250210632,0.35019455252918286,-0.4995396953781424,0.016666666666666666,-2.046977125947396,0.6320000000000001,-0.5938913767539129
2025-01-01,28.6,22.3,25.3,77,0.0,0.0,1009.2,9.4,3,20.9,0,0.2000000000000002,-1.7429893266995498,0.38596491228070184,-1.4751065509214882,0.18181818181818196,-1.707234013260024,0.6363636363636364,-0.07180795085203279,0.5539568345323783,0.19641787982066697,0.19455252918287935,-1.443988446854958,0.008333333333333333,-2.083201148663273,0.576,-0.9088925753091317
2025-01-02,30.7,22.4,26.0,81,0.3,3.0,1009.2,8.6,352,22.4,0,0.3555555555555556,-0.7714848988390128,0.3947368421052631,-1.4030454725486576,0.2613636363636364,-1.1933029660342622,0.7272727272727273,0.3120611168201941,0.5539568345323783,0.19641787982066697,0.16342412451361862,-1.6328781971503212,0.9777777777777777,2.130860160617043,0.696,-0.2338900069765228
2025-01-03,30.6,23.4,26.6,79,0.8,2.0,1009.4,8.3,39,22.5,0,0.3481481481481484,-0.8177470144514184,0.4824561403508771,-0.6824346888203352,0.32954545454545475,-0.7527906398407506,0.6818181818181818,0.12012658298408065,0.5683453237410064,0.2986904206873706,0.1517509727626459,-1.7037118535110822,0.10833333333333334,-1.6485128760727532,0.7040000000000001,-0.18888983575434823
2025-01-04,31.7,22.3,26.9,72,0.2,2.0,1009.4,12.0,344,20.9,0,0.4296296296296297,-0.30886374271494726,0.38596491228070184,-1.4751065509214882,0.36363636363636354,-0.5325344767439973,0.5227272727272727,-0.5516442854423164,0.5683453237410064,0.2986904206873706,0.2957198443579766,-0.830096758395028,0.9555555555555556,2.0342627667080384,0.576,-0.9088925753091317
2025-01-05,33.1,22.6,27.1,71,0.0,0.0,1010.4,10.2,5,20.5,0,0.5333333333333335,0.3388058758587456,0.41228070175438614,-1.258923315802991,0.3863636363636366,-0.3856970346794917,0.5,-0.647611552360373,0.6402877697841721,0.8100531250210632,0.22568093385214,-1.2550986965595952,0.013888888888888888,-2.0590518001860216,0.544,-1.0888932601978267
2025-01-06,32.4,21.9,27.0,68,0.0,0.0,1010.4,10.1,330,19.9,0,0.48148148148148145,0.014971066571898358,0.35087719298245607,-1.7633508644128186,0.37500000000000006,-0.4591157557117445,0.4318181818181818,-0.9355133531145432,0.6402877697841721,0.8100531250210632,0.22178988326848245,-1.2787099153465153,0.9166666666666666,1.8652173273672807,0.49599999999999994,-1.358894287530871
2025-01-07,32.6,21.6,27.0,72,0.0,0.0,1010.7,11.4,166,20.7,0,0.4962962962962965,0.1074952977967128,0.3245614035087721,-1.9795340995313133,0.37500000000000006,-0.4591157557117445,0.5227272727272727,-0.5516442854423164,0.6618705035971266,0.9634619363212059,0.2723735408560311,-0.9717640711165502,0.46111111111111114,-0.11502924776730886,0.56,-0.9988929177534792
2025-01-08,33.1,22.6,27.4,69,0.0,0.0,1010.5,11.8,217,20.3,0,0.5333333333333335,0.3388058758587456,0.41228070175438614,-1.258923315802991,0.42045454545454536,-0.16544087158273846,0.45454545454545453,-0.8395460861964865,0.6474820143884903,0.8611893954544442,0.28793774319066145,-0.8773191959688685,0.6027777777777777,0.500779138402594,0.5280000000000001,-1.1788936026421744
2025-01-09,32.6,22.1,27.2,65,0.0,0.0,1011.3,9.5,358,19.5,0,0.4962962962962965,0.1074952977967128,0.36842105263157915,-1.619228707667152,0.3977272727272727,-0.3122783136472415,0.36363636363636365,-1.2234151538687135,0.7050359712230194,1.270279558921375,0.19844357976653693,-1.4203772280680378,0.9944444444444445,2.203308206048796,0.4640000000000001,-1.538894972419566
2025-01-10,33.6,23.9,28.1,58,0.0,0.0,1012.6,13.1,19,18.4,0,0.5703703703703705,0.5701164539207784,0.5263157894736841,-0.322129296956174,0.5000000000000002,0.34849017564302603,0.20454545454545456,-1.8951860222951105,0.7985611510791396,1.9350510745552103,0.33852140077821,-0.5703733517389038,0.05277777777777778,-1.8900063608452642,0.37599999999999995,-2.03389685586348
2025-01-11,33.0,22.3,27.1,51,0.0,0.0,1013.4,14.5,11,15.7,0,0.525925925925926,0.2925437602463384,0.38596491228070184,-1.4751065509214882,0.3863636363636366,-0.3856970346794917,0.045454545454545456,-2.5669568907215075,0.8561151079136688,2.344141238022141,0.3929961089494163,-0.23981628872201824,0.030555555555555555,-1.9866037547542685,0.16,-3.2489014788621753
2025-01-12,31.8,21.3,26.3,52,0.0,0.0,1012.6,12.7,8,15.4,0,0.43703703703703717,-0.26260162710254004,0.29824561403508787,-2.1957173346498107,0.2954545454545456,-0.9730468029375063,0.06818181818181818,-2.4709896238034506,0.7985611510791396,1.9350510745552103,0.3229571984435797,-0.6648182268865854,0.022222222222222223,-2.022827777470145,0.1360000000000001,-3.383901992528697
2025-01-13,31.0,19.5,25.4,53,0.0,0.0,1011.8,9.9,317,14.9,0,0.3777777777777779,-0.6326985520017928,0.14035087719298256,-3.4928167453607912,0.1931818181818181,-1.633815292227774,0.09090909090909091,-2.375022356885394,0.7410071942446023,1.5259609110882213,0.2140077821011673,-1.3259323529203562,0.8805555555555555,1.7082465622651486,0.09600000000000009,-3.6089028486395662
2025-01-14,34.0,22.0,26.4,70,9.5,7.0,1011.4,13.7,24,19.8,0,0.6000000000000001,0.755164916370404,0.3596491228070176,-1.6912897860399854,0.3068181818181817,-0.8996280819052562,0.4772727272727273,-0.7435788192784298,0.7122302158273377,1.3214158293547558,0.3618677042801556,-0.4287060390173815,0.06666666666666667,-1.8296329896521364,0.4880000000000001,-1.403894458753044
2025-01-15,31.1,23.3,26.5,84,5.3,1.0,1011.1,8.9,19,23.4,0,0.3851851851851854,-0.5864364363893856,0.4736842105263159,-0.7544957671931659,0.31818181818181823,-0.8262093608730033,0.7954545454545454,0.5999629175743643,0.6906474820143913,1.1680070180546713,0.17509727626459143,-1.56204454078956,0.05277777777777778,-1.8900063608452642,0.7759999999999999,0.21611170524521645
2025-01-16,31.2,23.3,26.8,74,0.7,5.0,1011.3,15.3,27,21.5,0,0.39259259259259266,-0.54017432077698,0.4736842105263159,-0.7544957671931659,0.3522727272727274,-0.6059531977762476,0.5681818181818182,-0.35970975160620294,0.7050359712230194,1.270279558921375,0.42412451361867703,-0.05092653842665494,0.075,-1.7934089669362598,0.6240000000000001,-0.6388915479760875
2025-01-17,30.4,20.8,25.3,69,0.0,0.0,1010.6,11.4,45,18.8,0,0.3333333333333333,-0.9102712456762329,0.2543859649122808,-2.5560227265139717,0.18181818181818196,-1.707234013260024,0.45454545454545453,-0.8395460861964865,0.6546762589928085,0.912325665887825,0.2723735408560311,-0.9717640711165502,0.125,-1.576064830641,0.40800000000000014,-1.8538961709747832
2025-01-18,31.0,20.4,25.6,72,0.0,0.0,1010.1,9.7,318,19.9,0,0.3777777777777779,-0.6326985520017928,0.21929824561403505,-2.844267040005302,0.21590909090909113,-1.4869778501632682,0.5227272727272727,-0.5516442854423164,0.6187050359712256,0.6566443137209788,0.20622568093385207,-1.3731547904941972,0.8833333333333333,1.720321236503774,0.49599999999999994,-1.358894287530871
2025-01-19,31.8,21.7,26.4,77,0.0,0.0,1009.0,10.4,320,21.5,0,0.43703703703703717,-0.26260162710254004,0.3333333333333333,-1.9074730211584827,0.3068181818181817,-0.8996280819052562,0.6363636363636364,-0.07180795085203279,0.5395683453237419,0.0941453389539052,0.23346303501945523,-1.2078762589857541,0.8888888888888888,1.7444705849810254,0.6240000000000001,-0.6388915479760875
2025-01-20,31.8,21.8,26.3,72,0.0,0.0,1008.9,13.2,176,20.2,0,0.43703703703703717,-0.26260162710254004,0.34210526315789486,-1.8354119427856495,0.2954545454545456,-0.9730468029375063,0.5227272727272727,-0.5516442854423164,0.5323741007194237,0.04300906852052431,0.3424124513618676,-0.5467621329519835,0.4888888888888889,0.005717494618946604,0.52,-1.223893773864349
2025-01-21,32.8,21.1,26.5,66,0.0,0.0,1009.6,10.0,19,18.7,0,0.511111111111111,0.20001952902152395,0.2807017543859651,-2.3398394913954745,0.31818181818181823,-0.8262093608730033,0.38636363636363635,-1.1274478869506568,0.5827338129496429,0.4009629615541324,0.21789883268482488,-1.3023211341334358,0.05277777777777778,-1.8900063608452642,0.4,-1.8988963421969578
2025-01-22,34.0,21.3,26.5,66,0.0,0.0,1009.9,16.9,151,18.7,0,0.6000000000000001,0.755164916370404,0.29824561403508787,-2.1957173346498107,0.31818181818181823,-0.8262093608730033,0.38636363636363635,-1.1274478869506568,0.6043165467625893,0.5543717728542169,0.4863813229571983,0.3268529621640708,0.41944444444444445,-0.29614936134669206,0.4,-1.8988963421969578
2025-01-23,34.3,22.8,27.7,66,0.0,0.0,1009.8,10.9,157,19.9,0,0.6222222222222221,0.8939512632076224,0.4298245614035089,-1.114801159057327,0.45454545454545453,0.05481529151401737,0.38636363636363635,-1.1274478869506568,0.5971223021582711,0.503235502420836,0.2529182879377432,-1.089820165051152,0.4361111111111111,-0.22370131591493878,0.49599999999999994,-1.358894287530871
2025-01-24,34.9,23.1,27.8,67,0.3,2.0,1008.8,12.6,124,20.5,0,0.6666666666666666,1.1715239568820623,0.4561403508771931,-0.8986179239388299,0.46590909090909105,0.12823401254627018,0.4090909090909091,-1.0314806200325999,0.5251798561151055,-0.008127201912856584,0.3190661478599221,-0.6884294456735057,0.34444444444444444,-0.6221655657895818,0.544,-1.0888932601978267
2025-01-25,34.3,23.6,27.7,66,0.0,0.0,1008.8,13.9,135,20.2,0,0.6222222222222221,0.8939512632076224,0.5000000000000001,-0.5383125320746687,0.45454545454545453,0.05481529151401737,0.38636363636363635,-1.1274478869506568,0.5251798561151055,-0.008127201912856584,0.3696498054474708,-0.3814836014435405,0.375,-0.4893441491647008,0.52,-1.223893773864349
2025-01-26,34.0,23.8,27.9,65,0.4,3.0,1009.2,15.0,109,20.1,0,0.6000000000000001,0.755164916370404,0.5175438596491229,-0.3941903753290047,0.4772727272727271,0.2016527335785204,0.36363636363636365,-1.2234151538687135,0.5539568345323783,0.19641787982066697,0.4124513618677042,-0.12176019478741629,0.30277777777777776,-0.803285679368965,0.5120000000000001,-1.2688939450865218
2025-01-27,32.6,21.6,26.8,61,0.0,0.0,1009.5,12.1,272,18.1,0,0.4962962962962965,0.1074952977967128,0.3245614035087721,-1.9795340995313133,0.3522727272727274,-0.6059531977762476,0.2727272727272727,-1.6072842215409402,0.5755395683453247,0.3498266911207515,0.2996108949416342,-0.8064855396081076,0.7555555555555555,1.164886221526999,0.35200000000000015,-2.1688973695300002
2025-01-28,32.9,21.4,26.5,61,0.0,0.0,1012.0,11.4,275,17.7,0,0.5185185185185185,0.24628164463393118,0.3070175438596491,-2.12365625627698,0.31818181818181823,-0.8262093608730033,0.2727272727272727,-1.6072842215409402,0.7553956834532386,1.628233451954983,0.2723735408560311,-0.9717640711165502,0.7638888888888888,1.2011102442428756,0.32,-2.348898054418697
2025-01-29,31.9,19.5,25.4,58,0.0,0.0,1013.4,12.6,104,15.6,0,0.4444444444444444,-0.21633951149013445,0.14035087719298256,-3.4928167453607912,0.1931818181818181,-1.633815292227774,0.20454545454545456,-1.8951860222951105,0.8561151079136688,2.344141238022141,0.3190661478599221,-0.6884294456735057,0.28888888888888886,-0.8636590505620927,0.15200000000000002,-3.2939016500843494
2025-01-30,30.7,20.3,25.6,62,0.0,0.0,1010.8,8.1,296,17.0,0,0.3555555555555556,-0.7714848988390128,0.21052631578947384,-2.916328118378133,0.21590909090909113,-1.4869778501632682,0.29545454545454547,-1.5113169546228835,0.6690647482014367,1.0145982067545287,0.1439688715953307,-1.7509342910849233,0.8222222222222222,1.454678403254012,0.26400000000000007,-2.663899252973914
2025-01-31,32.8,20.4,26.9,62,0.0,0.0,1009.5,9.8,295,17.8,0,0.511111111111111,0.20001952902152395,0.21929824561403505,-2.844267040005302,0.36363636363636354,-0.5325344767439973,0.29545454545454547,-1.5113169546228835,0.5755395683453247,0.3498266911207515,0.21011673151750973,-1.3495435717072763,0.8194444444444444,1.4426037290153866,0.3280000000000001,-2.3038978831965222
2025-02-01,33.8,22.4,27.4,67,0.0,0.0,1008.6,14.4,190,19.7,0,0.585185185185185,0.6626406851455896,0.3947368421052631,-1.4030454725486576,0.42045454545454536,-0.16544087158273846,0.4090909090909091,-1.0314806200325999,0.5107913669064773,-0.11039974277956023,0.3891050583657587,-0.2634275075089385,0.5277777777777778,0.17476293395970424,0.48,-1.4488946299752186
2025-02-02,34.6,22.1,27.6,63,0.0,0.0,1008.7,13.5,142,18.7,0,0.6444444444444447,1.032737610044844,0.36842105263157915,-1.619228707667152,0.4431818181818184,-0.018603429518232836,0.3181818181818182,-1.4153496877048268,0.5179856115107955,-0.05926347234617934,0.35408560311284043,-0.4759284765912221,0.39444444444444443,-0.404821429494322,0.4,-1.8988963421969578
2025-02-03,34.6,23.3,28.1,65,0.0,0.0,1009.1,12.7,136,20.1,0,0.6444444444444447,1.032737610044844,0.4736842105263159,-0.7544957671931659,0.5000000000000002,0.34849017564302603,0.36363636363636365,-1.2234151538687135,0.54676258992806,0.14528160938728607,0.3229571984435797,-0.6648182268865854,0.37777777777777777,-0.47726947492607524,0.5120000000000001,-1.2688939450865218
2025-02-04,34.3,23.8,28.2,56,0.0,0.0,1010.1,12.0,286,18.0,0,0.6222222222222221,0.8939512632076224,0.5175438596491229,-0.3941903753290047,0.5113636363636364,0.4219088966752762,0.1590909090909091,-2.087120556131224,0.6187050359712256,0.6566443137209788,0.2957198443579766,-0.830096758395028,0.7944444444444444,1.3339316608677567,0.3440000000000001,-2.213897540752175
2025-02-05,34.0,22.0,27.2,57,0.0,0.0,1009.7,17.2,121,17.1,0,0.6000000000000001,0.755164916370404,0.3596491228070176,-1.6912897860399854,0.3977272727272727,-0.3122783136472415,0.18181818181818182,-1.9911532892131671,0.589928057553961,0.4520992319875133,0.4980544747081711,0.3976866185248321,0.33611111111111114,-0.6583895885054585,0.2720000000000002,-2.6188990817517395
2025-02-06,33.3,21.7,26.8,66,0.0,0.0,1009.6,13.8,24,19.0,0,0.548148148148148,0.43133010708355674,0.3333333333333333,-1.9074730211584827,0.3522727272727274,-0.6059531977762476,0.38636363636363635,-1.1274478869506568,0.5827338129496429,0.4009629615541324,0.3657587548638132,-0.4050948202304608,0.06666666666666667,-1.8296329896521364,0.42400000000000004,-1.7638958285304356
2025-02-07,33.8,21.7,27.4,61,0.0,0.0,1009.9,11.8,271,18.0,0,0.585185185185185,0.6626406851455896,0.3333333333333333,-1.9074730211584827,0.42045454545454536,-0.16544087158273846,0.2727272727272727,-1.6072842215409402,0.6043165467625893,0.5543717728542169,0.28793774319066145,-0.8773191959688685,0.7527777777777778,1.1528115472883735,0.3440000000000001,-2.213897540752175
2025-02-08,34.7,22.9,28.0,57,0.0,0.0,1009.9,12.1,282,17.7,0,0.6518518518518521,1.0789997256572512,0.4385964912280701,-1.0427400806844964,0.4886363636363637,0.2750714546107732,0.18181818181818182,-1.9911532892131671,0.6043165467625893,0.5543717728542169,0.2996108949416342,-0.8064855396081076,0.7833333333333333,1.2856329639132544,0.32,-2.348898054418697
2025-02-09,33.1,21.6,27.1,54,0.0,0.0,1010.3,12.5,45,16.5,0,0.5333333333333335,0.3388058758587456,0.3245614035087721,-1.9795340995313133,0.3863636363636366,-0.3856970346794917,0.11363636363636363,-2.279055089967337,0.6330935251798538,0.7589168545876823,0.3151750972762645,-0.712040664460426,0.125,-1.576064830641,0.22400000000000006,-2.888900109084784
2025-02-10,33.4,22.8,27.5,55,0.0,0.0,1010.5,11.5,273,17.2,0,0.5555555555555556,0.47759222269596396,0.4298245614035089,-1.114801159057327,0.4318181818181819,-0.09202215055048565,0.13636363636363635,-2.1830878230492807,0.6474820143884903,0.8611893954544442,0.2762645914396887,-0.9481528523296299,0.7583333333333333,1.1769608957656246,0.28,-2.5738989105295667
2025-02-11,34.4,24.4,28.1,67,7.6,4.0,1010.4,17.2,175,20.7,0,0.6296296296296297,0.9402133788200295,0.5701754385964911,0.03817609490798718,0.5000000000000002,0.34849017564302603,0.4090909090909091,-1.0314806200325999,0.6402877697841721,0.8100531250210632,0.4980544747081711,0.3976866185248321,0.4861111111111111,-0.006357179619678942,0.56,-0.9988929177534792
2025-02-12,32.6,23.5,27.7,77,6.7,13.0,1010.4,10.3,236,22.8,0,0.4962962962962965,0.1074952977967128,0.4912280701754386,-0.6103736104475019,0.45454545454545453,0.05481529151401737,0.6363636363636364,-0.07180795085203279,0.6402877697841721,0.8100531250210632,0.22957198443579765,-1.2314874777726743,0.6555555555555556,0.7301979489364794,0.7280000000000001,-0.05388932208782614
2025-02-13,31.1,24.0,26.6,85,4.7,11.0,1011.0,9.4,151,23.8,0,0.3851851851851854,-0.5864364363893856,0.5350877192982456,-0.2500682185833407,0.32954545454545475,-0.7527906398407506,0.8181818181818182,0.695930184492421,0.683453237410073,1.1168707476212905,0.19455252918287935,-1.443988446854958,0.41944444444444445,-0.29614936134669206,0.8080000000000002,0.39611239013391314
2025-02-14,31.6,23.6,27.0,83,5.2,14.0,1010.2,9.6,154,23.6,0,0.42222222222222244,-0.35512585832735283,0.5000000000000001,-0.5383125320746687,0.37500000000000006,-0.4591157557117445,0.7727272727272727,0.5039956506563075,0.6258992805755439,0.7077805841543596,0.2023346303501945,-1.3967660092811174,0.42777777777777776,-0.2599253386308154,0.7920000000000001,0.30611204768956557
2025-02-15,31.8,23.3,26.8,81,2.4,12.0,1009.4,13.4,130,23.0,0,0.43703703703703717,-0.26260162710254004,0.4736842105263159,-0.7544957671931659,0.3522727272727274,-0.6059531977762476,0.7272727272727273,0.3120611168201941,0.5683453237410064,0.2986904206873706,0.35019455252918286,-0.4995396953781424,0.3611111111111111,-0.5497175203578285,0.7440000000000001,0.03611102035652139
2025-02-16,32.6,23.7,27.5,75,0.6,5.0,1010.2,13.5,120,22.4,0,0.4962962962962965,0.1074952977967128,0.5087719298245613,-0.46625145370183796,0.4318181818181819,-0.09202215055048565,0.5909090909090909,-0.2637424846881462,0.6258992805755439,0.7077805841543596,0.35408560311284043,-0.4759284765912221,0.3333333333333333,-0.670464262744084,0.696,-0.2338900069765228
2025-02-17,33.0,23.2,27.6,70,0.2,2.0,1011.1,12.5,124,21.2,0,0.525925925925926,0.2925437602463384,0.4649122807017544,-0.8265568455659992,0.4431818181818184,-0.018603429518232836,0.4772727272727273,-0.7435788192784298,0.6906474820143913,1.1680070180546713,0.3151750972762645,-0.712040664460426,0.34444444444444444,-0.6221655657895818,0.6,-0.7738920616426096
2025-02-18,34.0,23.5,27.8,70,1.2,5.0,1011.3,15.3,127,21.2,0,0.6000000000000001,0.755164916370404,0.4912280701754386,-0.6103736104475019,0.46590909090909105,0.12823401254627018,0.4772727272727273,-0.7435788192784298,0.7050359712230194,1.270279558921375,0.42412451361867703,-0.05092653842665494,0.3527777777777778,-0.5859415430737052,0.6,-0.7738920616426096
2025-02-19,33.7,23.3,27.2,78,11.8,2.0,1011.1,12.6,164,22.6,0,0.5777777777777781,0.6163785695331856,0.4736842105263159,-0.7544957671931659,0.3977272727272727,-0.3122783136472415,0.6590909090909091,0.02415931606602393,0.6906474820143913,1.1680070180546713,0.3190661478599221,-0.6884294456735057,0.45555555555555555,-0.13917859624455994,0.7120000000000002,-0.14388966453217367
2025-02-20,34.3,23.7,28.2,72,0.3,1.0,1010.8,12.9,125,22.0,0,0.6222222222222221,0.8939512632076224,0.5087719298245613,-0.46625145370183796,0.5113636363636364,0.4219088966752762,0.5227272727272727,-0.5516442854423164,0.6690647482014367,1.0145982067545287,0.33073929961089493,-0.6175957893127444,0.3472222222222222,-0.6100908915509563,0.664,-0.4138906918652179
2025-02-21,33.8,24.8,28.0,71,2.2,5.0,1011.5,10.9,99,21.8,0,0.585185185185185,0.6626406851455896,0.605263157894737,0.3264204083993177,0.4886363636363637,0.2750714546107732,0.5,-0.647611552360373,0.7194244604316559,1.3725520997881366,0.2529182879377432,-1.089820165051152,0.275,-0.9240324217552205,0.6480000000000001,-0.5038910343095654
2025-02-22,31.8,23.8,27.0,81,1.7,4.0,1011.8,12.6,65,23.1,0,0.43703703703703717,-0.26260162710254004,0.5175438596491229,-0.3941903753290047,0.37500000000000006,-0.4591157557117445,0.7272727272727273,0.3120611168201941,0.7410071942446023,1.5259609110882213,0.3190661478599221,-0.6884294456735057,0.18055555555555555,-1.3345713458684891,0.7520000000000002,0.08111119157869595
2025-02-23,31.5,24.4,27.4,78,1.5,4.0,1012.7,16.9,74,23.0,0,0.4148148148148149,-0.40138797393976006,0.5701754385964911,0.03817609490798718,0.42045454545454536,-0.16544087158273846,0.6590909090909091,0.02415931606602393,0.8057553956834578,1.9861873449885912,0.4863813229571983,0.3268529621640708,0.20555555555555555,-1.225899277720859,0.7440000000000001,0.03611102035652139
2025-02-24,32.7,24.4,27.8,76,0.2,2.0,1013.1,18.6,82,22.8,0,0.503703703703704,0.15375741340912003,0.5701754385964911,0.03817609490798718,0.46590909090909105,0.12823401254627018,0.6136363636363636,-0.1677752177700895,0.8345323741007225,2.1907324267220565,0.5525291828793775,0.728243681541718,0.22777777777777777,-1.1293018838118547,0.7280000000000001,-0.05388932208782614
2025-02-25,32.3,22.9,27.8,72,0.2,2.0,1014.0,15.6,71,21.7,0,0.474074074074074,-0.03129104904050886,0.4385964912280701,-1.0427400806844964,0.46590909090909105,0.12823401254627018,0.5227272727272727,-0.5516442854423164,0.8992805755395699,2.650958860622368,0.43579766536964976,0.01990711793410597,0.19722222222222222,-1.2621233004367358,0.64,-0.54889120553174
2025-02-26,34.2,24.4,28.5,68,0.1,1.0,1013.6,8.3,67,21.4,0,0.6148148148148151,0.8476891475952184,0.5701754385964911,0.03817609490798718,0.5454545454545455,0.6421650597720321,0.4318181818181818,-0.9355133531145432,0.8705035971223052,2.446413778888903,0.1517509727626459,-1.7037118535110822,0.18611111111111112,-1.3104219973912379,0.616,-0.6838917191982621
2025-02-27,35.3,24.1,28.7,66,0.0,0.0,1011.6,13.7,133,21.1,0,0.6962962962962962,1.356572419331688,0.5438596491228072,-0.17800714021050748,0.5681818181818181,0.7890025018365351,0.38636363636363635,-1.1274478869506568,0.726618705035974,1.4236883702215177,0.3618677042801556,-0.4287060390173815,0.36944444444444446,-0.5134934976419518,0.5920000000000002,-0.8188922328647825
2025-02-28,35.9,24.2,28.9,60,0.0,0.0,1010.9,17.0,124,19.8,0,0.7407407407407407,1.634145113006128,0.5526315789473684,-0.10594606183767678,0.5909090909090908,0.9358399439010381,0.25,-1.703251488458997,0.6762589928057549,1.0657344771879096,0.49027237354085595,0.3504641809509915,0.34444444444444444,-0.6221655657895818,0.4880000000000001,-1.403894458753044
2025-03-01,36.4,24.0,28.3,65,0.0,0.0,1009.9,18.5,133,20.5,0,0.7777777777777778,1.8654556910681608,0.5350877192982456,-0.2500682185833407,0.5227272727272728,0.49532761770752903,0.36363636363636365,-1.2234151538687135,0.6043165467625893,0.5543717728542169,0.5486381322957198,0.7046324627547973,0.36944444444444446,-0.5134934976419518,0.544,-1.0888932601978267
2025-03-02,34.9,24.3,28.4,63,0.0,0.0,1008.9,17.8,131,19.8,0,0.6666666666666666,1.1715239568820623,0.5614035087719299,-0.03388498346484352,0.534090909090909,0.5687463387397792,0.3181818181818182,-1.4153496877048268,0.5323741007194237,0.04300906852052431,0.5214007782101167,0.5393539312463548,0.3638888888888889,-0.537642846119203,0.4880000000000001,-1.403894458753044
2025-03-03,35.6,24.3,28.9,65,0.0,0.0,1008.1,14.6,138,20.7,0,0.7185185185185188,1.4953587661689096,0.5614035087719299,-0.03388498346484352,0.5909090909090908,0.9358399439010381,0.36363636363636365,-1.2234151538687135,0.4748201438848945,-0.36608109494640656,0.39688715953307385,-0.21620506993509792,0.38333333333333336,-0.45312012644882416,0.56,-0.9988929177534792
2025-03-04,35.5,24.4,29.0,71,0.0,0.0,1007.8,14.5,146,22.3,0,0.7111111111111112,1.4490966505565024,0.5701754385964911,0.03817609490798718,0.6022727272727273,1.0092586649332909,0.5,-0.647611552360373,0.4532374100719399,-0.5194899062465492,0.3929961089494163,-0.23981628872201824,0.40555555555555556,-0.3565227325398198,0.6880000000000002,-0.27889017819869577
2025-03-05,36.0,25.2,29.2,71,0.0,0.0,1007.5,14.9,134,22.7,0,0.7481481481481482,1.6804072286185352,0.6403508771929824,0.6146647218906456,0.625,1.156096106997794,0.5,-0.647611552360373,0.4316546762589935,-0.6728987175466338,0.40856031128404663,-0.14537141357433658,0.37222222222222223,-0.5014188234033263,0.72,-0.0988894933100007
2025-03-06,35.0,25.6,29.1,70,0.6,2.0,1009.1,14.3,130,22.5,0,0.6740740740740742,1.2177860724944696,0.6754385964912282,0.9029090353819761,0.6136363636363639,1.0826773859655436,0.4772727272727273,-0.7435788192784298,0.54676258992806,0.14528160938728607,0.38521400778210113,-0.28703872629585886,0.3611111111111111,-0.5497175203578285,0.7040000000000001,-0.18888983575434823
2025-03-07,35.7,25.0,29.2,68,0.8,4.0,1008.7,13.9,112,22.2,0,0.7259259259259262,1.5416208817813168,0.6228070175438597,0.4705425651449816,0.625,1.156096106997794,0.4318181818181818,-0.9355133531145432,0.5179856115107955,-0.05926347234617934,0.3696498054474708,-0.3814836014435405,0.3111111111111111,-0.7670616566530883,0.68,-0.3238903494208703
2025-03-08,35.2,24.5,29.3,68,0.9,5.0,1009.4,13.4,24,22.1,0,0.6888888888888892,1.310310303719284,0.5789473684210527,0.11023717328082044,0.6363636363636365,1.2295148280300467,0.4318181818181818,-0.9355133531145432,0.5683453237410064,0.2986904206873706,0.35019455252918286,-0.4995396953781424,0.06666666666666667,-1.8296329896521364,0.6720000000000002,-0.3688905206430433
2025-03-09,32.1,24.9,28.8,64,0.9,2.0,1010.8,8.8,42,20.9,0,0.4592592592592595,-0.12381528026532002,0.6140350877192982,0.39848148677214834,0.5795454545454547,0.8624212228687879,0.3409090909090909,-1.3193824207867701,0.6690647482014367,1.0145982067545287,0.17120622568093385,-1.5856557595764802,0.11666666666666667,-1.6122888533568767,0.576,-0.9088925753091317
2025-03-10,35.2,24.8,29.6,68,6.2,6.0,1011.1,15.7,85,22.3,0,0.6888888888888892,1.310310303719284,0.605263157894737,0.3264204083993177,0.6704545454545456,1.4497709911268026,0.4318181818181818,-0.9355133531145432,0.6906474820143913,1.1680070180546713,0.43968871595330733,0.04351833672102628,0.2361111111111111,-1.0930778610959782,0.6880000000000002,-0.27889017819869577
2025-03-11,36.4,25.1,30.3,60,0.0,0.0,1009.8,16.5,108,21.1,0,0.7777777777777778,1.8654556910681608,0.6315789473684211,0.5426036435178149,0.7500000000000001,1.9637020383525645,0.25,-1.703251488458997,0.5971223021582711,0.503235502420836,0.47081712062256803,0.23240808701638957,0.3,-0.8153603536075905,0.5920000000000002,-0.8188922328647825
2025-03-12,36.6,25.7,30.0,61,1.0,2.0,1008.7,15.8,119,21.1,0,0.7925925925925928,1.9579799222929752,0.6842105263157894,0.9749701137548068,0.7159090909090909,1.7434458752558086,0.2727272727272727,-1.6072842215409402,0.5179856115107955,-0.05926347234617934,0.44357976653696496,0.067129555507947,0.33055555555555555,-0.6825389369827095,0.5920000000000002,-0.8188922328647825
2025-03-13,35.9,25.8,29.7,62,0.0,0.0,1009.0,17.1,123,21.0,0,0.7407407407407407,1.634145113006128,0.6929824561403509,1.04703119212764,0.6818181818181818,1.5231897121590527,0.29545454545454547,-1.5113169546228835,0.5395683453237419,0.0941453389539052,0.4941634241245136,0.3740753997379122,0.3416666666666667,-0.6342402400282073,0.5840000000000001,-0.8638924040869571
2025-03-14,36.6,25.1,29.6,63,0.0,0.0,1009.9,17.0,124,21.0,0,0.7925925925925928,1.9579799222929752,0.6315789473684211,0.5426036435178149,0.6704545454545456,1.4497709911268026,0.3181818181818182,-1.4153496877048268,0.6043165467625893,0.5543717728542169,0.49027237354085595,0.3504641809509915,0.34444444444444444,-0.6221655657895818,0.5840000000000001,-0.8638924040869571
2025-03-15,36.4,24.9,29.4,70,0.0,0.0,1010.0,14.7,138,22.6,0,0.7777777777777778,1.8654556910681608,0.6140350877192982,0.39848148677214834,0.6477272727272726,1.3029335490622969,0.4772727272727273,-0.7435788192784298,0.6115107913669074,0.6055080432875978,0.4007782101167314,-0.19259385114817762,0.38333333333333336,-0.45312012644882416,0.7120000000000002,-0.14388966453217367
2025-03-16,35.2,25.4,29.0,72,1.6,4.0,1009.7,17.1,134,22.8,0,0.6888888888888892,1.310310303719284,0.6578947368421051,0.7587868786363096,0.6022727272727273,1.0092586649332909,0.5227272727272727,-0.5516442854423164,0.589928057553961,0.4520992319875133,0.4941634241245136,0.3740753997379122,0.37222222222222223,-0.5014188234033263,0.7280000000000001,-0.05388932208782614
2025-03-17,35.5,23.5,28.7,71,8.2,16.0,1010.1,11.9,16,22.4,0,0.7111111111111112,1.4490966505565024,0.4912280701754386,-0.6103736104475019,0.5681818181818181,0.7890025018365351,0.5,-0.647611552360373,0.6187050359712256,0.6566443137209788,0.29182879377431903,-0.8537079771819482,0.044444444444444446,-1.9262303835611407,0.696,-0.2338900069765228
2025-03-18,35.2,24.4,29.3,69,1.1,5.0,1010.7,10.4,129,22.3,0,0.6888888888888892,1.310310303719284,0.5701754385964911,0.03817609490798718,0.6363636363636365,1.2295148280300467,0.45454545454545453,-0.8395460861964865,0.6618705035971266,0.9634619363212059,0.23346303501945523,-1.2078762589857541,0.35833333333333334,-0.561792194596454,0.6880000000000002,-0.27889017819869577
2025-03-19,36.2,25.5,30.2,57,0.0,0.0,1012.2,12.4,23,19.7,0,0.7629629629629633,1.7729314598433497,0.6666666666666666,0.8308479570091428,0.7386363636363635,1.8902833173203117,0.18181818181818182,-1.9911532892131671,0.769784172661875,1.7305059928217448,0.31128404669260695,-0.7356518832473463,0.06388888888888888,-1.841707663890762,0.48,-1.4488946299752186
2025-03-20,35.7,23.6,29.1,54,0.0,0.0,1013.3,15.1,15,18.1,0,0.7259259259259262,1.5416208817813168,0.5000000000000001,-0.5383125320746687,0.6136363636363639,1.0826773859655436,0.11363636363636363,-2.279055089967337,0.8489208633093507,2.29300496758876,0.4163424124513618,-0.09814897600049598,0.041666666666666664,-1.9383050577997663,0.35200000000000015,-2.1688973695300002
2025-03-21,36.2,23.9,29.4,54,0.0,0.0,1013.2,13.5,33,18.2,0,0.7629629629629633,1.7729314598433497,0.5263157894736841,-0.322129296956174,0.6477272727272726,1.3029335490622969,0.11363636363636363,-2.279055089967337,0.8417266187050406,2.2418686971554376,0.35408560311284043,-0.4759284765912221,0.09166666666666666,-1.7209609215045065,0.36,-2.1238971983078274
2025-03-22,36.0,24.2,29.6,59,0.0,0.0,1011.7,13.0,102,19.9,0,0.7481481481481482,1.6804072286185352,0.5526315789473684,-0.10594606183767678,0.6704545454545456,1.4497709911268026,0.22727272727272727,-1.7992187553770538,0.7338129496402922,1.4748246406548986,0.3346303501945525,-0.5939845705258241,0.2833333333333333,-0.8878083990393438,0.49599999999999994,-1.358894287530871
2025-03-23,35.6,24.9,29.1,61,0.0,0.0,1011.3,13.9,143,20.0,0,0.7185185185185188,1.4953587661689096,0.6140350877192982,0.39848148677214834,0.6136363636363639,1.0826773859655436,0.2727272727272727,-1.6072842215409402,0.7050359712230194,1.270279558921375,0.3696498054474708,-0.3814836014435405,0.3972222222222222,-0.3927467552556964,0.504,-1.3138941163086963
2025-03-24,36.6,23.9,28.6,65,0.0,0.0,1009.7,20.1,132,20.4,0,0.7925925925925928,1.9579799222929752,0.5263157894736841,-0.322129296956174,0.556818181818182,0.7155837808042849,0.36363636363636365,-1.2234151538687135,0.589928057553961,0.4520992319875133,0.6108949416342412,1.0824119633455238,0.36666666666666664,-0.5255681718805775,0.5359999999999999,-1.1338934314200013
2025-03-25,33.0,24.5,27.7,66,0.0,0.0,1007.8,15.7,148,20.3,0,0.525925925925926,0.2925437602463384,0.5789473684210527,0.11023717328082044,0.45454545454545453,0.05481529151401737,0.38636363636363635,-1.1274478869506568,0.4532374100719399,-0.5194899062465492,0.43968871595330733,0.04351833672102628,0.4111111111111111,-0.33237338406256867,0.5280000000000001,-1.1788936026421744
2025-03-26,34.2,23.8,28.1,67,0.0,0.0,1006.4,12.3,141,20.8,0,0.6148148148148151,0.8476891475952184,0.5175438596491229,-0.3941903753290047,0.5000000000000002,0.34849017564302603,0.4090909090909091,-1.0314806200325999,0.3525179856115097,-1.2353976923137073,0.3073929961089494,-0.7592631020342666,0.39166666666666666,-0.4168961037329475,0.5680000000000001,-0.9538927465313046
2025-03-27,35.4,24.1,28.5,66,0.0,0.0,1005.8,14.0,143,20.5,0,0.7037037037037037,1.4028345349440952,0.5438596491228072,-0.17800714021050748,0.5454545454545455,0.6421650597720321,0.38636363636363635,-1.1274478869506568,0.30935251798560875,-1.5422153149139344,0.37354085603112835,-0.3578723826566202,0.3972222222222222,-0.3927467552556964,0.544,-1.0888932601978267
2025-03-28,34.8,23.7,28.6,69,0.1,1.0,1006.5,14.0,151,21.6,0,0.6592592592592591,1.1252618412696551,0.5087719298245613,-0.46625145370183796,0.556818181818182,0.7155837808042849,0.45454545454545453,-0.8395460861964865,0.35971223021582793,-1.1842614218803265,0.37354085603112835,-0.3578723826566202,0.41944444444444445,-0.29614936134669206,0.6320000000000001,-0.5938913767539129
2025-03-29,35.7,25.2,29.2,70,0.4,2.0,1007.8,16.6,133,22.6,0,0.7259259259259262,1.5416208817813168,0.6403508771929824,0.6146647218906456,0.625,1.156096106997794,0.4772727272727273,-0.7435788192784298,0.4532374100719399,-0.5194899062465492,0.47470817120622566,0.2560193058033103,0.36944444444444446,-0.5134934976419518,0.7120000000000002,-0.14388966453217367
2025-03-30,37.1,26.0,29.9,66,2.1,2.0,1009.1,18.1,122,22.1,0,0.8296296296296298,2.1892905003550083,0.7105263157894737,1.191153348873304,0.7045454545454544,1.6700271542235559,0.38636363636363635,-1.1274478869506568,0.54676258992806,0.14528160938728607,0.5330739299610895,0.6101875876071161,0.3388888888888889,-0.6463149142668329,0.6720000000000002,-0.3688905206430433
2025-03-31,33.6,25.0,28.9,71,2.9,8.0,1009.0,10.9,143,22.8,0,0.5703703703703705,0.5701164539207784,0.6228070175438597,0.4705425651449816,0.5909090909090908,0.9358399439010381,0.5,-0.647611552360373,0.5395683453237419,0.0941453389539052,0.2529182879377432,-1.089820165051152,0.3972222222222222,-0.3927467552556964,0.7280000000000001,-0.05388932208782614
2025-04-01,32.5,24.9,27.2,85,21.0,16.0,1009.0,9.0,140,24.2,1,0.488888888888889,0.061233182184305575,0.6140350877192982,0.39848148677214834,0.3977272727272727,-0.3122783136472415,0.8181818181818182,0.695930184492421,0.5395683453237419,0.0941453389539052,0.178988326848249,-1.5384333220026396,0.3888888888888889,-0.42897077797157307,0.84,0.5761130750226082
2025-04-02,29.3,24.4,26.6,86,0.8,5.0,1009.8,13.0,122,23.8,0,0.251851851851852,-1.419154517412704,0.5701754385964911,0.03817609490798718,0.32954545454545475,-0.7527906398407506,0.8409090909090909,0.7918974514104776,0.5971223021582711,0.503235502420836,0.3346303501945525,-0.5939845705258241,0.3388888888888889,-0.6463149142668329,0.8080000000000002,0.39611239013391314
2025-04-03,32.9,23.9,27.7,75,0.1,1.0,1010.7,11.7,107,22.6,0,0.5185185185185185,0.24628164463393118,0.5263157894736841,-0.322129296956174,0.45454545454545453,0.05481529151401737,0.5909090909090909,-0.2637424846881462,0.6618705035971266,0.9634619363212059,0.2840466926070038,-0.9009304147557893,0.2972222222222222,-0.8274350278462161,0.7120000000000002,-0.14388966453217367
2025-04-04,33.6,23.2,27.8,73,0.0,0.0,1010.0,13.1,126,22.1,0,0.5703703703703705,0.5701164539207784,0.4649122807017544,-0.8265568455659992,0.46590909090909105,0.12823401254627018,0.5454545454545454,-0.4556770185242597,0.6115107913669074,0.6055080432875978,0.33852140077821,-0.5703733517389038,0.35,-0.5980162173123307,0.6720000000000002,-0.3688905206430433
2025-04-05,33.6,23.9,28.0,75,0.0,0.0,1009.6,13.9,132,22.7,0,0.5703703703703705,0.5701164539207784,0.5263157894736841,-0.322129296956174,0.4886363636363637,0.2750714546107732,0.5909090909090909,-0.2637424846881462,0.5827338129496429,0.4009629615541324,0.3696498054474708,-0.3814836014435405,0.36666666666666664,-0.5255681718805775,0.72,-0.0988894933100007
2025-04-06,33.8,24.5,28.4,73,0.0,0.0,1009.7,14.1,129,22.5,0,0.585185185185185,0.6626406851455896,0.5789473684210527,0.11023717328082044,0.534090909090909,0.5687463387397792,0.5454545454545454,-0.4556770185242597,0.589928057553961,0.4520992319875133,0.37743190661478593,-0.3342611638696999,0.35833333333333334,-0.561792194596454,0.7040000000000001,-0.18888983575434823
2025-04-07,36.1,24.6,29.2,66,0.0,0.0,1010.6,15.6,126,21.4,0,0.7555555555555558,1.7266693442309424,0.5877192982456142,0.1822982516536537,0.625,1.156096106997794,0.38636363636363635,-1.1274478869506568,0.6546762589928085,0.912325665887825,0.43579766536964976,0.01990711793410597,0.35,-0.5980162173123307,0.616,-0.6838917191982621
2025-04-08,35.4,24.9,29.5,63,0.1,1.0,1011.1,15.1,121,21.2,0,0.7037037037037037,1.4028345349440952,0.6140350877192982,0.39848148677214834,0.6590909090909092,1.3763522700945499,0.3181818181818182,-1.4153496877048268,0.6906474820143913,1.1680070180546713,0.4163424124513618,-0.09814897600049598,0.33611111111111114,-0.6583895885054585,0.6,-0.7738920616426096
2025-04-09,35.8,25.7,29.4,68,1.3,3.0,1009.6,14.7,133,22.4,0,0.7333333333333333,1.5878829973937207,0.6842105263157894,0.9749701137548068,0.6477272727272726,1.3029335490622969,0.4318181818181818,-0.9355133531145432,0.5827338129496429,0.4009629615541324,0.4007782101167314,-0.19259385114817762,0.36944444444444446,-0.5134934976419518,0.696,-0.2338900069765228
2025-04-10,35.7,25.8,29.6,71,1.3,3.0,1007.9,9.9,154,23.2,0,0.7259259259259262,1.5416208817813168,0.6929824561403509,1.04703119212764,0.6704545454545456,1.4497709911268026,0.5,-0.647611552360373,0.46043165467625813,-0.4683536358131683,0.2140077821011673,-1.3259323529203562,0.42777777777777776,-0.2599253386308154,0.76,0.12611136280086893
2025-04-11,34.4,25.8,29.0,75,1.0,7.0,1007.5,12.2,144,23.7,0,0.6296296296296297,0.9402133788200295,0.6929824561403509,1.04703119212764,0.6022727272727273,1.0092586649332909,0.5909090909090909,-0.2637424846881462,0.4316546762589935,-0.6728987175466338,0.30350194552529175,-0.7828743208211874,0.4,-0.3806720810170709,0.8,0.35111221891173855
2025-04-12,35.5,25.3,29.9,71,0.4,3.0,1008.3,12.1,150,23.5,0,0.7111111111111112,1.4490966505565024,0.6491228070175439,0.6867258002634788,0.7045454545454544,1.6700271542235559,0.5,-0.647611552360373,0.4892086330935227,-0.2638085540797029,0.2996108949416342,-0.8064855396081076,0.4166666666666667,-0.3082240355853176,0.784,0.26111187646739104
2025-04-13,36.3,26.4,30.1,71,1.7,5.0,1008.7,14.7,129,23.6,0,0.7703703703703703,1.8191935754557536,0.7456140350877192,1.4793976623646319,0.7272727272727274,1.8168645962880614,0.5,-0.647611552360373,0.5179856115107955,-0.05926347234617934,0.4007782101167314,-0.19259385114817762,0.35833333333333334,-0.561792194596454,0.7920000000000001,0.30611204768956557
2025-04-14,36.6,26.3,30.1,67,4.7,2.0,1009.3,14.7,115,22.7,0,0.7925925925925928,1.9579799222929752,0.736842105263158,1.4073365839918013,0.7272727272727274,1.8168645962880614,0.4090909090909091,-1.0314806200325999,0.5611510791366883,0.24755415025398972,0.4007782101167314,-0.19259385114817762,0.3194444444444444,-0.7308376339372117,0.72,-0.0988894933100007
2025-04-15,35.5,26.3,30.2,65,1.7,7.0,1008.9,15.4,116,22.7,0,0.7111111111111112,1.4490966505565024,0.736842105263158,1.4073365839918013,0.7386363636363635,1.8902833173203117,0.36363636363636365,-1.2234151538687135,0.5323741007194237,0.04300906852052431,0.4280155642023346,-0.027315319639734638,0.32222222222222224,-0.7187629596985862,0.72,-0.0988894933100007
2025-04-16,35.6,26.7,29.9,66,1.8,6.0,1009.0,15.8,136,22.5,0,0.7185185185185188,1.4953587661689096,0.7719298245614035,1.695580897483129,0.7045454545454544,1.6700271542235559,0.38636363636363635,-1.1274478869506568,0.5395683453237419,0.0941453389539052,0.44357976653696496,0.067129555507947,0.37777777777777777,-0.47726947492607524,0.7040000000000001,-0.18888983575434823
2025-04-17,36.4,26.2,30.1,70,1.7,5.0,1008.6,12.7,139,23.4,0,0.7777777777777778,1.8654556910681608,0.7280701754385964,1.335275505618968,0.7272727272727274,1.8168645962880614,0.4772727272727273,-0.7435788192784298,0.5107913669064773,-0.11039974277956023,0.3229571984435797,-0.6648182268865854,0.3861111111111111,-0.4410454522101986,0.7759999999999999,0.21611170524521645
2025-04-18,36.0,25.5,30.1,70,1.6,6.0,1008.1,13.7,157,23.4,0,0.7481481481481482,1.6804072286185352,0.6666666666666666,0.8308479570091428,0.7272727272727274,1.8168645962880614,0.4772727272727273,-0.7435788192784298,0.4748201438848945,-0.36608109494640656,0.3618677042801556,-0.4287060390173815,0.4361111111111111,-0.22370131591493878,0.7759999999999999,0.21611170524521645
2025-04-19,35.9,26.3,30.3,69,0.4,4.0,1007.8,14.0,140,23.3,0,0.7407407407407407,1.634145113006128,0.736842105263158,1.4073365839918013,0.7500000000000001,1.9637020383525645,0.45454545454545453,-0.8395460861964865,0.4532374100719399,-0.5194899062465492,0.37354085603112835,-0.3578723826566202,0.3888888888888889,-0.42897077797157307,0.7680000000000001,0.1711115340230435
2025-04-20,36.7,26.0,30.4,68,0.0,0.0,1008.4,14.5,138,22.7,0,0.8000000000000003,2.0042420379053825,0.7105263157894737,1.191153348873304,0.7613636363636362,2.037120759384815,0.4318181818181818,-0.9355133531145432,0.4964028776978409,-0.212672283646322,0.3929961089494163,-0.23981628872201824,0.38333333333333336,-0.45312012644882416,0.72,-0.0988894933100007
2025-04-21,35.7,26.4,30.0,72,1.9,7.0,1009.8,15.7,131,23.9,0,0.7259259259259262,1.5416208817813168,0.7456140350877192,1.4793976623646319,0.7159090909090909,1.7434458752558086,0.5227272727272727,-0.5516442854423164,0.5971223021582711,0.503235502420836,0.43968871595330733,0.04351833672102628,0.3638888888888889,-0.537642846119203,0.816,0.44111256135608606
2025-04-22,33.2,26.6,29.2,75,3.9,5.0,1009.9,15.5,137,24.0,0,0.5407407407407411,0.38506799147115284,0.7631578947368423,1.6235198191102984,0.625,1.156096106997794,0.5909090909090909,-0.2637424846881462,0.6043165467625893,0.5543717728542169,0.4319066147859922,-0.003704100852814333,0.38055555555555554,-0.4651948006874497,0.8240000000000001,0.48611273257826065
2025-04-23,35.9,25.7,29.3,75,2.8,6.0,1009.0,12.7,160,24.0,0,0.7407407407407407,1.634145113006128,0.6842105263157894,0.9749701137548068,0.6363636363636365,1.2295148280300467,0.5909090909090909,-0.2637424846881462,0.5395683453237419,0.0941453389539052,0.3229571984435797,-0.6648182268865854,0.4444444444444444,-0.18747729319906214,0.8240000000000001,0.48611273257826065
2025-04-24,34.9,25.4,28.6,80,4.5,5.0,1008.6,14.6,194,24.4,0,0.6666666666666666,1.1715239568820623,0.6578947368421051,0.7587868786363096,0.556818181818182,0.7155837808042849,0.7045454545454546,0.21609384990213737,0.5107913669064773,-0.11039974277956023,0.39688715953307385,-0.21620506993509792,0.5388888888888889,0.22306163091420644,0.856,0.6661134174669557
2025-04-25,34.7,25.7,29.4,75,3.0,3.0,1009.0,10.1,159,24.1,0,0.6518518518518521,1.0789997256572512,0.6842105263157894,0.9749701137548068,0.6477272727272726,1.3029335490622969,0.5909090909090909,-0.2637424846881462,0.5395683453237419,0.0941453389539052,0.22178988326848245,-1.2787099153465153,0.44166666666666665,-0.1995519674376877,0.8320000000000002,0.5311129038004352
2025-04-26,34.1,24.9,28.4,81,15.2,8.0,1009.4,17.2,112,24.4,0,0.6074074074074076,0.8014270319828112,0.6140350877192982,0.39848148677214834,0.534090909090909,0.5687463387397792,0.7272727272727273,0.3120611168201941,0.5683453237410064,0.2986904206873706,0.4980544747081711,0.3976866185248321,0.3111111111111111,-0.7670616566530883,0.856,0.6661134174669557
2025-04-27,34.1,24.5,28.9,75,0.0,0.0,1009.3,12.9,121,23.4,0,0.6074074074074076,0.8014270319828112,0.5789473684210527,0.11023717328082044,0.5909090909090908,0.9358399439010381,0.5909090909090909,-0.2637424846881462,0.5611510791366883,0.24755415025398972,0.33073929961089493,-0.6175957893127444,0.33611111111111114,-0.6583895885054585,0.7759999999999999,0.21611170524521645
2025-04-28,36.1,25.9,30.1,70,0.0,0.0,1008.2,15.1,132,23.1,0,0.7555555555555558,1.7266693442309424,0.7017543859649121,1.1190922705004707,0.7272727272727274,1.8168645962880614,0.4772727272727273,-0.7435788192784298,0.4820143884892127,-0.31494482451302563,0.4163424124513618,-0.09814897600049598,0.36666666666666664,-0.5255681718805775,0.7520000000000002,0.08111119157869595
2025-04-29,36.7,25.9,30.7,63,0.1,1.0,1008.3,15.5,125,21.8,0,0.8000000000000003,2.0042420379053825,0.7017543859649121,1.1190922705004707,0.7954545454545454,2.2573769224815705,0.3181818181818182,-1.4153496877048268,0.4892086330935227,-0.2638085540797029,0.4319066147859922,-0.003704100852814333,0.3472222222222222,-0.6100908915509563,0.6480000000000001,-0.5038910343095654
2025-04-30,36.8,26.6,31.1,58,0.0,0.0,1008.1,15.5,123,21.1,0,0.8074074074074074,2.0505041535177866,0.7631578947368423,1.6235198191102984,0.840909090909091,2.551051806610579,0.20454545454545456,-1.8951860222951105,0.4748201438848945,-0.36608109494640656,0.4319066147859922,-0.003704100852814333,0.3416666666666667,-0.6342402400282073,0.5920000000000002,-0.8188922328647825
2025-05-01,36.0,27.8,30.3,66,2.5,5.0,1008.7,12.4,122,22.9,0,0.7481481481481482,1.6804072286185352,0.868421052631579,2.488252759584285,0.7500000000000001,1.9637020383525645,0.38636363636363635,-1.1274478869506568,0.5179856115107955,-0.05926347234617934,0.31128404669260695,-0.7356518832473463,0.3388888888888889,-0.6463149142668329,0.736,-0.008889150865653173
2025-05-02,34.9,27.2,29.9,68,3.2,6.0,1008.2,15.7,128,23.1,0,0.6666666666666666,1.1715239568820623,0.8157894736842104,2.0558862893472902,0.7045454545454544,1.6700271542235559,0.4318181818181818,-0.9355133531145432,0.4820143884892127,-0.31494482451302563,0.43968871595330733,0.04351833672102628,0.35555555555555557,-0.5738668688350796,0.7520000000000002,0.08111119157869595
2025-05-03,32.0,26.0,28.1,81,7.6,10.0,1008.2,12.8,122,24.4,0,0.45185185185185195,-0.17007739587772722,0.7105263157894737,1.191153348873304,0.5000000000000002,0.34849017564302603,0.7272727272727273,0.3120611168201941,0.4820143884892127,-0.31494482451302563,0.32684824902723736,-0.6412070080996647,0.3388888888888889,-0.6463149142668329,0.856,0.6661134174669557
2025-05-04,33.2,25.3,28.8,79,1.1,8.0,1007.0,12.6,137,24.4,0,0.5407407407407411,0.38506799147115284,0.6491228070175439,0.6867258002634788,0.5795454545454547,0.8624212228687879,0.6818181818181818,0.12012658298408065,0.3956834532374107,-0.9285800697134801,0.3190661478599221,-0.6884294456735057,0.38055555555555554,-0.4651948006874497,0.856,0.6661134174669557
2025-05-05,33.5,25.6,29.0,77,0.9,9.0,1007.3,14.4,163,24.3,0,0.5629629629629631,0.5238543383083711,0.6754385964912282,0.9029090353819761,0.6022727272727273,1.0092586649332909,0.6363636363636364,-0.07180795085203279,0.4172661870503571,-0.7751712584133955,0.3891050583657587,-0.2634275075089385,0.4527777777777778,-0.1512532704831855,0.8480000000000001,0.6211132462447827
2025-05-06,34.6,25.7,29.4,76,3.7,8.0,1007.1,12.2,176,24.3,0,0.6444444444444447,1.032737610044844,0.6842105263157894,0.9749701137548068,0.6477272727272726,1.3029335490622969,0.6136363636363636,-0.1677752177700895,0.4028776978417289,-0.8774437992800992,0.30350194552529175,-0.7828743208211874,0.4888888888888889,0.005717494618946604,0.8480000000000001,0.6211132462447827
2025-05-07,35.4,25.9,29.8,74,3.7,4.0,1006.4,12.3,202,24.3,0,0.7037037037037037,1.4028345349440952,0.7017543859649121,1.1190922705004707,0.6931818181818182,1.5966084331913055,0.5681818181818182,-0.35970975160620294,0.3525179856115097,-1.2353976923137073,0.3073929961089494,-0.7592631020342666,0.5611111111111111,0.3196590248232108,0.8480000000000001,0.6211132462447827
2025-05-08,37.4,26.0,30.9,68,0.4,2.0,1006.3,18.2,217,23.5,0,0.8518518518518519,2.3280768471922264,0.7105263157894737,1.191153348873304,0.818181818181818,2.4042143645460734,0.4318181818181818,-0.9355133531145432,0.34532374100719154,-1.2865339627470882,0.536964980544747,0.633798806394036,0.6027777777777777,0.500779138402594,0.784,0.26111187646739104
2025-05-09,37.2,27.3,31.1,68,1.4,4.0,1006.5,11.9,198,23.9,0,0.8370370370370374,2.2355526159674155,0.8245614035087719,2.1279473677201235,0.840909090909091,2.551051806610579,0.4318181818181818,-0.9355133531145432,0.35971223021582793,-1.1842614218803265,0.29182879377431903,-0.8537079771819482,0.55,0.2713603278687086,0.816,0.44111256135608606
2025-05-10,30.3,26.1,28.0,85,8.0,8.0,1006.9,11.6,166,25.1,0,0.32592592592592606,-0.9565333612886384,0.7192982456140352,1.2632144272461372,0.4886363636363637,0.2750714546107732,0.8181818181818182,0.695930184492421,0.3884892086330925,-0.9797163401468609,0.28015564202334625,-0.9245416335427096,0.46111111111111114,-0.11502924776730886,0.9120000000000001,0.9811146160221744
2025-05-11,32.9,25.1,27.8,85,10.5,12.0,1006.1,12.3,222,24.8,0,0.5185185185185185,0.24628164463393118,0.6315789473684211,0.5426036435178149,0.46590909090909105,0.12823401254627018,0.8181818181818182,0.695930184492421,0.3309352517985633,-1.3888065036137918,0.3073929961089494,-0.7592631020342666,0.6166666666666667,0.5611525095957217,0.8880000000000001,0.8461141023556523
2025-05-12,32.4,25.1,27.6,85,7.5,10.0,1006.4,11.9,161,24.7,0,0.48148148148148145,0.014971066571898358,0.6315789473684211,0.5426036435178149,0.4431818181818184,-0.018603429518232836,0.8181818181818182,0.695930184492421,0.3525179856115097,-1.2353976923137073,0.29182879377431903,-0.8537079771819482,0.44722222222222224,-0.1754026189604366,0.88,0.8011139311334778
2025-05-13,32.8,24.5,27.4,85,7.7,8.0,1008.0,12.3,128,24.4,0,0.511111111111111,0.20001952902152395,0.5789473684210527,0.11023717328082044,0.42045454545454536,-0.16544087158273846,0.8181818181818182,0.695930184492421,0.4676258992805763,-0.41721736537978743,0.3073929961089494,-0.7592631020342666,0.35555555555555557,-0.5738668688350796,0.856,0.6661134174669557
2025-05-14,33.3,25.8,28.7,82,5.9,3.0,1008.6,13.6,120,25.2,0,0.548148148148148,0.43133010708355674,0.6929824561403509,1.04703119212764,0.5681818181818181,0.7890025018365351,0.75,0.4080283837382508,0.5107913669064773,-0.11039974277956023,0.357976653696498,-0.4523172578043018,0.3333333333333333,-0.670464262744084,0.92,1.0261147872443475
2025-05-15,32.3,25.6,27.7,86,12.1,10.0,1008.9,9.5,77,25.0,0,0.474074074074074,-0.03129104904050886,0.6754385964912282,0.9029090353819761,0.45454545454545453,0.05481529151401737,0.8409090909090909,0.7918974514104776,0.5323741007194237,0.04300906852052431,0.19844357976653693,-1.4203772280680378,0.21388888888888888,-1.1896752550049825,0.904,0.9361144448
2025-05-16,33.2,25.5,28.5,83,5.7,4.0,1008.2,12.1,124,25.2,0,0.5407407407407411,0.38506799147115284,0.6666666666666666,0.8308479570091428,0.5454545454545455,0.6421650597720321,0.7727272727272727,0.5039956506563075,0.4820143884892127,-0.31494482451302563,0.2996108949416342,-0.8064855396081076,0.34444444444444444,-0.6221655657895818,0.92,1.0261147872443475
2025-05-17,32.3,25.4,28.7,80,3.3,4.0,1008.2,13.0,133,24.7,0,0.474074074074074,-0.03129104904050886,0.6578947368421051,0.7587868786363096,0.5681818181818181,0.7890025018365351,0.7045454545454546,0.21609384990213737,0.4820143884892127,-0.31494482451302563,0.3346303501945525,-0.5939845705258241,0.36944444444444446,-0.5134934976419518,0.88,0.8011139311334778
2025-05-18,33.7,25.9,29.1,78,1.4,4.0,1007.8,10.4,114,24.6,0,0.5777777777777781,0.6163785695331856,0.7017543859649121,1.1190922705004707,0.6136363636363639,1.0826773859655436,0.6590909090909091,0.02415931606602393,0.4532374100719399,-0.5194899062465492,0.23346303501945523,-1.2078762589857541,0.31666666666666665,-0.7429123081758373,0.8720000000000002,0.7561137599113048
2025-05-19,32.8,25.8,27.8,85,14.1,9.0,1007.6,15.3,131,25.0,1,0.511111111111111,0.20001952902152395,0.6929824561403509,1.04703119212764,0.46590909090909105,0.12823401254627018,0.8181818181818182,0.695930184492421,0.43884892086331173,-0.6217624471132528,0.42412451361867703,-0.05092653842665494,0.3638888888888889,-0.537642846119203,0.904,0.9361144448
2025-05-20,32.0,25.1,28.2,83,1.2,4.0,1007.4,10.8,121,24.9,0,0.45185185185185195,-0.17007739587772722,0.6315789473684211,0.5426036435178149,0.5113636363636364,0.4219088966752762,0.7727272727272727,0.5039956506563075,0.42446043165467534,-0.7240349879800146,0.24902723735408558,-1.1134313838380725,0.33611111111111114,-0.6583895885054585,0.8959999999999999,0.8911142735778254
2025-05-21,33.3,25.0,27.9,87,12.0,11.0,1007.1,12.8,175,25.2,0,0.548148148148148,0.43133010708355674,0.6228070175438597,0.4705425651449816,0.4772727272727271,0.2016527335785204,0.8636363636363636,0.8878647183285344,0.4028776978417289,-0.8774437992800992,0.32684824902723736,-0.6412070080996647,0.4861111111111111,-0.006357179619678942,0.92,1.0261147872443475
2025-05-22,31.8,23.9,26.9,88,32.0,15.0,1006.1,11.8,204,24.7,1,0.43703703703703717,-0.26260162710254004,0.5263157894736841,-0.322129296956174,0.36363636363636354,-0.5325344767439973,0.8863636363636364,0.9838319852465911,0.3309352517985633,-1.3888065036137918,0.28793774319066145,-0.8773191959688685,0.5666666666666667,0.3438083733004619,0.88,0.8011139311334778
2025-05-23,31.6,25.3,27.6,86,9.9,11.0,1004.9,9.5,183,24.9,0,0.42222222222222244,-0.35512585832735283,0.6491228070175439,0.6867258002634788,0.4431818181818184,-0.018603429518232836,0.8409090909090909,0.7918974514104776,0.24460431654676135,-2.0024417488142463,0.19844357976653693,-1.4203772280680378,0.5083333333333333,0.09024021428932542,0.8959999999999999,0.8911142735778254
2025-05-24,30.6,25.4,27.0,88,17.7,12.0,1006.1,11.0,130,24.8,1,0.3481481481481484,-0.8177470144514184,0.6578947368421051,0.7587868786363096,0.37500000000000006,-0.4591157557117445,0.8863636363636364,0.9838319852465911,0.3309352517985633,-1.3888065036137918,0.25680933852140075,-1.066208946264232,0.3611111111111111,-0.5497175203578285,0.8880000000000001,0.8461141023556523
2025-05-25,31.1,25.1,27.1,87,19.0,16.0,1008.1,11.5,144,24.7,0,0.3851851851851854,-0.5864364363893856,0.6315789473684211,0.5426036435178149,0.3863636363636366,-0.3856970346794917,0.8636363636363636,0.8878647183285344,0.4748201438848945,-0.36608109494640656,0.2762645914396887,-0.9481528523296299,0.4,-0.3806720810170709,0.88,0.8011139311334778
2025-05-26,32.7,24.4,27.7,86,6.0,9.0,1008.3,10.4,118,25.0,0,0.503703703703704,0.15375741340912003,0.5701754385964911,0.03817609490798718,0.45454545454545453,0.05481529151401737,0.8409090909090909,0.7918974514104776,0.4892086330935227,-0.2638085540797029,0.23346303501945523,-1.2078762589857541,0.3277777777777778,-0.6946136112213351,0.904,0.9361144448
2025-05-27,32.7,24.7,27.7,86,25.0,14.0,1007.8,11.3,174,24.9,1,0.503703703703704,0.15375741340912003,0.5964912280701754,0.2543593300264844,0.45454545454545453,0.05481529151401737,0.8409090909090909,0.7918974514104776,0.4532374100719399,-0.5194899062465492,0.26848249027237353,-0.9953752899034706,0.48333333333333334,-0.018431853858304488,0.8959999999999999,0.8911142735778254
2025-05-28,32.7,24.5,27.5,88,25.9,10.0,1006.6,10.1,84,25.1,1,0.503703703703704,0.15375741340912003,0.5789473684210527,0.11023717328082044,0.4318181818181819,-0.09202215055048565,0.8863636363636364,0.9838319852465911,0.3669064748201461,-1.1331251514469454,0.22178988326848245,-1.2787099153465153,0.23333333333333334,-1.1051525353346037,0.9120000000000001,0.9811146160221744
2025-05-29,32.9,24.9,27.0,90,24.9,21.0,1007.9,11.7,228,25.0,1,0.5185185185185185,0.24628164463393118,0.6140350877192982,0.39848148677214834,0.37500000000000006,-0.4591157557117445,0.9318181818181818,1.1757665190827045,0.46043165467625813,-0.4683536358131683,0.2840466926070038,-0.9009304147557893,0.6333333333333333,0.633600555027475,0.904,0.9361144448
2025-05-30,32.4,24.6,26.9,88,21.0,13.0,1009.5,14.9,228,24.6,1,0.48148148148148145,0.014971066571898358,0.5877192982456142,0.1822982516536537,0.36363636363636354,-0.5325344767439973,0.8863636363636364,0.9838319852465911,0.5755395683453247,0.3498266911207515,0.40856031128404663,-0.14537141357433658,0.6333333333333333,0.633600555027475,0.8720000000000002,0.7561137599113048
2025-05-31,32.9,24.7,27.5,84,10.4,7.0,1009.8,22.3,240,24.5,0,0.5185185185185185,0.24628164463393118,0.5964912280701754,0.2543593300264844,0.4318181818181819,-0.09202215055048565,0.7954545454545454,0.5999629175743643,0.5971223021582711,0.503235502420836,0.696498054474708,1.6018587766577723,0.6666666666666666,0.7784966458909816,0.8640000000000001,0.7111135886891303
2025-06-01,33.7,25.5,28.5,83,1.0,4.0,1009.0,14.2,238,24.9,0,0.5777777777777781,0.6163785695331856,0.6666666666666666,0.8308479570091428,0.5454545454545455,0.6421650597720321,0.7727272727272727,0.5039956506563075,0.5395683453237419,0.0941453389539052,0.3813229571984435,-0.31064994508277954,0.6611111111111111,0.7543472974137305,0.8959999999999999,0.8911142735778254
2025-06-02,31.3,25.8,27.6,86,2.0,9.0,1008.5,16.9,224,25.0,0,0.40000000000000013,-0.49391220516457285,0.6929824561403509,1.04703119212764,0.4431818181818184,-0.018603429518232836,0.8409090909090909,0.7918974514104776,0.5035971223021591,-0.16153601321294112,0.4863813229571983,0.3268529621640708,0.6222222222222222,0.5853018580729729,0.904,0.9361144448
2025-06-03,30.6,25.5,27.3,87,5.9,6.0,1007.9,16.2,239,24.8,0,0.3481481481481484,-0.8177470144514184,0.6666666666666666,0.8308479570091428,0.4090909090909092,-0.23885959261498868,0.8636363636363636,0.8878647183285344,0.46043165467625813,-0.4683536358131683,0.45914396887159525,0.16157443065562824,0.6638888888888889,0.766421971652356,0.8880000000000001,0.8461141023556523
2025-06-04,32.7,26.1,28.2,83,6.5,8.0,1007.5,11.9,233,25.0,0,0.503703703703704,0.15375741340912003,0.7192982456140352,1.2632144272461372,0.5113636363636364,0.4219088966752762,0.7727272727272727,0.5039956506563075,0.4316546762589935,-0.6728987175466338,0.29182879377431903,-0.8537079771819482,0.6472222222222223,0.6939739262206027,0.904,0.9361144448
2025-06-05,32.7,25.3,28.1,84,2.5,7.0,1007.7,12.7,228,25.1,0,0.503703703703704,0.15375741340912003,0.6491228070175439,0.6867258002634788,0.5000000000000002,0.34849017564302603,0.7954545454545454,0.5999629175743643,0.4460431654676299,-0.5706261766798719,0.3229571984435797,-0.6648182268865854,0.6333333333333333,0.633600555027475,0.9120000000000001,0.9811146160221744
2025-06-06,32.8,24.5,27.7,86,18.3,14.0,1007.8,10.7,240,24.9,1,0.511111111111111,0.20001952902152395,0.5789473684210527,0.11023717328082044,0.45454545454545453,0.05481529151401737,0.8409090909090909,0.7918974514104776,0.4532374100719399,-0.5194899062465492,0.24513618677042795,-1.1370426026249931,0.6666666666666666,0.7784966458909816,0.8959999999999999,0.8911142735778254
2025-06-07,30.0,24.5,27.0,89,23.4,16.0,1007.4,14.3,204,25.0,1,0.3037037037037038,-1.0953197081258585,0.5789473684210527,0.11023717328082044,0.37500000000000006,-0.4591157557117445,0.9090909090909091,1.0797992521646478,0.42446043165467534,-0.7240349879800146,0.38521400778210113,-0.28703872629585886,0.5666666666666667,0.3438083733004619,0.904,0.9361144448
2025-06-08,29.7,24.7,27.0,88,24.4,15.0,1006.9,14.6,228,24.7,1,0.28148148148148155,-1.2341060549630785,0.5964912280701754,0.2543593300264844,0.37500000000000006,-0.4591157557117445,0.8863636363636364,0.9838319852465911,0.3884892086330925,-0.9797163401468609,0.39688715953307385,-0.21620506993509792,0.6333333333333333,0.633600555027475,0.88,0.8011139311334778
2025-06-09,32.0,25.3,26.8,88,20.8,16.0,1006.0,16.5,231,24.7,1,0.45185185185185195,-0.17007739587772722,0.6491228070175439,0.6867258002634788,0.3522727272727274,-0.6059531977762476,0.8863636363636364,0.9838319852465911,0.32374100719424515,-1.4399427740471726,0.47081712062256803,0.23240808701638957,0.6416666666666667,0.6698245777433517,0.88,0.8011139311334778
2025-06-10,31.1,25.3,26.7,90,18.1,19.0,1004.9,15.5,250,24.9,1,0.3851851851851854,-0.5864364363893856,0.6491228070175439,0.6867258002634788,0.3409090909090909,-0.6793719188085003,0.9318181818181818,1.1757665190827045,0.24460431654676135,-2.0024417488142463,0.4319066147859922,-0.003704100852814333,0.6944444444444444,0.899243388277237,0.8959999999999999,0.8911142735778254
2025-06-11,29.8,25.0,26.4,89,13.0,14.0,1004.8,22.1,257,24.4,0,0.28888888888888903,-1.1878439393506712,0.6228070175438597,0.4705425651449816,0.3068181818181817,-0.8996280819052562,0.9090909090909091,1.0797992521646478,0.23741007194244315,-2.053578019247627,0.688715953307393,1.5546363390839317,0.7138888888888889,0.9837661079476159,0.856,0.6661134174669557
2025-06-12,30.3,24.8,26.7,88,3.3,14.0,1005.3,19.0,243,24.4,0,0.32592592592592606,-0.9565333612886384,0.605263157894737,0.3264204083993177,0.3409090909090909,-0.6793719188085003,0.8863636363636364,0.9838319852465911,0.27338129496402597,-1.7978966670807808,0.5680933852140077,0.8226885566893993,0.675,0.8147206686068582,0.856,0.6661134174669557
2025-06-13,30.6,24.8,27.0,88,10.2,9.0,1007.4,16.8,220,24.7,0,0.3481481481481484,-0.8177470144514184,0.605263157894737,0.3264204083993177,0.37500000000000006,-0.4591157557117445,0.8863636363636364,0.9838319852465911,0.42446043165467534,-0.7240349879800146,0.4824902723735408,0.3032417433771509,0.6111111111111112,0.5370031611184707,0.88,0.8011139311334778
2025-06-14,32.0,25.1,27.6,87,19.2,6.0,1008.5,16.9,203,25.1,0,0.45185185185185195,-0.17007739587772722,0.6315789473684211,0.5426036435178149,0.4431818181818184,-0.018603429518232836,0.8636363636363636,0.8878647183285344,0.5035971223021591,-0.16153601321294112,0.4863813229571983,0.3268529621640708,0.5638888888888889,0.33173369906183636,0.9120000000000001,0.9811146160221744
2025-06-15,32.9,25.3,28.4,84,6.0,6.0,1007.6,13.7,268,25.1,0,0.5185185185185185,0.24628164463393118,0.6491228070175439,0.6867258002634788,0.534090909090909,0.5687463387397792,0.7954545454545454,0.5999629175743643,0.43884892086331173,-0.6217624471132528,0.3618677042801556,-0.4287060390173815,0.7444444444444445,1.1165875245724968,0.9120000000000001,0.9811146160221744
2025-06-16,32.9,25.6,28.0,86,10.6,10.0,1007.8,8.3,279,25.1,0,0.5185185185185185,0.24628164463393118,0.6754385964912282,0.9029090353819761,0.4886363636363637,0.2750714546107732,0.8409090909090909,0.7918974514104776,0.4532374100719399,-0.5194899062465492,0.1517509727626459,-1.7037118535110822,0.775,1.2494089411973779,0.9120000000000001,0.9811146160221744
2025-06-17,33.0,25.0,27.5,87,15.1,8.0,1008.3,11.0,70,24.9,0,0.525925925925926,0.2925437602463384,0.6228070175438597,0.4705425651449816,0.4318181818181819,-0.09202215055048565,0.8636363636363636,0.8878647183285344,0.4892086330935227,-0.2638085540797029,0.25680933852140075,-1.066208946264232,0.19444444444444445,-1.2741979746753613,0.8959999999999999,0.8911142735778254
2025-06-18,32.4,24.6,27.2,88,8.1,9.0,1008.3,12.4,128,24.9,0,0.48148148148148145,0.014971066571898358,0.5877192982456142,0.1822982516536537,0.3977272727272727,-0.3122783136472415,0.8863636363636364,0.9838319852465911,0.4892086330935227,-0.2638085540797029,0.31128404669260695,-0.7356518832473463,0.35555555555555557,-0.5738668688350796,0.8959999999999999,0.8911142735778254
2025-06-19,32.5,24.1,27.3,87,8.2,5.0,1007.6,11.8,223,24.8,0,0.488888888888889,0.061233182184305575,0.5438596491228072,-0.17800714021050748,0.4090909090909092,-0.23885959261498868,0.8636363636363636,0.8878647183285344,0.43884892086331173,-0.6217624471132528,0.28793774319066145,-0.8773191959688685,0.6194444444444445,0.5732271838343472,0.8880000000000001,0.8461141023556523
2025-06-20,32.2,24.1,27.2,88,15.2,14.0,1007.6,10.6,224,25.0,1,0.466666666666667,-0.07755316465291279,0.5438596491228072,-0.17800714021050748,0.3977272727272727,-0.3122783136472415,0.8863636363636364,0.9838319852465911,0.43884892086331173,-0.6217624471132528,0.24124513618677038,-1.1606538214119135,0.6222222222222222,0.5853018580729729,0.904,0.9361144448
2025-06-21,31.7,24.1,26.6,88,3.0,10.0,1007.4,13.4,223,24.2,0,0.4296296296296297,-0.30886374271494726,0.5438596491228072,-0.17800714021050748,0.32954545454545475,-0.7527906398407506,0.8863636363636364,0.9838319852465911,0.42446043165467534,-0.7240349879800146,0.35019455252918286,-0.4995396953781424,0.6194444444444445,0.5732271838343472,0.84,0.5761130750226082
2025-06-22,30.7,24.5,26.5,87,11.7,11.0,1008.2,16.8,227,24.0,0,0.3555555555555556,-0.7714848988390128,0.5789473684210527,0.11023717328082044,0.31818181818181823,-0.8262093608730033,0.8636363636363636,0.8878647183285344,0.4820143884892127,-0.31494482451302563,0.4824902723735408,0.3032417433771509,0.6305555555555555,0.6215258807888495,0.8240000000000001,0.48611273257826065
2025-06-23,31.8,24.5,27.4,82,2.0,9.0,1007.4,16.4,240,23.8,0,0.43703703703703717,-0.26260162710254004,0.5789473684210527,0.11023717328082044,0.42045454545454536,-0.16544087158273846,0.75,0.4080283837382508,0.42446043165467534,-0.7240349879800146,0.4669260700389104,0.20879686822946883,0.6666666666666666,0.7784966458909816,0.8080000000000002,0.39611239013391314
2025-06-24,31.9,24.5,27.1,86,11.1,9.0,1007.2,18.8,245,24.5,0,0.4444444444444444,-0.21633951149013445,0.5789473684210527,0.11023717328082044,0.3863636363636366,-0.3856970346794917,0.8409090909090909,0.7918974514104776,0.4100719424460471,-0.8263075288467183,0.5603112840466925,0.7754661191155587,0.6805555555555556,0.8388700170841094,0.8640000000000001,0.7111135886891303
2025-06-25,31.3,24.9,26.7,87,19.1,11.0,1007.8,14.3,236,24.3,1,0.40000000000000013,-0.49391220516457285,0.6140350877192982,0.39848148677214834,0.3409090909090909,-0.6793719188085003,0.8636363636363636,0.8878647183285344,0.4532374100719399,-0.5194899062465492,0.38521400778210113,-0.28703872629585886,0.6555555555555556,0.7301979489364794,0.8480000000000001,0.6211132462447827
2025-06-26,29.8,24.4,26.1,92,26.0,17.0,1008.3,10.4,220,24.5,1,0.28888888888888903,-1.1878439393506712,0.5701754385964911,0.03817609490798718,0.27272727272727293,-1.1198842450020094,0.9772727272727273,1.367701052918818,0.4892086330935227,-0.2638085540797029,0.23346303501945523,-1.2078762589857541,0.6111111111111112,0.5370031611184707,0.8640000000000001,0.7111135886891303
2025-06-27,31.1,24.2,26.8,88,13.0,12.0,1007.9,13.4,215,24.5,0,0.3851851851851854,-0.5864364363893856,0.5526315789473684,-0.10594606183767678,0.3522727272727274,-0.6059531977762476,0.8863636363636364,0.9838319852465911,0.46043165467625813,-0.4683536358131683,0.35019455252918286,-0.4995396953781424,0.5972222222222222,0.4766297899253429,0.8640000000000001,0.7111135886891303
2025-06-28,31.0,24.8,26.8,87,19.8,6.0,1007.4,19.7,232,24.5,1,0.3777777777777779,-0.6326985520017928,0.605263157894737,0.3264204083993177,0.3522727272727274,-0.6059531977762476,0.8636363636363636,0.8878647183285344,0.42446043165467534,-0.7240349879800146,0.5953307392996108,0.9879670881978418,0.6444444444444445,0.6818992519819772,0.8640000000000001,0.7111135886891303
2025-06-29,31.7,24.7,27.2,84,5.9,8.0,1006.1,23.4,240,24.1,0,0.4296296296296297,-0.30886374271494726,0.5964912280701754,0.2543593300264844,0.3977272727272727,-0.3122783136472415,0.7954545454545454,0.5999629175743643,0.3309352517985633,-1.3888065036137918,0.7392996108949416,1.8615821833138961,0.6666666666666666,0.7784966458909816,0.8320000000000002,0.5311129038004352
2025-06-30,32.9,24.6,27.9,79,0.9,5.0,1005.7,16.4,273,23.6,0,0.5185185185185185,0.24628164463393118,0.5877192982456142,0.1822982516536537,0.4772727272727271,0.2016527335785204,0.6818181818181818,0.12012658298408065,0.30215827338129875,-1.5933515853472573,0.4669260700389104,0.20879686822946883,0.7583333333333333,1.1769608957656246,0.7920000000000001,0.30611204768956557
2025-07-01,30.9,24.9,26.9,88,16.7,13.0,1006.2,9.9,246,24.6,1,0.37037037037037035,-0.6789606676142,0.6140350877192982,0.39848148677214834,0.36363636363636354,-0.5325344767439973,0.8863636363636364,0.9838319852465911,0.33812949640288154,-1.337670233180411,0.2140077821011673,-1.3259323529203562,0.6833333333333333,0.8509446913227349,0.8720000000000002,0.7561137599113048
2025-07-02,31.1,24.1,26.5,89,21.0,15.0,1007.2,14.3,292,24.4,1,0.3851851851851854,-0.5864364363893856,0.5438596491228072,-0.17800714021050748,0.31818181818181823,-0.8262093608730033,0.9090909090909091,1.0797992521646478,0.4100719424460471,-0.8263075288467183,0.38521400778210113,-0.28703872629585886,0.8111111111111111,1.40637970629951,0.856,0.6661134174669557
2025-07-03,32.1,24.2,26.7,87,10.6,10.0,1008.0,11.8,287,24.1,0,0.4592592592592595,-0.12381528026532002,0.5526315789473684,-0.10594606183767678,0.3409090909090909,-0.6793719188085003,0.8636363636363636,0.8878647183285344,0.4676258992805763,-0.41721736537978743,0.28793774319066145,-0.8773191959688685,0.7972222222222223,1.3460063351063822,0.8320000000000002,0.5311129038004352
2025-07-04,31.9,24.0,27.4,83,2.4,7.0,1007.4,17.3,262,24.1,0,0.4444444444444444,-0.21633951149013445,0.5350877192982456,-0.2500682185833407,0.42045454545454536,-0.16544087158273846,0.7727272727272727,0.5039956506563075,0.42446043165467534,-0.7240349879800146,0.5019455252918288,0.42129783731175285,0.7277777777777777,1.0441394791407437,0.8320000000000002,0.5311129038004352
2025-07-05,32.4,24.8,27.6,85,9.9,6.0,1006.5,15.3,238,24.6,0,0.48148148148148145,0.014971066571898358,0.605263157894737,0.3264204083993177,0.4431818181818184,-0.018603429518232836,0.8181818181818182,0.695930184492421,0.35971223021582793,-1.1842614218803265,0.42412451361867703,-0.05092653842665494,0.6611111111111111,0.7543472974137305,0.8720000000000002,0.7561137599113048
2025-07-06,31.2,25.5,27.5,86,10.4,9.0,1007.0,13.4,226,24.8,0,0.39259259259259266,-0.54017432077698,0.6666666666666666,0.8308479570091428,0.4318181818181819,-0.09202215055048565,0.8409090909090909,0.7918974514104776,0.3956834532374107,-0.9285800697134801,0.35019455252918286,-0.4995396953781424,0.6277777777777778,0.6094512065502239,0.8880000000000001,0.8461141023556523
2025-07-07,31.2,24.8,26.7,89,16.0,11.0,1008.0,16.6,225,24.6,0,0.39259259259259266,-0.54017432077698,0.605263157894737,0.3264204083993177,0.3409090909090909,-0.6793719188085003,0.9090909090909091,1.0797992521646478,0.4676258992805763,-0.41721736537978743,0.47470817120622566,0.2560193058033103,0.625,0.5973765323115984,0.8720000000000002,0.7561137599113048
2025-07-08,31.1,24.6,27.0,87,15.0,12.0,1008.2,16.3,222,24.5,0,0.3851851851851854,-0.5864364363893856,0.5877192982456142,0.1822982516536537,0.37500000000000006,-0.4591157557117445,0.8636363636363636,0.8878647183285344,0.4820143884892127,-0.31494482451302563,0.4630350194552529,0.18518564944254895,0.6166666666666667,0.5611525095957217,0.8640000000000001,0.7111135886891303
2025-07-09,30.4,24.7,26.9,85,25.4,9.0,1007.3,15.1,245,24.2,1,0.3333333333333333,-0.9102712456762329,0.5964912280701754,0.2543593300264844,0.36363636363636354,-0.5325344767439973,0.8181818181818182,0.695930184492421,0.4172661870503571,-0.7751712584133955,0.4163424124513618,-0.09814897600049598,0.6805555555555556,0.8388700170841094,0.84,0.5761130750226082
2025-07-10,32.2,24.3,27.5,85,6.3,8.0,1005.0,22.0,240,24.5,0,0.466666666666667,-0.07755316465291279,0.5614035087719299,-0.03388498346484352,0.4318181818181819,-0.09202215055048565,0.8181818181818182,0.695930184492421,0.25179856115107957,-1.9513054783808652,0.6848249027237354,1.5310251202970109,0.6666666666666666,0.7784966458909816,0.8640000000000001,0.7111135886891303
2025-07-11,31.8,25.4,27.8,83,6.5,8.0,1004.2,16.1,234,24.5,0,0.43703703703703717,-0.26260162710254004,0.6578947368421051,0.7587868786363096,0.46590909090909105,0.12823401254627018,0.7727272727272727,0.5039956506563075,0.19424460431655036,-2.3603956418477963,0.45525291828793774,0.13796321186870833,0.65,0.7060486004592282,0.8640000000000001,0.7111135886891303
2025-07-12,31.9,25.1,27.4,87,18.1,11.0,1005.8,12.1,223,24.9,1,0.4444444444444444,-0.21633951149013445,0.6315789473684211,0.5426036435178149,0.42045454545454536,-0.16544087158273846,0.8636363636363636,0.8878647183285344,0.30935251798560875,-1.5422153149139344,0.2996108949416342,-0.8064855396081076,0.6194444444444445,0.5732271838343472,0.8959999999999999,0.8911142735778254
2025-07-13,31.7,25.2,27.4,86,7.8,8.0,1006.8,14.8,235,24.7,0,0.4296296296296297,-0.30886374271494726,0.6403508771929824,0.6146647218906456,0.42045454545454536,-0.16544087158273846,0.8409090909090909,0.7918974514104776,0.38129496402877433,-1.0308526105802418,0.40466926070038906,-0.16898263236125688,0.6527777777777778,0.7181232746978539,0.88,0.8011139311334778
2025-07-14,31.4,24.9,27.1,89,19.8,9.0,1006.8,12.8,226,25.0,1,0.4074074074074074,-0.44765008955216723,0.6140350877192982,0.39848148677214834,0.3863636363636366,-0.3856970346794917,0.9090909090909091,1.0797992521646478,0.38129496402877433,-1.0308526105802418,0.32684824902723736,-0.6412070080996647,0.6277777777777778,0.6094512065502239,0.904,0.9361144448
2025-07-15,30.8,24.7,27.1,88,15.7,13.0,1006.6,15.2,218,24.9,1,0.3629629629629631,-0.7252227832266056,0.5964912280701754,0.2543593300264844,0.3863636363636366,-0.3856970346794917,0.8863636363636364,0.9838319852465911,0.3669064748201461,-1.1331251514469454,0.42023346303501935,-0.07453775721357567,0.6055555555555555,0.5128538126412195,0.8959999999999999,0.8911142735778254
2025-07-16,30.7,24.5,26.7,89,11.1,7.0,1007.2,13.2,209,24.6,0,0.3555555555555556,-0.7714848988390128,0.5789473684210527,0.11023717328082044,0.3409090909090909,-0.6793719188085003,0.9090909090909091,1.0797992521646478,0.4100719424460471,-0.8263075288467183,0.3424124513618676,-0.5467621329519835,0.5805555555555556,0.4041817444935896,0.8720000000000002,0.7561137599113048
2025-07-17,28.7,24.6,26.7,89,15.1,8.0,1007.6,15.2,230,24.8,1,0.20740740740740746,-1.696727211087144,0.5877192982456142,0.1822982516536537,0.3409090909090909,-0.6793719188085003,0.9090909090909091,1.0797992521646478,0.43884892086331173,-0.6217624471132528,0.42023346303501935,-0.07453775721357567,0.6388888888888888,0.6577499035047261,0.8880000000000001,0.8461141023556523
2025-07-18,30.1,24.9,26.5,88,11.0,12.0,1006.5,14.8,260,24.3,0,0.31111111111111134,-1.0490575925134513,0.6140350877192982,0.39848148677214834,0.31818181818181823,-0.8262093608730033,0.8863636363636364,0.9838319852465911,0.35971223021582793,-1.1842614218803265,0.40466926070038906,-0.16898263236125688,0.7222222222222222,1.0199901306634924,0.8480000000000001,0.6211132462447827
2025-07-19,31.8,25.0,27.1,86,12.1,6.0,1004.1,18.3,242,24.5,0,0.43703703703703717,-0.26260162710254004,0.6228070175438597,0.4705425651449816,0.3863636363636366,-0.3856970346794917,0.8409090909090909,0.7918974514104776,0.18705035971223216,-2.411531912281177,0.5408560311284046,0.6574100251809567,0.6722222222222223,0.8026459943682327,0.8640000000000001,0.7111135886891303
2025-07-20,29.9,25.3,27.1,85,3.4,6.0,1004.4,17.1,236,24.4,0,0.2962962962962963,-1.1415818237382658,0.6491228070175439,0.6867258002634788,0.3863636363636366,-0.3856970346794917,0.8181818181818182,0.695930184492421,0.20863309352517856,-2.2581231009810927,0.4941634241245136,0.3740753997379122,0.6555555555555556,0.7301979489364794,0.856,0.6661134174669557
2025-07-21,31.1,24.7,27.2,84,5.4,14.0,1005.4,21.9,239,24.3,0,0.3851851851851854,-0.5864364363893856,0.5964912280701754,0.2543593300264844,0.3977272727272727,-0.3122783136472415,0.7954545454545454,0.5999629175743643,0.28057553956834413,-1.7467603966474,0.6809338521400777,1.5074139015100902,0.6638888888888889,0.766421971652356,0.8480000000000001,0.6211132462447827
2025-07-22,32.5,25.2,28.4,77,2.0,7.0,1004.6,22.6,236,23.8,0,0.488888888888889,0.061233182184305575,0.6403508771929824,0.6146647218906456,0.534090909090909,0.5687463387397792,0.6363636363636364,-0.07180795085203279,0.22302158273381495,-2.1558505601143305,0.708171206225681,1.6726924330185335,0.6555555555555556,0.7301979489364794,0.8080000000000002,0.39611239013391314
2025-07-23,31.4,25.4,28.1,81,18.4,8.0,1004.4,16.8,235,24.5,1,0.4074074074074074,-0.44765008955216723,0.6578947368421051,0.7587868786363096,0.5000000000000002,0.34849017564302603,0.7272727272727273,0.3120611168201941,0.20863309352517856,-2.2581231009810927,0.4824902723735408,0.3032417433771509,0.6527777777777778,0.7181232746978539,0.8640000000000001,0.7111135886891303
2025-07-24,33.0,25.9,28.9,76,0.0,0.0,1005.2,15.4,263,24.0,0,0.525925925925926,0.2925437602463384,0.7017543859649121,1.1190922705004707,0.5909090909090908,0.9358399439010381,0.6136363636363636,-0.1677752177700895,0.26618705035971596,-1.8490329375141035,0.4280155642023346,-0.027315319639734638,0.7305555555555555,1.0562141533793692,0.8240000000000001,0.48611273257826065
2025-07-25,33.3,24.8,28.7,76,4.0,3.0,1005.5,18.8,276,23.6,0,0.548148148148148,0.43133010708355674,0.605263157894737,0.3264204083993177,0.5681818181818181,0.7890025018365351,0.6136363636363636,-0.1677752177700895,0.28776978417266236,-1.695624126214019,0.5603112840466925,0.7754661191155587,0.7666666666666667,1.2131849184815013,0.7920000000000001,0.30611204768956557
2025-07-26,32.8,25.3,28.3,81,1.1,5.0,1006.1,15.5,255,24.6,0,0.511111111111111,0.20001952902152395,0.6491228070175439,0.6867258002634788,0.5227272727272728,0.49532761770752903,0.7272727272727273,0.3120611168201941,0.3309352517985633,-1.3888065036137918,0.4319066147859922,-0.003704100852814333,0.7083333333333334,0.9596167594703647,0.8720000000000002,0.7561137599113048
2025-07-27,31.2,25.3,27.2,85,15.9,10.0,1006.5,17.2,235,24.4,1,0.39259259259259266,-0.54017432077698,0.6491228070175439,0.6867258002634788,0.3977272727272727,-0.3122783136472415,0.8181818181818182,0.695930184492421,0.35971223021582793,-1.1842614218803265,0.4980544747081711,0.3976866185248321,0.6527777777777778,0.7181232746978539,0.856,0.6661134174669557
2025-07-28,30.0,24.7,26.9,87,3.6,13.0,1006.1,20.8,222,24.5,0,0.3037037037037038,-1.0953197081258585,0.5964912280701754,0.2543593300264844,0.36363636363636354,-0.5325344767439973,0.8636363636363636,0.8878647183285344,0.3309352517985633,-1.3888065036137918,0.6381322957198442,1.2476904948539664,0.6166666666666667,0.5611525095957217,0.8640000000000001,0.7111135886891303
2025-07-29,30.8,25.7,27.9,84,14.7,8.0,1005.9,17.9,224,24.8,1,0.3629629629629631,-0.7252227832266056,0.6842105263157894,0.9749701137548068,0.4772727272727271,0.2016527335785204,0.7954545454545454,0.5999629175743643,0.3165467625899269,-1.4910790444805535,0.5252918287937742,0.5629651500332746,0.6222222222222222,0.5853018580729729,0.8880000000000001,0.8461141023556523
2025-07-30,32.2,26.0,28.7,79,0.3,3.0,1006.7,18.4,234,24.5,0,0.466666666666667,-0.07755316465291279,0.7105263157894737,1.191153348873304,0.5681818181818181,0.7890025018365351,0.6818181818181818,0.12012658298408065,0.3741007194244643,-1.0819888810135645,0.5447470817120621,0.6810212439678767,0.65,0.7060486004592282,0.8640000000000001,0.7111135886891303
2025-07-31,32.3,25.7,28.0,84,11.5,9.0,1006.9,14.7,222,24.9,0,0.474074074074074,-0.03129104904050886,0.6842105263157894,0.9749701137548068,0.4886363636363637,0.2750714546107732,0.7954545454545454,0.5999629175743643,0.3884892086330925,-0.9797163401468609,0.4007782101167314,-0.19259385114817762,0.6166666666666667,0.5611525095957217,0.8959999999999999,0.8911142735778254
2025-08-01,32.3,25.4,28.4,83,0.8,4.0,1006.1,15.6,225,25.1,0,0.474074074074074,-0.03129104904050886,0.6578947368421051,0.7587868786363096,0.534090909090909,0.5687463387397792,0.7727272727272727,0.5039956506563075,0.3309352517985633,-1.3888065036137918,0.43579766536964976,0.01990711793410597,0.625,0.5973765323115984,0.9120000000000001,0.9811146160221744
2025-08-02,32.5,25.6,28.6,81,1.7,5.0,1007.1,12.6,224,24.9,0,0.488888888888889,0.061233182184305575,0.6754385964912282,0.9029090353819761,0.556818181818182,0.7155837808042849,0.7272727272727273,0.3120611168201941,0.4028776978417289,-0.8774437992800992,0.3190661478599221,-0.6884294456735057,0.6222222222222222,0.5853018580729729,0.8959999999999999,0.8911142735778254
2025-08-03,33.4,25.6,28.4,83,3.2,3.0,1008.5,13.0,220,25.0,0,0.5555555555555556,0.47759222269596396,0.6754385964912282,0.9029090353819761,0.534090909090909,0.5687463387397792,0.7727272727272727,0.5039956506563075,0.5035971223021591,-0.16153601321294112,0.3346303501945525,-0.5939845705258241,0.6111111111111112,0.5370031611184707,0.904,0.9361144448
2025-08-04,33.7,24.8,28.1,86,9.0,6.0,1008.3,11.5,200,25.2,0,0.5777777777777781,0.6163785695331856,0.605263157894737,0.3264204083993177,0.5000000000000002,0.34849017564302603,0.8409090909090909,0.7918974514104776,0.4892086330935227,-0.2638085540797029,0.2762645914396887,-0.9481528523296299,0.5555555555555556,0.2955096763459597,0.92,1.0261147872443475
2025-08-05,33.2,25.3,28.1,83,4.8,5.0,1008.0,15.5,201,24.6,0,0.5407407407407411,0.38506799147115284,0.6491228070175439,0.6867258002634788,0.5000000000000002,0.34849017564302603,0.7727272727272727,0.5039956506563075,0.4676258992805763,-0.41721736537978743,0.4319066147859922,-0.003704100852814333,0.5583333333333333,0.3075843505845853,0.8720000000000002,0.7561137599113048
2025-08-06,32.8,25.1,27.7,82,7.6,4.0,1008.1,16.1,192,24.1,0,0.511111111111111,0.20001952902152395,0.6315789473684211,0.5426036435178149,0.45454545454545453,0.05481529151401737,0.75,0.4080283837382508,0.4748201438848945,-0.36608109494640656,0.45525291828793774,0.13796321186870833,0.5333333333333333,0.19891228243695536,0.8320000000000002,0.5311129038004352
2025-08-07,33.3,24.6,28.4,79,1.7,3.0,1008.7,11.7,212,24.1,0,0.548148148148148,0.43133010708355674,0.5877192982456142,0.1822982516536537,0.534090909090909,0.5687463387397792,0.6818181818181818,0.12012658298408065,0.5179856115107955,-0.05926347234617934,0.2840466926070038,-0.9009304147557893,0.5888888888888889,0.4404057672094663,0.8320000000000002,0.5311129038004352
2025-08-08,33.7,24.5,28.3,82,6.8,4.0,1009.1,10.1,264,24.6,0,0.5777777777777781,0.6163785695331856,0.5789473684210527,0.11023717328082044,0.5227272727272728,0.49532761770752903,0.75,0.4080283837382508,0.54676258992806,0.14528160938728607,0.22178988326848245,-1.2787099153465153,0.7333333333333333,1.0682888276179947,0.8720000000000002,0.7561137599113048
2025-08-09,32.6,23.8,27.2,86,27.9,17.0,1009.1,11.9,271,24.5,1,0.4962962962962965,0.1074952977967128,0.5175438596491229,-0.3941903753290047,0.3977272727272727,-0.3122783136472415,0.8409090909090909,0.7918974514104776,0.54676258992806,0.14528160938728607,0.29182879377431903,-0.8537079771819482,0.7527777777777778,1.1528115472883735,0.8640000000000001,0.7111135886891303
2025-08-10,32.8,23.1,26.8,86,7.8,6.0,1007.6,13.2,251,23.9,0,0.511111111111111,0.20001952902152395,0.4561403508771931,-0.8986179239388299,0.3522727272727274,-0.6059531977762476,0.8409090909090909,0.7918974514104776,0.43884892086331173,-0.6217624471132528,0.3424124513618676,-0.5467621329519835,0.6972222222222222,0.9113180625158626,0.816,0.44111256135608606
2025-08-11,31.5,24.2,26.5,87,13.5,15.0,1007.0,16.0,234,24.0,0,0.4148148148148149,-0.40138797393976006,0.5526315789473684,-0.10594606183767678,0.31818181818181823,-0.8262093608730033,0.8636363636363636,0.8878647183285344,0.3956834532374107,-0.9285800697134801,0.4513618677042801,0.11435199308178762,0.65,0.7060486004592282,0.8240000000000001,0.48611273257826065
2025-08-12,31.4,24.1,26.8,85,4.4,14.0,1007.0,12.7,232,24.0,0,0.4074074074074074,-0.44765008955216723,0.5438596491228072,-0.17800714021050748,0.3522727272727274,-0.6059531977762476,0.8181818181818182,0.695930184492421,0.3956834532374107,-0.9285800697134801,0.3229571984435797,-0.6648182268865854,0.6444444444444445,0.6818992519819772,0.8240000000000001,0.48611273257826065
2025-08-13,31.1,24.3,26.5,87,17.1,9.0,1007.8,16.5,246,24.2,1,0.3851851851851854,-0.5864364363893856,0.5614035087719299,-0.03388498346484352,0.31818181818181823,-0.8262093608730033,0.8636363636363636,0.8878647183285344,0.4532374100719399,-0.5194899062465492,0.47081712062256803,0.23240808701638957,0.6833333333333333,0.8509446913227349,0.84,0.5761130750226082
2025-08-14,32.0,23.5,26.2,90,35.1,18.0,1006.8,10.7,281,24.3,1,0.45185185185185195,-0.17007739587772722,0.4912280701754386,-0.6103736104475019,0.28409090909090906,-1.0464655239697591,0.9318181818181818,1.1757665190827045,0.38129496402877433,-1.0308526105802418,0.24513618677042795,-1.1370426026249931,0.7805555555555556,1.273558289674629,0.8480000000000001,0.6211132462447827
2025-08-15,31.0,23.9,26.0,90,17.5,18.0,1005.1,19.0,243,24.2,1,0.3777777777777779,-0.6326985520017928,0.5263157894736841,-0.322129296956174,0.2613636363636364,-1.1933029660342622,0.9318181818181818,1.1757665190827045,0.25899280575539774,-1.9001692079474843,0.5680933852140077,0.8226885566893993,0.675,0.8147206686068582,0.84,0.5761130750226082
2025-08-16,29.1,23.9,25.1,92,28.8,19.0,1005.7,16.8,246,23.6,1,0.23703703703703724,-1.511678748637517,0.5263157894736841,-0.322129296956174,0.1590909090909093,-1.8540714553245272,0.9772727272727273,1.367701052918818,0.30215827338129875,-1.5933515853472573,0.4824902723735408,0.3032417433771509,0.6833333333333333,0.8509446913227349,0.7920000000000001,0.30611204768956557
2025-08-17,30.2,23.7,25.7,89,17.0,13.0,1007.6,15.3,254,23.6,1,0.3185185185185186,-1.0027954769010456,0.5087719298245613,-0.46625145370183796,0.22727272727272727,-1.413559129131018,0.9090909090909091,1.0797992521646478,0.43884892086331173,-0.6217624471132528,0.42412451361867703,-0.05092653842665494,0.7055555555555556,0.9475420852317392,0.7920000000000001,0.30611204768956557
2025-08-18,31.6,23.6,27.1,81,0.6,5.0,1008.9,13.7,241,23.3,0,0.42222222222222244,-0.35512585832735283,0.5000000000000001,-0.5383125320746687,0.3863636363636366,-0.3856970346794917,0.7272727272727273,0.3120611168201941,0.5323741007194237,0.04300906852052431,0.3618677042801556,-0.4287060390173815,0.6694444444444444,0.7905713201296071,0.7680000000000001,0.1711115340230435
2025-08-19,32.1,24.4,27.6,83,3.0,9.0,1009.2,9.6,231,24.3,0,0.4592592592592595,-0.12381528026532002,0.5701754385964911,0.03817609490798718,0.4431818181818184,-0.018603429518232836,0.7727272727272727,0.5039956506563075,0.5539568345323783,0.19641787982066697,0.2023346303501945,-1.3967660092811174,0.6416666666666667,0.6698245777433517,0.8480000000000001,0.6211132462447827
2025-08-20,33.0,23.5,27.3,84,28.5,8.0,1008.6,17.5,224,24.1,1,0.525925925925926,0.2925437602463384,0.4912280701754386,-0.6103736104475019,0.4090909090909092,-0.23885959261498868,0.7954545454545454,0.5999629175743643,0.5107913669064773,-0.11039974277956023,0.5097276264591439,0.46852027488559345,0.6222222222222222,0.5853018580729729,0.8320000000000002,0.5311129038004352
2025-08-21,27.9,23.1,24.8,92,45.9,24.0,1009.8,10.3,169,23.4,1,0.14814814814814814,-2.066824135986397,0.4561403508771931,-0.8986179239388299,0.12500000000000014,-2.074327618421283,0.9772727272727273,1.367701052918818,0.5971223021582711,0.503235502420836,0.22957198443579765,-1.2314874777726743,0.46944444444444444,-0.07880522505143223,0.7759999999999999,0.21611170524521645
2025-08-22,30.9,22.9,26.2,85,4.8,9.0,1009.2,17.3,206,23.2,0,0.37037037037037035,-0.6789606676142,0.4385964912280701,-1.0427400806844964,0.28409090909090906,-1.0464655239697591,0.8181818181818182,0.695930184492421,0.5539568345323783,0.19641787982066697,0.5019455252918288,0.42129783731175285,0.5722222222222222,0.367957721777713,0.76,0.12611136280086893
2025-08-23,30.7,23.7,26.7,86,11.6,6.0,1008.1,12.4,228,24.2,0,0.3555555555555556,-0.7714848988390128,0.5087719298245613,-0.46625145370183796,0.3409090909090909,-0.6793719188085003,0.8409090909090909,0.7918974514104776,0.4748201438848945,-0.36608109494640656,0.31128404669260695,-0.7356518832473463,0.6333333333333333,0.633600555027475,0.84,0.5761130750226082
2025-08-24,31.2,24.7,26.6,85,15.5,10.0,1006.8,15.0,235,23.7,1,0.39259259259259266,-0.54017432077698,0.5964912280701754,0.2543593300264844,0.32954545454545475,-0.7527906398407506,0.8181818181818182,0.695930184492421,0.38129496402877433,-1.0308526105802418,0.4124513618677042,-0.12176019478741629,0.6527777777777778,0.7181232746978539,0.8,0.35111221891173855
2025-08-25,28.9,24.4,26.0,89,13.7,15.0,1006.5,22.3,214,24.0,0,0.2222222222222222,-1.6042029798623314,0.5701754385964911,0.03817609490798718,0.2613636363636364,-1.1933029660342622,0.9090909090909091,1.0797992521646478,0.35971223021582793,-1.1842614218803265,0.696498054474708,1.6018587766577723,0.5944444444444444,0.46455511568671737,0.8240000000000001,0.48611273257826065
2025-08-26,29.1,24.1,26.4,87,4.8,9.0,1008.4,15.2,205,24.0,0,0.23703703703703724,-1.511678748637517,0.5438596491228072,-0.17800714021050748,0.3068181818181817,-0.8996280819052562,0.8636363636363636,0.8878647183285344,0.4964028776978409,-0.212672283646322,0.42023346303501935,-0.07453775721357567,0.5694444444444444,0.35588304753908745,0.8240000000000001,0.48611273257826065
2025-08-27,30.6,24.4,26.5,87,11.4,14.0,1008.7,10.5,256,24.0,0,0.3481481481481484,-0.8177470144514184,0.5701754385964911,0.03817609490798718,0.31818181818181823,-0.8262093608730033,0.8636363636363636,0.8878647183285344,0.5179856115107955,-0.05926347234617934,0.2373540856031128,-1.1842650401988337,0.7111111111111111,0.9716914337089904,0.8240000000000001,0.48611273257826065
2025-08-28,32.1,23.6,26.6,85,29.7,12.0,1007.5,15.8,268,23.7,1,0.4592592592592595,-0.12381528026532002,0.5000000000000001,-0.5383125320746687,0.32954545454545475,-0.7527906398407506,0.8181818181818182,0.695930184492421,0.4316546762589935,-0.6728987175466338,0.44357976653696496,0.067129555507947,0.7444444444444445,1.1165875245724968,0.8,0.35111221891173855
2025-08-29,31.7,23.4,26.3,89,34.7,22.0,1007.0,15.7,279,24.1,1,0.4296296296296297,-0.30886374271494726,0.4824561403508771,-0.6824346888203352,0.2954545454545456,-0.9730468029375063,0.9090909090909091,1.0797992521646478,0.3956834532374107,-0.9285800697134801,0.43968871595330733,0.04351833672102628,0.775,1.2494089411973779,0.8320000000000002,0.5311129038004352
2025-08-30,31.0,24.8,26.6,89,8.2,17.0,1006.3,20.1,239,24.5,0,0.3777777777777779,-0.6326985520017928,0.605263157894737,0.3264204083993177,0.32954545454545475,-0.7527906398407506,0.9090909090909091,1.0797992521646478,0.34532374100719154,-1.2865339627470882,0.6108949416342412,1.0824119633455238,0.6638888888888889,0.766421971652356,0.8640000000000001,0.7111135886891303
2025-08-31,32.0,24.4,26.7,88,23.5,13.0,1006.2,12.8,224,24.4,1,0.45185185185185195,-0.17007739587772722,0.5701754385964911,0.03817609490798718,0.3409090909090909,-0.6793719188085003,0.8863636363636364,0.9838319852465911,0.33812949640288154,-1.337670233180411,0.32684824902723736,-0.6412070080996647,0.6222222222222222,0.5853018580729729,0.856,0.6661134174669557
2025-09-01,30.8,24.6,26.5,90,7.2,20.0,1006.0,17.6,240,24.6,0,0.3629629629629631,-0.7252227832266056,0.5877192982456142,0.1822982516536537,0.31818181818181823,-0.8262093608730033,0.9318181818181818,1.1757665190827045,0.32374100719424515,-1.4399427740471726,0.5136186770428015,0.4921314936725142,0.6666666666666666,0.7784966458909816,0.8720000000000002,0.7561137599113048
2025-09-02,29.8,24.4,25.8,93,44.4,23.0,1007.0,12.8,233,24.5,1,0.28888888888888903,-1.1878439393506712,0.5701754385964911,0.03817609490798718,0.23863636363636379,-1.3401404080987653,1.0,1.4636683198368747,0.3956834532374107,-0.9285800697134801,0.32684824902723736,-0.6412070080996647,0.6472222222222223,0.6939739262206027,0.8640000000000001,0.7111135886891303
2025-09-03,30.4,24.1,26.3,90,12.7,13.0,1007.0,11.5,289,24.4,0,0.3333333333333333,-0.9102712456762329,0.5438596491228072,-0.17800714021050748,0.2954545454545456,-0.9730468029375063,0.9318181818181818,1.1757665190827045,0.3956834532374107,-0.9285800697134801,0.2762645914396887,-0.9481528523296299,0.8027777777777778,1.3701556835836333,0.856,0.6661134174669557
2025-09-04,31.2,23.9,26.6,88,15.4,12.0,1006.6,12.3,229,24.4,1,0.39259259259259266,-0.54017432077698,0.5263157894736841,-0.322129296956174,0.32954545454545475,-0.7527906398407506,0.8863636363636364,0.9838319852465911,0.3669064748201461,-1.1331251514469454,0.3073929961089494,-0.7592631020342666,0.6361111111111111,0.6456752292661005,0.856,0.6661134174669557
2025-09-05,31.7,24.6,26.9,88,25.6,9.0,1006.9,9.9,224,24.6,1,0.4296296296296297,-0.30886374271494726,0.5877192982456142,0.1822982516536537,0.36363636363636354,-0.5325344767439973,0.8863636363636364,0.9838319852465911,0.3884892086330925,-0.9797163401468609,0.2140077821011673,-1.3259323529203562,0.6222222222222222,0.5853018580729729,0.8720000000000002,0.7561137599113048
2025-09-06,31.9,23.7,26.7,87,24.6,16.0,1007.4,12.7,237,24.2,1,0.4444444444444444,-0.21633951149013445,0.5087719298245613,-0.46625145370183796,0.3409090909090909,-0.6793719188085003,0.8636363636363636,0.8878647183285344,0.42446043165467534,-0.7240349879800146,0.3229571984435797,-0.6648182268865854,0.6583333333333333,0.7422726231751049,0.84,0.5761130750226082
2025-09-07,28.8,23.8,25.7,92,40.3,22.0,1008.2,14.6,211,24.3,1,0.21481481481481499,-1.6504650954747369,0.5175438596491229,-0.3941903753290047,0.22727272727272727,-1.413559129131018,0.9772727272727273,1.367701052918818,0.4820143884892127,-0.31494482451302563,0.39688715953307385,-0.21620506993509792,0.5861111111111111,0.4283310929708407,0.8480000000000001,0.6211132462447827
2025-09-08,31.5,24.2,26.4,90,13.4,16.0,1008.9,18.8,182,24.4,0,0.4148148148148149,-0.40138797393976006,0.5526315789473684,-0.10594606183767678,0.3068181818181817,-0.8996280819052562,0.9318181818181818,1.1757665190827045,0.5323741007194237,0.04300906852052431,0.5603112840466925,0.7754661191155587,0.5055555555555555,0.07816554005069988,0.856,0.6661134174669557
2025-09-09,30.8,24.2,26.5,89,10.9,5.0,1010.0,21.1,189,24.3,0,0.3629629629629631,-0.7252227832266056,0.5526315789473684,-0.10594606183767678,0.31818181818181823,-0.8262093608730033,0.9090909090909091,1.0797992521646478,0.6115107913669074,0.6055080432875978,0.6498054474708171,1.3185241512147279,0.525,0.1626882597210787,0.8480000000000001,0.6211132462447827
2025-09-10,31.8,24.0,26.9,88,6.6,10.0,1009.4,8.4,327,24.6,0,0.43703703703703717,-0.26260162710254004,0.5350877192982456,-0.2500682185833407,0.36363636363636354,-0.5325344767439973,0.8863636363636364,0.9838319852465911,0.5683453237410064,0.2986904206873706,0.15564202334630348,-1.6801006347241618,0.9083333333333333,1.8289933046514042,0.8720000000000002,0.7561137599113048
2025-09-11,32.2,23.8,26.6,88,5.5,13.0,1008.6,11.4,44,24.3,0,0.466666666666667,-0.07755316465291279,0.5175438596491229,-0.3941903753290047,0.32954545454545475,-0.7527906398407506,0.8863636363636364,0.9838319852465911,0.5107913669064773,-0.11039974277956023,0.2723735408560311,-0.9717640711165502,0.12222222222222222,-1.5881395048796254,0.8480000000000001,0.6211132462447827
2025-09-12,31.3,23.5,26.5,87,12.0,8.0,1008.6,17.6,109,24.0,0,0.40000000000000013,-0.49391220516457285,0.4912280701754386,-0.6103736104475019,0.31818181818181823,-0.8262093608730033,0.8636363636363636,0.8878647183285344,0.5107913669064773,-0.11039974277956023,0.5136186770428015,0.4921314936725142,0.30277777777777776,-0.803285679368965,0.8240000000000001,0.48611273257826065
2025-09-13,30.0,24.4,26.6,87,6.4,11.0,1009.0,14.5,125,24.2,0,0.3037037037037038,-1.0953197081258585,0.5701754385964911,0.03817609490798718,0.32954545454545475,-0.7527906398407506,0.8636363636363636,0.8878647183285344,0.5395683453237419,0.0941453389539052,0.3929961089494163,-0.23981628872201824,0.3472222222222222,-0.6100908915509563,0.84,0.5761130750226082
2025-09-14,29.9,24.3,26.2,89,21.1,16.0,1009.7,12.9,204,24.2,1,0.2962962962962963,-1.1415818237382658,0.5614035087719299,-0.03388498346484352,0.28409090909090906,-1.0464655239697591,0.9090909090909091,1.0797992521646478,0.589928057553961,0.4520992319875133,0.33073929961089493,-0.6175957893127444,0.5666666666666667,0.3438083733004619,0.84,0.5761130750226082
2025-09-15,31.8,23.3,26.6,89,12.4,11.0,1009.7,15.0,283,24.4,0,0.43703703703703717,-0.26260162710254004,0.4736842105263159,-0.7544957671931659,0.32954545454545475,-0.7527906398407506,0.9090909090909091,1.0797992521646478,0.589928057553961,0.4520992319875133,0.4124513618677042,-0.12176019478741629,0.7861111111111111,1.2977076381518802,0.856,0.6661134174669557
2025-09-16,30.5,24.1,26.4,88,11.7,9.0,1008.8,10.3,297,24.2,0,0.34074074074074084,-0.8640091300638256,0.5438596491228072,-0.17800714021050748,0.3068181818181817,-0.8996280819052562,0.8863636363636364,0.9838319852465911,0.5251798561151055,-0.008127201912856584,0.22957198443579765,-1.2314874777726743,0.825,1.4667530774926376,0.84,0.5761130750226082
2025-09-17,31.9,23.9,26.6,86,17.0,10.0,1007.5,21.0,269,23.8,1,0.4444444444444444,-0.21633951149013445,0.5263157894736841,-0.322129296956174,0.32954545454545475,-0.7527906398407506,0.8409090909090909,0.7918974514104776,0.4316546762589935,-0.6728987175466338,0.6459143968871596,1.294912932427807,0.7472222222222222,1.1286621988111225,0.8080000000000002,0.39611239013391314
2025-09-18,31.8,23.9,26.6,88,14.6,11.0,1007.0,12.4,255,24.3,1,0.43703703703703717,-0.26260162710254004,0.5263157894736841,-0.322129296956174,0.32954545454545475,-0.7527906398407506,0.8863636363636364,0.9838319852465911,0.3956834532374107,-0.9285800697134801,0.31128404669260695,-0.7356518832473463,0.7083333333333334,0.9596167594703647,0.8480000000000001,0.6211132462447827
2025-09-19,31.4,24.7,26.7,85,12.9,14.0,1008.5,14.0,249,23.9,0,0.4074074074074074,-0.44765008955216723,0.5964912280701754,0.2543593300264844,0.3409090909090909,-0.6793719188085003,0.8181818181818182,0.695930184492421,0.5035971223021591,-0.16153601321294112,0.37354085603112835,-0.3578723826566202,0.6916666666666667,0.8871687140386115,0.816,0.44111256135608606
2025-09-20,32.9,24.4,27.8,80,5.1,7.0,1008.2,14.2,252,23.8,0,0.5185185185185185,0.24628164463393118,0.5701754385964911,0.03817609490798718,0.46590909090909105,0.12823401254627018,0.7045454545454546,0.21609384990213737,0.4820143884892127,-0.31494482451302563,0.3813229571984435,-0.31064994508277954,0.7,0.9233927367544881,0.8080000000000002,0.39611239013391314
2025-09-21,31.5,24.5,27.1,86,20.9,13.0,1007.5,12.6,254,24.4,1,0.4148148148148149,-0.40138797393976006,0.5789473684210527,0.11023717328082044,0.3863636363636366,-0.3856970346794917,0.8409090909090909,0.7918974514104776,0.4316546762589935,-0.6728987175466338,0.3190661478599221,-0.6884294456735057,0.7055555555555556,0.9475420852317392,0.856,0.6661134174669557
2025-09-22,27.3,23.6,25.3,90,17.6,23.0,1008.1,14.1,255,23.6,0,0.10370370370370387,-2.3443968296608353,0.5000000000000001,-0.5383125320746687,0.18181818181818196,-1.707234013260024,0.9318181818181818,1.1757665190827045,0.4748201438848945,-0.36608109494640656,0.37743190661478593,-0.3342611638696999,0.7083333333333334,0.9596167594703647,0.7920000000000001,0.30611204768956557
2025-09-23,29.6,23.3,25.9,86,2.6,12.0,1007.4,13.0,268,23.2,0,0.2740740740740743,-1.2803681705754841,0.4736842105263159,-0.7544957671931659,0.2499999999999999,-1.266721687066515,0.8409090909090909,0.7918974514104776,0.42446043165467534,-0.7240349879800146,0.3346303501945525,-0.5939845705258241,0.7444444444444445,1.1165875245724968,0.76,0.12611136280086893
2025-09-24,31.5,24.7,27.0,85,1.9,7.0,1005.6,21.1,241,24.2,0,0.4148148148148149,-0.40138797393976006,0.5964912280701754,0.2543593300264844,0.37500000000000006,-0.4591157557117445,0.8181818181818182,0.695930184492421,0.2949640287769805,-1.6444878557806382,0.6498054474708171,1.3185241512147279,0.6694444444444444,0.7905713201296071,0.84,0.5761130750226082
2025-09-25,31.4,24.9,27.1,85,15.1,12.0,1006.3,18.4,241,24.3,1,0.4074074074074074,-0.44765008955216723,0.6140350877192982,0.39848148677214834,0.3863636363636366,-0.3856970346794917,0.8181818181818182,0.695930184492421,0.34532374100719154,-1.2865339627470882,0.5447470817120621,0.6810212439678767,0.6694444444444444,0.7905713201296071,0.8480000000000001,0.6211132462447827
2025-09-26,30.0,24.9,26.3,89,15.6,18.0,1008.0,10.7,263,24.3,0,0.3037037037037038,-1.0953197081258585,0.6140350877192982,0.39848148677214834,0.2954545454545456,-0.9730468029375063,0.9090909090909091,1.0797992521646478,0.4676258992805763,-0.41721736537978743,0.24513618677042795,-1.1370426026249931,0.7305555555555555,1.0562141533793692,0.8480000000000001,0.6211132462447827
2025-09-27,30.2,24.2,25.6,93,14.1,21.0,1007.3,16.3,276,24.3,1,0.3185185185185186,-1.0027954769010456,0.5526315789473684,-0.10594606183767678,0.21590909090909113,-1.4869778501632682,1.0,1.4636683198368747,0.4172661870503571,-0.7751712584133955,0.4630350194552529,0.18518564944254895,0.7666666666666667,1.2131849184815013,0.8480000000000001,0.6211132462447827
2025-09-28,30.6,23.9,26.0,90,14.2,17.0,1005.8,16.2,217,24.2,1,0.3481481481481484,-0.8177470144514184,0.5263157894736841,-0.322129296956174,0.2613636363636364,-1.1933029660342622,0.9318181818181818,1.1757665190827045,0.30935251798560875,-1.5422153149139344,0.45914396887159525,0.16157443065562824,0.6027777777777777,0.500779138402594,0.84,0.5761130750226082
2025-09-29,29.7,24.1,26.1,89,20.6,15.0,1008.0,16.4,186,24.0,1,0.28148148148148155,-1.2341060549630785,0.5438596491228072,-0.17800714021050748,0.27272727272727293,-1.1198842450020094,0.9090909090909091,1.0797992521646478,0.4676258992805763,-0.41721736537978743,0.4669260700389104,0.20879686822946883,0.5166666666666667,0.12646423700520207,0.8240000000000001,0.48611273257826065
2025-09-30,30.0,24.2,26.4,88,8.6,11.0,1009.7,12.3,149,24.1,0,0.3037037037037038,-1.0953197081258585,0.5526315789473684,-0.10594606183767678,0.3068181818181817,-0.8996280819052562,0.8863636363636364,0.9838319852465911,0.589928057553961,0.4520992319875133,0.3073929961089494,-0.7592631020342666,0.41388888888888886,-0.32029870982394315,0.8320000000000002,0.5311129038004352
2025-10-01,31.6,24.1,26.6,87,7.8,9.0,1009.8,10.1,112,24.0,0,0.42222222222222244,-0.35512585832735283,0.5438596491228072,-0.17800714021050748,0.32954545454545475,-0.7527906398407506,0.8636363636363636,0.8878647183285344,0.5971223021582711,0.503235502420836,0.22178988326848245,-1.2787099153465153,0.3111111111111111,-0.7670616566530883,0.8240000000000001,0.48611273257826065
2025-10-02,31.7,23.9,27.5,82,0.0,0.0,1009.7,7.0,99,23.8,0,0.4296296296296297,-0.30886374271494726,0.5263157894736841,-0.322129296956174,0.4318181818181819,-0.09202215055048565,0.75,0.4080283837382508,0.589928057553961,0.4520992319875133,0.10116731517509725,-2.0106576977410473,0.275,-0.9240324217552205,0.8080000000000002,0.39611239013391314
2025-10-03,31.1,24.5,26.7,88,13.0,10.0,1010.4,15.1,173,24.4,0,0.3851851851851854,-0.5864364363893856,0.5789473684210527,0.11023717328082044,0.3409090909090909,-0.6793719188085003,0.8863636363636364,0.9838319852465911,0.6402877697841721,0.8100531250210632,0.4163424124513618,-0.09814897600049598,0.48055555555555557,-0.030506528096930035,0.856,0.6661134174669557
2025-10-04,32.4,24.4,27.6,82,5.9,6.0,1010.7,13.7,208,24.0,0,0.48148148148148145,0.014971066571898358,0.5701754385964911,0.03817609490798718,0.4431818181818184,-0.018603429518232836,0.75,0.4080283837382508,0.6618705035971266,0.9634619363212059,0.3618677042801556,-0.4287060390173815,0.5777777777777777,0.3921070702549641,0.8240000000000001,0.48611273257826065
2025-10-05,31.5,24.4,27.2,84,2.0,1.0,1010.7,12.3,208,24.1,0,0.4148148148148149,-0.40138797393976006,0.5701754385964911,0.03817609490798718,0.3977272727272727,-0.3122783136472415,0.7954545454545454,0.5999629175743643,0.6618705035971266,0.9634619363212059,0.3073929961089494,-0.7592631020342666,0.5777777777777777,0.3921070702549641,0.8320000000000002,0.5311129038004352
2025-10-06,32.9,24.7,27.5,83,10.9,4.0,1010.2,18.8,217,24.2,0,0.5185185185185185,0.24628164463393118,0.5964912280701754,0.2543593300264844,0.4318181818181819,-0.09202215055048565,0.7727272727272727,0.5039956506563075,0.6258992805755439,0.7077805841543596,0.5603112840466925,0.7754661191155587,0.6027777777777777,0.500779138402594,0.84,0.5761130750226082
2025-10-07,32.5,24.7,27.3,85,3.7,4.0,1010.3,17.1,218,24.3,0,0.488888888888889,0.061233182184305575,0.5964912280701754,0.2543593300264844,0.4090909090909092,-0.23885959261498868,0.8181818181818182,0.695930184492421,0.6330935251798538,0.7589168545876823,0.4941634241245136,0.3740753997379122,0.6055555555555555,0.5128538126412195,0.8480000000000001,0.6211132462447827
2025-10-08,32.0,23.2,26.4,88,24.4,17.0,1009.6,9.4,129,24.0,1,0.45185185185185195,-0.17007739587772722,0.4649122807017544,-0.8265568455659992,0.3068181818181817,-0.8996280819052562,0.8863636363636364,0.9838319852465911,0.5827338129496429,0.4009629615541324,0.19455252918287935,-1.443988446854958,0.35833333333333334,-0.561792194596454,0.8240000000000001,0.48611273257826065
2025-10-09,31.1,23.7,26.5,87,3.2,7.0,1008.9,9.2,111,23.9,0,0.3851851851851854,-0.5864364363893856,0.5087719298245613,-0.46625145370183796,0.31818181818181823,-0.8262093608730033,0.8636363636363636,0.8878647183285344,0.5323741007194237,0.04300906852052431,0.18677042801556415,-1.491210884428799,0.30833333333333335,-0.7791363308917139,0.816,0.44111256135608606
2025-10-10,30.1,23.9,26.5,88,5.9,6.0,1008.3,9.4,105,24.2,0,0.31111111111111134,-1.0490575925134513,0.5263157894736841,-0.322129296956174,0.31818181818181823,-0.8262093608730033,0.8863636363636364,0.9838319852465911,0.4892086330935227,-0.2638085540797029,0.19455252918287935,-1.443988446854958,0.2916666666666667,-0.8515843763234672,0.84,0.5761130750226082
2025-10-11,30.3,23.5,26.5,87,18.0,19.0,1008.2,9.4,152,23.9,0,0.32592592592592606,-0.9565333612886384,0.4912280701754386,-0.6103736104475019,0.31818181818181823,-0.8262093608730033,0.8636363636363636,0.8878647183285344,0.4820143884892127,-0.31494482451302563,0.19455252918287935,-1.443988446854958,0.4222222222222222,-0.2840746871080665,0.816,0.44111256135608606
2025-10-12,31.2,23.9,26.7,87,9.6,17.0,1008.4,10.2,152,24.2,0,0.39259259259259266,-0.54017432077698,0.5263157894736841,-0.322129296956174,0.3409090909090909,-0.6793719188085003,0.8636363636363636,0.8878647183285344,0.4964028776978409,-0.212672283646322,0.22568093385214,-1.2550986965595952,0.4222222222222222,-0.2840746871080665,0.84,0.5761130750226082
2025-10-13,30.3,24.2,26.5,90,20.1,16.0,1008.5,10.0,112,24.7,1,0.32592592592592606,-0.9565333612886384,0.5526315789473684,-0.10594606183767678,0.31818181818181823,-0.8262093608730033,0.9318181818181818,1.1757665190827045,0.5035971223021591,-0.16153601321294112,0.21789883268482488,-1.3023211341334358,0.3111111111111111,-0.7670616566530883,0.88,0.8011139311334778
2025-10-14,31.2,24.4,27.0,86,11.9,15.0,1008.5,9.3,103,24.4,0,0.39259259259259266,-0.54017432077698,0.5701754385964911,0.03817609490798718,0.37500000000000006,-0.4591157557117445,0.8409090909090909,0.7918974514104776,0.5035971223021591,-0.16153601321294112,0.19066147859922178,-1.4675996656418784,0.2861111111111111,-0.8757337248007183,0.856,0.6661134174669557
2025-10-15,32.8,24.8,27.7,84,9.4,3.0,1007.2,14.1,62,24.4,0,0.511111111111111,0.20001952902152395,0.605263157894737,0.3264204083993177,0.45454545454545453,0.05481529151401737,0.7954545454545454,0.5999629175743643,0.4100719424460471,-0.8263075288467183,0.37743190661478593,-0.3342611638696999,0.17222222222222222,-1.3707953685843657,0.856,0.6661134174669557
2025-10-16,32.3,24.4,27.6,84,0.7,2.0,1006.9,10.7,1,24.6,0,0.474074074074074,-0.03129104904050886,0.5701754385964911,0.03817609490798718,0.4431818181818184,-0.018603429518232836,0.7954545454545454,0.5999629175743643,0.3884892086330925,-0.9797163401468609,0.24513618677042795,-1.1370426026249931,0.002777777777777778,-2.107350497140524,0.8720000000000002,0.7561137599113048
2025-10-17,32.7,24.7,27.7,84,4.8,9.0,1007.7,7.5,8,24.6,0,0.503703703703704,0.15375741340912003,0.5964912280701754,0.2543593300264844,0.45454545454545453,0.05481529151401737,0.7954545454545454,0.5999629175743643,0.4460431654676299,-0.5706261766798719,0.12062256809338519,-1.8926016038064455,0.022222222222222223,-2.022827777470145,0.8720000000000002,0.7561137599113048
2025-10-18,31.9,24.5,26.6,88,5.5,10.0,1007.5,14.0,71,24.4,0,0.4444444444444444,-0.21633951149013445,0.5789473684210527,0.11023717328082044,0.32954545454545475,-0.7527906398407506,0.8863636363636364,0.9838319852465911,0.4316546762589935,-0.6728987175466338,0.37354085603112835,-0.3578723826566202,0.19722222222222222,-1.2621233004367358,0.856,0.6661134174669557
2025-10-19,32.9,24.5,28.0,82,0.3,1.0,1005.9,7.6,347,24.3,0,0.5185185185185185,0.24628164463393118,0.5789473684210527,0.11023717328082044,0.4886363636363637,0.2750714546107732,0.75,0.4080283837382508,0.3165467625899269,-1.4910790444805535,0.12451361867704276,-1.868990385019525,0.9638888888888889,2.070486789423915,0.8480000000000001,0.6211132462447827
2025-10-20,33.2,24.6,28.0,83,12.0,9.0,1005.8,10.5,323,24.6,0,0.5407407407407411,0.38506799147115284,0.5877192982456142,0.1822982516536537,0.4886363636363637,0.2750714546107732,0.7727272727272727,0.5039956506563075,0.30935251798560875,-1.5422153149139344,0.2373540856031128,-1.1842650401988337,0.8972222222222223,1.780694607696902,0.8720000000000002,0.7561137599113048
2025-10-21,32.3,24.7,27.6,86,8.5,14.0,1006.7,10.3,352,24.8,0,0.474074074074074,-0.03129104904050886,0.5964912280701754,0.2543593300264844,0.4431818181818184,-0.018603429518232836,0.8409090909090909,0.7918974514104776,0.3741007194244643,-1.0819888810135645,0.22957198443579765,-1.2314874777726743,0.9777777777777777,2.130860160617043,0.8880000000000001,0.8461141023556523
2025-10-22,32.1,24.1,27.2,88,10.8,16.0,1007.3,9.0,81,24.8,0,0.4592592592592595,-0.12381528026532002,0.5438596491228072,-0.17800714021050748,0.3977272727272727,-0.3122783136472415,0.8863636363636364,0.9838319852465911,0.4172661870503571,-0.7751712584133955,0.178988326848249,-1.5384333220026396,0.225,-1.1413765580504802,0.8880000000000001,0.8461141023556523
2025-10-23,31.4,24.3,26.8,87,4.6,4.0,1008.0,8.9,344,24.3,0,0.4074074074074074,-0.44765008955216723,0.5614035087719299,-0.03388498346484352,0.3522727272727274,-0.6059531977762476,0.8636363636363636,0.8878647183285344,0.4676258992805763,-0.41721736537978743,0.17509727626459143,-1.56204454078956,0.9555555555555556,2.0342627667080384,0.8480000000000001,0.6211132462447827
2025-10-24,32.1,24.7,27.0,88,17.9,13.0,1008.1,8.1,318,24.7,0,0.4592592592592595,-0.12381528026532002,0.5964912280701754,0.2543593300264844,0.37500000000000006,-0.4591157557117445,0.8863636363636364,0.9838319852465911,0.4748201438848945,-0.36608109494640656,0.1439688715953307,-1.7509342910849233,0.8833333333333333,1.720321236503774,0.88,0.8011139311334778
2025-10-25,29.0,23.8,26.0,90,2.2,9.0,1008.0,9.5,348,24.2,0,0.22962962962962974,-1.5579408642499242,0.5175438596491229,-0.3941903753290047,0.2613636363636364,-1.1933029660342622,0.9318181818181818,1.1757665190827045,0.4676258992805763,-0.41721736537978743,0.19844357976653693,-1.4203772280680378,0.9666666666666667,2.0825614636625405,0.84,0.5761130750226082
2025-10-26,30.5,23.6,26.4,87,10.6,10.0,1008.4,10.2,268,23.9,0,0.34074074074074084,-0.8640091300638256,0.5000000000000001,-0.5383125320746687,0.3068181818181817,-0.8996280819052562,0.8636363636363636,0.8878647183285344,0.4964028776978409,-0.212672283646322,0.22568093385214,-1.2550986965595952,0.7444444444444445,1.1165875245724968,0.816,0.44111256135608606
2025-10-27,30.4,23.2,26.1,87,4.0,11.0,1008.5,12.3,321,23.6,0,0.3333333333333333,-0.9102712456762329,0.4649122807017544,-0.8265568455659992,0.27272727272727293,-1.1198842450020094,0.8636363636363636,0.8878647183285344,0.5035971223021591,-0.16153601321294112,0.3073929961089494,-0.7592631020342666,0.8916666666666667,1.7565452592196509,0.7920000000000001,0.30611204768956557
2025-10-28,29.8,24.3,25.7,92,35.4,21.0,1007.8,6.6,279,24.2,1,0.28888888888888903,-1.1878439393506712,0.5614035087719299,-0.03388498346484352,0.22727272727272727,-1.413559129131018,0.9772727272727273,1.367701052918818,0.4532374100719399,-0.5194899062465492,0.08560311284046689,-2.105102572888729,0.775,1.2494089411973779,0.84,0.5761130750226082
2025-10-29,29.2,24.4,26.1,90,6.9,16.0,1007.2,9.0,84,24.3,0,0.2444444444444445,-1.4654166330251113,0.5701754385964911,0.03817609490798718,0.27272727272727293,-1.1198842450020094,0.9318181818181818,1.1757665190827045,0.4100719424460471,-0.8263075288467183,0.178988326848249,-1.5384333220026396,0.23333333333333334,-1.1051525353346037,0.8480000000000001,0.6211132462447827
2025-10-30,28.5,24.5,26.2,91,4.4,21.0,1008.4,12.0,153,24.5,0,0.1925925925925927,-1.789251442311957,0.5789473684210527,0.11023717328082044,0.28409090909090906,-1.0464655239697591,0.9545454545454546,1.2717337860007614,0.4964028776978409,-0.212672283646322,0.2957198443579766,-0.830096758395028,0.425,-0.272000012869441,0.8640000000000001,0.7111135886891303
2025-10-31,30.8,24.3,27.0,87,9.4,10.0,1010.6,14.9,156,24.5,0,0.3629629629629631,-0.7252227832266056,0.5614035087719299,-0.03388498346484352,0.37500000000000006,-0.4591157557117445,0.8636363636363636,0.8878647183285344,0.6546762589928085,0.912325665887825,0.40856031128404663,-0.14537141357433658,0.43333333333333335,-0.23577599015356432,0.8640000000000001,0.7111135886891303
2025-11-01,30.7,24.5,26.2,91,32.0,18.0,1010.7,10.6,355,24.6,1,0.3555555555555556,-0.7714848988390128,0.5789473684210527,0.11023717328082044,0.28409090909090906,-1.0464655239697591,0.9545454545454546,1.2717337860007614,0.6618705035971266,0.9634619363212059,0.24124513618677038,-1.1606538214119135,0.9861111111111112,2.1670841833329195,0.8720000000000002,0.7561137599113048
2025-11-02,31.2,23.9,26.5,85,6.8,8.0,1009.7,10.1,286,23.6,0,0.39259259259259266,-0.54017432077698,0.5263157894736841,-0.322129296956174,0.31818181818181823,-0.8262093608730033,0.8181818181818182,0.695930184492421,0.589928057553961,0.4520992319875133,0.22178988326848245,-1.2787099153465153,0.7944444444444444,1.3339316608677567,0.7920000000000001,0.30611204768956557
2025-11-03,28.7,24.1,26.1,89,19.3,15.0,1008.9,9.2,291,24.2,0,0.20740740740740746,-1.696727211087144,0.5438596491228072,-0.17800714021050748,0.27272727272727293,-1.1198842450020094,0.9090909090909091,1.0797992521646478,0.5323741007194237,0.04300906852052431,0.18677042801556415,-1.491210884428799,0.8083333333333333,1.3943050320608845,0.84,0.5761130750226082
2025-11-04,30.8,24.0,26.5,87,15.1,18.0,1008.4,10.7,314,24.1,0,0.3629629629629631,-0.7252227832266056,0.5350877192982456,-0.2500682185833407,0.31818181818181823,-0.8262093608730033,0.8636363636363636,0.8878647183285344,0.4964028776978409,-0.212672283646322,0.24513618677042795,-1.1370426026249931,0.8722222222222222,1.672022539549272,0.8320000000000002,0.5311129038004352
2025-11-05,29.9,24.0,26.2,90,8.7,13.0,1007.3,9.5,150,24.3,0,0.2962962962962963,-1.1415818237382658,0.5350877192982456,-0.2500682185833407,0.28409090909090906,-1.0464655239697591,0.9318181818181818,1.1757665190827045,0.4172661870503571,-0.7751712584133955,0.19844357976653693,-1.4203772280680378,0.4166666666666667,-0.3082240355853176,0.8480000000000001,0.6211132462447827
2025-11-06,28.6,23.9,25.8,91,9.1,13.0,1005.5,14.1,279,24.2,0,0.2000000000000002,-1.7429893266995498,0.5263157894736841,-0.322129296956174,0.23863636363636379,-1.3401404080987653,0.9545454545454546,1.2717337860007614,0.28776978417266236,-1.695624126214019,0.37743190661478593,-0.3342611638696999,0.775,1.2494089411973779,0.84,0.5761130750226082
2025-11-07,31.3,24.3,26.3,90,8.9,18.0,1007.0,13.7,214,24.4,0,0.40000000000000013,-0.49391220516457285,0.5614035087719299,-0.03388498346484352,0.2954545454545456,-0.9730468029375063,0.9318181818181818,1.1757665190827045,0.3956834532374107,-0.9285800697134801,0.3618677042801556,-0.4287060390173815,0.5944444444444444,0.46455511568671737,0.856,0.6661134174669557
2025-11-08,31.1,24.4,27.0,88,5.3,12.0,1009.2,8.6,145,24.7,0,0.3851851851851854,-0.5864364363893856,0.5701754385964911,0.03817609490798718,0.37500000000000006,-0.4591157557117445,0.8863636363636364,0.9838319852465911,0.5539568345323783,0.19641787982066697,0.16342412451361862,-1.6328781971503212,0.4027777777777778,-0.3685974067784453,0.88,0.8011139311334778
2025-11-09,31.5,24.1,27.0,88,9.8,9.0,1008.7,11.5,192,24.6,0,0.4148148148148149,-0.40138797393976006,0.5438596491228072,-0.17800714021050748,0.37500000000000006,-0.4591157557117445,0.8863636363636364,0.9838319852465911,0.5179856115107955,-0.05926347234617934,0.2762645914396887,-0.9481528523296299,0.5333333333333333,0.19891228243695536,0.8720000000000002,0.7561137599113048
2025-11-10,31.7,24.5,27.0,88,2.0,7.0,1008.0,11.8,200,24.5,0,0.4296296296296297,-0.30886374271494726,0.5789473684210527,0.11023717328082044,0.37500000000000006,-0.4591157557117445,0.8863636363636364,0.9838319852465911,0.4676258992805763,-0.41721736537978743,0.28793774319066145,-0.8773191959688685,0.5555555555555556,0.2955096763459597,0.8640000000000001,0.7111135886891303
2025-11-11,31.6,23.8,26.9,86,3.8,12.0,1008.7,9.9,99,24.3,0,0.42222222222222244,-0.35512585832735283,0.5175438596491229,-0.3941903753290047,0.36363636363636354,-0.5325344767439973,0.8409090909090909,0.7918974514104776,0.5179856115107955,-0.05926347234617934,0.2140077821011673,-1.3259323529203562,0.275,-0.9240324217552205,0.8480000000000001,0.6211132462447827
2025-11-12,30.4,24.2,26.4,88,7.1,11.0,1009.9,11.4,122,24.2,0,0.3333333333333333,-0.9102712456762329,0.5526315789473684,-0.10594606183767678,0.3068181818181817,-0.8996280819052562,0.8863636363636364,0.9838319852465911,0.6043165467625893,0.5543717728542169,0.2723735408560311,-0.9717640711165502,0.3388888888888889,-0.6463149142668329,0.84,0.5761130750226082
2025-11-13,31.8,23.7,26.8,86,9.1,9.0,1010.7,10.3,17,24.2,0,0.43703703703703717,-0.26260162710254004,0.5087719298245613,-0.46625145370183796,0.3522727272727274,-0.6059531977762476,0.8409090909090909,0.7918974514104776,0.6618705035971266,0.9634619363212059,0.22957198443579765,-1.2314874777726743,0.04722222222222222,-1.9141557093225152,0.84,0.5761130750226082
2025-11-14,31.7,23.4,26.9,79,0.2,1.0,1010.1,10.7,339,22.2,0,0.4296296296296297,-0.30886374271494726,0.4824561403508771,-0.6824346888203352,0.36363636363636354,-0.5325344767439973,0.6818181818181818,0.12012658298408065,0.6187050359712256,0.6566443137209788,0.24513618677042795,-1.1370426026249931,0.9416666666666667,1.9738893955149106,0.68,-0.3238903494208703
2025-11-15,31.2,20.6,25.9,75,0.0,0.0,1010.2,8.9,12,20.9,0,0.39259259259259266,-0.54017432077698,0.2368421052631581,-2.7001448832596355,0.2499999999999999,-1.266721687066515,0.5909090909090909,-0.2637424846881462,0.6258992805755439,0.7077805841543596,0.17509727626459143,-1.56204454078956,0.03333333333333333,-1.974529080515643,0.576,-0.9088925753091317
2025-11-16,29.6,23.6,25.1,88,21.7,11.0,1010.4,9.4,328,22.9,1,0.2740740740740743,-1.2803681705754841,0.5000000000000001,-0.5383125320746687,0.1590909090909093,-1.8540714553245272,0.8863636363636364,0.9838319852465911,0.6402877697841721,0.8100531250210632,0.19455252918287935,-1.443988446854958,0.9111111111111111,1.8410679788900297,0.736,-0.008889150865653173
2025-11-17,28.6,23.4,25.5,90,11.9,17.0,1010.5,8.3,44,23.7,0,0.2000000000000002,-1.7429893266995498,0.4824561403508771,-0.6824346888203352,0.2045454545454546,-1.560396571195521,0.9318181818181818,1.1757665190827045,0.6474820143884903,0.8611893954544442,0.1517509727626459,-1.7037118535110822,0.12222222222222222,-1.5881395048796254,0.8,0.35111221891173855
2025-11-18,30.1,24.1,26.0,90,10.1,8.0,1009.5,13.1,347,24.2,0,0.31111111111111134,-1.0490575925134513,0.5438596491228072,-0.17800714021050748,0.2613636363636364,-1.1933029660342622,0.9318181818181818,1.1757665190827045,0.5755395683453247,0.3498266911207515,0.33852140077821,-0.5703733517389038,0.9638888888888889,2.070486789423915,0.84,0.5761130750226082
2025-11-19,31.3,23.1,25.4,91,23.2,13.0,1009.9,15.3,354,23.6,1,0.40000000000000013,-0.49391220516457285,0.4561403508771931,-0.8986179239388299,0.1931818181818181,-1.633815292227774,0.9545454545454546,1.2717337860007614,0.6043165467625893,0.5543717728542169,0.42412451361867703,-0.05092653842665494,0.9833333333333333,2.155009509094294,0.7920000000000001,0.30611204768956557
2025-11-20,29.0,22.4,25.4,82,0.6,4.0,1010.4,12.9,350,22.0,0,0.22962962962962974,-1.5579408642499242,0.3947368421052631,-1.4030454725486576,0.1931818181818181,-1.633815292227774,0.75,0.4080283837382508,0.6402877697841721,0.8100531250210632,0.33073929961089493,-0.6175957893127444,0.9722222222222222,2.1067108121397915,0.664,-0.4138906918652179
2025-11-21,29.5,22.9,25.7,80,0.3,1.0,1010.8,9.5,356,21.9,0,0.2666666666666668,-1.3266302861878914,0.4385964912280701,-1.0427400806844964,0.22727272727272727,-1.413559129131018,0.7045454545454546,0.21609384990213737,0.6690647482014367,1.0145982067545287,0.19844357976653693,-1.4203772280680378,0.9888888888888889,2.179158857571545,0.6559999999999999,-0.4588908630873924
2025-11-22,27.6,23.3,25.1,83,2.7,7.0,1010.3,10.6,6,22.0,0,0.12592592592592614,-2.2056104828236154,0.4736842105263159,-0.7544957671931659,0.1590909090909093,-1.8540714553245272,0.7727272727272727,0.5039956506563075,0.6330935251798538,0.7589168545876823,0.24124513618677038,-1.1606538214119135,0.016666666666666666,-2.046977125947396,0.664,-0.4138906918652179
2025-11-23,31.1,23.5,26.0,86,4.4,9.0,1009.4,11.2,355,23.3,0,0.3851851851851854,-0.5864364363893856,0.4912280701754386,-0.6103736104475019,0.2613636363636364,-1.1933029660342622,0.8409090909090909,0.7918974514104776,0.5683453237410064,0.2986904206873706,0.2645914396887159,-1.0189865086903913,0.9861111111111112,2.1670841833329195,0.7680000000000001,0.1711115340230435
2025-11-24,31.9,23.6,27.2,83,1.2,6.0,1008.6,8.6,1,23.7,0,0.4444444444444444,-0.21633951149013445,0.5000000000000001,-0.5383125320746687,0.3977272727272727,-0.3122783136472415,0.7727272727272727,0.5039956506563075,0.5107913669064773,-0.11039974277956023,0.16342412451361862,-1.6328781971503212,0.002777777777777778,-2.107350497140524,0.8,0.35111221891173855
2025-11-25,31.7,23.6,26.9,74,0.0,0.0,1008.2,14.9,8,21.7,0,0.4296296296296297,-0.30886374271494726,0.5000000000000001,-0.5383125320746687,0.36363636363636354,-0.5325344767439973,0.5681818181818182,-0.35970975160620294,0.4820143884892127,-0.31494482451302563,0.40856031128404663,-0.14537141357433658,0.022222222222222223,-2.022827777470145,0.64,-0.54889120553174
2025-11-26,31.1,21.8,25.9,70,0.0,0.0,1008.8,13.3,349,20.0,0,0.3851851851851854,-0.5864364363893856,0.34210526315789486,-1.8354119427856495,0.2499999999999999,-1.266721687066515,0.4772727272727273,-0.7435788192784298,0.5251798561151055,-0.008127201912856584,0.3463035019455253,-0.5231509141650628,0.9694444444444444,2.094636137901166,0.504,-1.3138941163086963
2025-11-27,30.6,21.9,25.6,69,0.0,0.0,1009.3,15.2,354,19.3,0,0.3481481481481484,-0.8177470144514184,0.35087719298245607,-1.7633508644128186,0.21590909090909113,-1.4869778501632682,0.45454545454545453,-0.8395460861964865,0.5611510791366883,0.24755415025398972,0.42023346303501935,-0.07453775721357567,0.9833333333333333,2.155009509094294,0.4480000000000001,-1.6288953148639136
2025-11-28,29.3,19.5,24.5,63,0.0,0.0,1009.3,15.5,337,16.8,0,0.251851851851852,-1.419154517412704,0.14035087719298256,-3.4928167453607912,0.09090909090909098,-2.294583781518039,0.3181818181818182,-1.4153496877048268,0.5611510791366883,0.24755415025398972,0.4319066147859922,-0.003704100852814333,0.9361111111111111,1.9497400470376596,0.2480000000000001,-2.7538995954182615
2025-11-29,31.5,20.8,26.0,67,0.0,0.0,1009.0,10.7,321,19.3,0,0.4148148148148149,-0.40138797393976006,0.2543859649122808,-2.5560227265139717,0.2613636363636364,-1.1933029660342622,0.4090909090909091,-1.0314806200325999,0.5395683453237419,0.0941453389539052,0.24513618677042795,-1.1370426026249931,0.8916666666666667,1.7565452592196509,0.4480000000000001,-1.6288953148639136
2025-11-30,33.0,22.5,27.9,65,0.6,3.0,1009.3,9.8,324,20.5,0,0.525925925925926,0.2925437602463384,0.4035087719298246,-1.3309843941758244,0.4772727272727271,0.2016527335785204,0.36363636363636365,-1.2234151538687135,0.5611510791366883,0.24755415025398972,0.21011673151750973,-1.3495435717072763,0.9,1.7927692819355274,0.544,-1.0888932601978267
2025-12-01,34.2,24.2,29.2,64,0.1,1.0,1009.4,9.6,319,21.2,0,0.6148148148148151,0.8476891475952184,0.5526315789473684,-0.10594606183767678,0.625,1.156096106997794,0.3409090909090909,-1.3193824207867701,0.5683453237410064,0.2986904206873706,0.2023346303501945,-1.3967660092811174,0.8861111111111111,1.7323959107423996,0.6,-0.7738920616426096
2025-12-02,33.4,24.9,28.2,75,5.3,11.0,1009.7,9.3,176,22.9,0,0.5555555555555556,0.47759222269596396,0.6140350877192982,0.39848148677214834,0.5113636363636364,0.4219088966752762,0.5909090909090909,-0.2637424846881462,0.589928057553961,0.4520992319875133,0.19066147859922178,-1.4675996656418784,0.4888888888888889,0.005717494618946604,0.736,-0.008889150865653173
2025-12-03,31.4,23.9,26.2,86,29.1,14.0,1010.3,10.6,8,23.5,1,0.4074074074074074,-0.44765008955216723,0.5263157894736841,-0.322129296956174,0.28409090909090906,-1.0464655239697591,0.8409090909090909,0.7918974514104776,0.6330935251798538,0.7589168545876823,0.24124513618677038,-1.1606538214119135,0.022222222222222223,-2.022827777470145,0.784,0.26111187646739104
2025-12-04,29.9,23.5,26.4,84,9.3,15.0,1010.7,19.0,109,23.2,0,0.2962962962962963,-1.1415818237382658,0.4912280701754386,-0.6103736104475019,0.3068181818181817,-0.8996280819052562,0.7954545454545454,0.5999629175743643,0.6618705035971266,0.9634619363212059,0.5680933852140077,0.8226885566893993,0.30277777777777776,-0.803285679368965,0.76,0.12611136280086893
2025-12-05,31.1,23.6,26.9,83,0.8,4.0,1011.8,6.9,316,23.5,0,0.3851851851851854,-0.5864364363893856,0.5000000000000001,-0.5383125320746687,0.36363636363636354,-0.5325344767439973,0.7727272727272727,0.5039956506563075,0.7410071942446023,1.5259609110882213,0.09727626459143968,-2.0342689165279677,0.8777777777777778,1.696171888026523,0.784,0.26111187646739104
2025-12-06,30.8,21.9,26.2,79,0.3,3.0,1011.6,9.9,307,22.0,0,0.3629629629629631,-0.7252227832266056,0.35087719298245607,-1.7633508644128186,0.28409090909090906,-1.0464655239697591,0.6818181818181818,0.12012658298408065,0.726618705035974,1.4236883702215177,0.2140077821011673,-1.3259323529203562,0.8527777777777777,1.5874998198788932,0.664,-0.4138906918652179
2025-12-07,31.1,21.1,26.0,76,0.4,3.0,1011.4,9.6,344,21.0,0,0.3851851851851854,-0.5864364363893856,0.2807017543859651,-2.3398394913954745,0.2613636363636364,-1.1933029660342622,0.6136363636363636,-0.1677752177700895,0.7122302158273377,1.3214158293547558,0.2023346303501945,-1.3967660092811174,0.9555555555555556,2.0342627667080384,0.5840000000000001,-0.8638924040869571
2025-12-08,30.6,20.2,25.5,64,0.0,0.0,1011.3,11.3,2,18.0,0,0.3481481481481484,-0.8177470144514184,0.2017543859649123,-2.9883891967509664,0.2045454545454546,-1.560396571195521,0.3409090909090909,-1.3193824207867701,0.7050359712230194,1.270279558921375,0.26848249027237353,-0.9953752899034706,0.005555555555555556,-2.0952758229018986,0.3440000000000001,-2.213897540752175
2025-12-09,31.6,21.7,26.8,64,0.1,1.0,1010.4,14.2,5,19.0,0,0.42222222222222244,-0.35512585832735283,0.3333333333333333,-1.9074730211584827,0.3522727272727274,-0.6059531977762476,0.3409090909090909,-1.3193824207867701,0.6402877697841721,0.8100531250210632,0.3813229571984435,-0.31064994508277954,0.013888888888888888,-2.0590518001860216,0.42400000000000004,-1.7638958285304356
2025-12-10,31.0,24.0,26.1,76,13.1,9.0,1009.9,13.0,12,21.1,0,0.3777777777777779,-0.6326985520017928,0.5350877192982456,-0.2500682185833407,0.27272727272727293,-1.1198842450020094,0.6136363636363636,-0.1677752177700895,0.6043165467625893,0.5543717728542169,0.3346303501945525,-0.5939845705258241,0.03333333333333333,-1.974529080515643,0.5920000000000002,-0.8188922328647825
2025-12-11,31.2,23.1,26.4,82,8.0,4.0,1009.9,14.5,120,22.8,0,0.39259259259259266,-0.54017432077698,0.4561403508771931,-0.8986179239388299,0.3068181818181817,-0.8996280819052562,0.75,0.4080283837382508,0.6043165467625893,0.5543717728542169,0.3929961089494163,-0.23981628872201824,0.3333333333333333,-0.670464262744084,0.7280000000000001,-0.05388932208782614
2025-12-12,31.6,23.4,27.4,76,0.0,0.0,1009.5,10.3,99,22.5,0,0.42222222222222244,-0.35512585832735283,0.4824561403508771,-0.6824346888203352,0.42045454545454536,-0.16544087158273846,0.6136363636363636,-0.1677752177700895,0.5755395683453247,0.3498266911207515,0.22957198443579765,-1.2314874777726743,0.275,-0.9240324217552205,0.7040000000000001,-0.18888983575434823
2025-12-13,32.0,23.7,27.1,83,15.9,5.0,1009.4,14.6,56,23.6,0,0.45185185185185195,-0.17007739587772722,0.5087719298245613,-0.46625145370183796,0.3863636363636366,-0.3856970346794917,0.7727272727272727,0.5039956506563075,0.5683453237410064,0.2986904206873706,0.39688715953307385,-0.21620506993509792,0.15555555555555556,-1.443243414016119,0.7920000000000001,0.30611204768956557
2025-12-14,31.7,23.6,27.4,78,0.1,1.0,1009.5,7.3,13,22.9,0,0.4296296296296297,-0.30886374271494726,0.5000000000000001,-0.5383125320746687,0.42045454545454536,-0.16544087158273846,0.6590909090909091,0.02415931606602393,0.5755395683453247,0.3498266911207515,0.11284046692607,-1.939824041380286,0.03611111111111111,-1.9624544062770175,0.736,-0.008889150865653173
2025-12-15,33.1,23.7,27.9,72,0.0,0.0,1010.3,9.3,11,21.8,0,0.5333333333333335,0.3388058758587456,0.5087719298245613,-0.46625145370183796,0.4772727272727271,0.2016527335785204,0.5227272727272727,-0.5516442854423164,0.6330935251798538,0.7589168545876823,0.19066147859922178,-1.4675996656418784,0.030555555555555555,-1.9866037547542685,0.6480000000000001,-0.5038910343095654
2025-12-16,34.0,23.9,28.0,72,0.3,2.0,1010.2,6.4,25,21.9,0,0.6000000000000001,0.755164916370404,0.5263157894736841,-0.322129296956174,0.4886363636363637,0.2750714546107732,0.5227272727272727,-0.5516442854423164,0.6258992805755439,0.7077805841543596,0.07782101167315174,-2.1523250104625697,0.06944444444444445,-1.8175583154135109,0.6559999999999999,-0.4588908630873924
2025-12-17,33.7,23.5,27.9,74,0.7,5.0,1010.3,9.1,51,22.0,0,0.5777777777777781,0.6163785695331856,0.4912280701754386,-0.6103736104475019,0.4772727272727271,0.2016527335785204,0.5681818181818182,-0.35970975160620294,0.6330935251798538,0.7589168545876823,0.18287937743190658,-1.5148221032157194,0.14166666666666666,-1.5036167852092468,0.664,-0.4138906918652179
2025-12-18,32.7,23.5,27.8,70,0.5,4.0,1009.9,7.7,326,21.3,0,0.503703703703704,0.15375741340912003,0.4912280701754386,-0.6103736104475019,0.46590909090909105,0.12823401254627018,0.4772727272727273,-0.7435788192784298,0.6043165467625893,0.5543717728542169,0.12840466926070038,-1.8453791662326047,0.9055555555555556,1.8169186304127785,0.6080000000000001,-0.728891890420435
2025-12-19,33.7,23.1,28.1,69,0.3,3.0,1008.4,10.1,282,21.1,0,0.5777777777777781,0.6163785695331856,0.4561403508771931,-0.8986179239388299,0.5000000000000002,0.34849017564302603,0.45454545454545453,-0.8395460861964865,0.4964028776978409,-0.212672283646322,0.22178988326848245,-1.2787099153465153,0.7833333333333333,1.2856329639132544,0.5920000000000002,-0.8188922328647825
2025-12-20,33.4,23.7,28.2,74,0.4,4.0,1008.0,10.3,291,22.5,0,0.5555555555555556,0.47759222269596396,0.5087719298245613,-0.46625145370183796,0.5113636363636364,0.4219088966752762,0.5681818181818182,-0.35970975160620294,0.4676258992805763,-0.41721736537978743,0.22957198443579765,-1.2314874777726743,0.8083333333333333,1.3943050320608845,0.7040000000000001,-0.18888983575434823
2025-12-21,34.5,23.8,28.3,71,0.2,2.0,1008.4,8.5,275,21.8,0,0.6370370370370372,0.9864754944324368,0.5175438596491229,-0.3941903753290047,0.5227272727272728,0.49532761770752903,0.5,-0.647611552360373,0.4964028776978409,-0.212672283646322,0.15953307392996105,-1.6564894159372416,0.7638888888888888,1.2011102442428756,0.6480000000000001,-0.5038910343095654
2025-12-22,33.9,24.3,28.6,71,1.0,5.0,1008.3,11.3,281,22.0,0,0.5925925925925926,0.7089028007579968,0.5614035087719299,-0.03388498346484352,0.556818181818182,0.7155837808042849,0.5,-0.647611552360373,0.4892086330935227,-0.2638085540797029,0.26848249027237353,-0.9953752899034706,0.7805555555555556,1.273558289674629,0.664,-0.4138906918652179
2025-12-23,33.3,24.7,28.0,74,0.8,5.0,1008.2,9.0,262,22.4,0,0.548148148148148,0.43133010708355674,0.5964912280701754,0.2543593300264844,0.4886363636363637,0.2750714546107732,0.5681818181818182,-0.35970975160620294,0.4820143884892127,-0.31494482451302563,0.178988326848249,-1.5384333220026396,0.7277777777777777,1.0441394791407437,0.696,-0.2338900069765228
2025-12-24,33.4,24.7,27.9,76,7.1,9.0,1007.7,8.3,183,22.7,0,0.5555555555555556,0.47759222269596396,0.5964912280701754,0.2543593300264844,0.4772727272727271,0.2016527335785204,0.6136363636363636,-0.1677752177700895,0.4460431654676299,-0.5706261766798719,0.1517509727626459,-1.7037118535110822,0.5083333333333333,0.09024021428932542,0.72,-0.0988894933100007
2025-12-25,31.3,24.3,26.6,87,26.7,12.0,1008.6,18.2,22,24.0,1,0.40000000000000013,-0.49391220516457285,0.5614035087719299,-0.03388498346484352,0.32954545454545475,-0.7527906398407506,0.8636363636363636,0.8878647183285344,0.5107913669064773,-0.11039974277956023,0.536964980544747,0.633798806394036,0.06111111111111111,-1.8537823381293876,0.8240000000000001,0.48611273257826065
2025-12-26,30.7,23.3,26.1,85,1.6,4.0,1009.6,9.7,343,23.3,0,0.3555555555555556,-0.7714848988390128,0.4736842105263159,-0.7544957671931659,0.27272727272727293,-1.1198842450020094,0.8181818181818182,0.695930184492421,0.5827338129496429,0.4009629615541324,0.20622568093385207,-1.3731547904941972,0.9527777777777777,2.022188092469413,0.7680000000000001,0.1711115340230435
2025-12-27,30.3,22.3,25.6,82,0.7,5.0,1010.6,9.7,269,22.1,0,0.32592592592592606,-0.9565333612886384,0.38596491228070184,-1.4751065509214882,0.21590909090909113,-1.4869778501632682,0.75,0.4080283837382508,0.6546762589928085,0.912325665887825,0.20622568093385207,-1.3731547904941972,0.7472222222222222,1.1286621988111225,0.6720000000000002,-0.3688905206430433
2025-12-28,31.0,22.3,26.1,80,0.0,0.0,1011.2,10.7,149,21.9,0,0.3777777777777779,-0.6326985520017928,0.38596491228070184,-1.4751065509214882,0.27272727272727293,-1.1198842450020094,0.7045454545454546,0.21609384990213737,0.6978417266187095,1.2191432884880522,0.24513618677042795,-1.1370426026249931,0.41388888888888886,-0.32029870982394315,0.6559999999999999,-0.4588908630873924
2025-12-29,31.2,22.8,26.1,78,0.0,0.0,1010.8,10.2,356,21.2,0,0.39259259259259266,-0.54017432077698,0.4298245614035089,-1.114801159057327,0.27272727272727293,-1.1198842450020094,0.6590909090909091,0.02415931606602393,0.6690647482014367,1.0145982067545287,0.22568093385214,-1.2550986965595952,0.9888888888888889,2.179158857571545,0.6,-0.7738920616426096
2025-12-30,30.5,21.6,25.4,75,0.0,0.0,1010.0,9.3,138,20.2,0,0.34074074074074084,-0.8640091300638256,0.3245614035087721,-1.9795340995313133,0.1931818181818181,-1.633815292227774,0.5909090909090909,-0.2637424846881462,0.6115107913669074,0.6055080432875978,0.19066147859922178,-1.4675996656418784,0.38333333333333336,-0.45312012644882416,0.52,-1.223893773864349
2025-12-31,31.2,21.0,25.5,74,0.0,0.0,1008.9,11.8,111,19.8,0,0.39259259259259266,-0.54017432077698,0.2719298245614036,-2.411900569768308,0.2045454545454546,-1.560396571195521,0.5681818181818182,-0.35970975160620294,0.5323741007194237,0.04300906852052431,0.28793774319066145,-0.8773191959688685,0.30833333333333335,-0.7791363308917139,0.4880000000000001,-1.403894458753044
2026-01-01,31.2,21.1,25.6,69,0.0,0.0,1010.0,11.7,112,18.9,0,0.39259259259259266,-0.54017432077698,0.2807017543859651,-2.3398394913954745,0.21590909090909113,-1.4869778501632682,0.45454545454545453,-0.8395460861964865,0.6115107913669074,0.6055080432875978,0.2840466926070038,-0.9009304147557893,0.3111111111111111,-0.7670616566530883,0.4159999999999999,-1.8088959997526102
2026-01-02,31.2,21.0,25.9,65,0.0,0.0,1011.4,10.4,184,18.2,0,0.39259259259259266,-0.54017432077698,0.2719298245614036,-2.411900569768308,0.2499999999999999,-1.266721687066515,0.36363636363636365,-1.2234151538687135,0.7122302158273377,1.3214158293547558,0.23346303501945523,-1.2078762589857541,0.5111111111111111,0.10231488852795098,0.36,-2.1238971983078274
2026-01-03,30.7,20.9,25.7,59,0.0,0.0,1012.4,11.5,194,16.7,0,0.3555555555555556,-0.7714848988390128,0.26315789473684204,-2.483961648141141,0.22727272727272727,-1.413559129131018,0.22727272727272727,-1.7992187553770538,0.7841726618705033,1.8327785336884486,0.2762645914396887,-0.9481528523296299,0.5388888888888889,0.22306163091420644,0.24,-2.798899766640436
2026-01-04,33.2,20.1,26.4,58,0.0,0.0,1012.1,10.6,4,16.8,0,0.5407407407407411,0.38506799147115284,0.1929824561403511,-3.060450275123797,0.3068181818181817,-0.8996280819052562,0.20454545454545456,-1.8951860222951105,0.7625899280575569,1.679369722388364,0.24124513618677038,-1.1606538214119135,0.011111111111111112,-2.071126474424647,0.2480000000000001,-2.7538995954182615
2026-01-05,32.0,23.7,27.0,69,0.3,2.0,1012.0,10.1,349,20.4,0,0.45185185185185195,-0.17007739587772722,0.5087719298245613,-0.46625145370183796,0.37500000000000006,-0.4591157557117445,0.45454545454545453,-0.8395460861964865,0.7553956834532386,1.628233451954983,0.22178988326848245,-1.2787099153465153,0.9694444444444444,2.094636137901166,0.5359999999999999,-1.1338934314200013
2026-01-06,31.2,23.6,25.9,81,22.2,11.0,1012.6,9.8,254,22.1,1,0.39259259259259266,-0.54017432077698,0.5000000000000001,-0.5383125320746687,0.2499999999999999,-1.266721687066515,0.7272727272727273,0.3120611168201941,0.7985611510791396,1.9350510745552103,0.21011673151750973,-1.3495435717072763,0.7055555555555556,0.9475420852317392,0.6720000000000002,-0.3688905206430433
2026-01-07,30.7,21.9,25.9,67,0.0,0.0,1013.1,12.7,346,19.1,0,0.3555555555555556,-0.7714848988390128,0.35087719298245607,-1.7633508644128186,0.2499999999999999,-1.266721687066515,0.4090909090909091,-1.0314806200325999,0.8345323741007225,2.1907324267220565,0.3229571984435797,-0.6648182268865854,0.9611111111111111,2.0584121151852894,0.43200000000000016,-1.718895657308261
2026-01-08,30.7,20.5,25.3,60,0.0,0.0,1014.2,10.8,9,16.4,0,0.3555555555555556,-0.7714848988390128,0.22807017543859656,-2.772205961632469,0.18181818181818196,-1.707234013260024,0.25,-1.703251488458997,0.9136690647482062,2.75323140148913,0.24902723735408558,-1.1134313838380725,0.025,-2.0107531032315196,0.21599999999999994,-2.9339002803069585
2026-01-09,29.6,17.9,23.7,55,0.0,0.0,1014.1,11.5,14,13.7,0,0.2740740740740743,-1.2803681705754841,0.0,-4.645793999326108,0.0,-2.8819335497760536,0.13636363636363635,-2.1830878230492807,0.906474820143888,2.7020951310557493,0.2762645914396887,-0.9481528523296299,0.03888888888888889,-1.950379732038392,0.0,-4.148904903305654
2026-01-10,30.5,18.7,24.8,57,0.0,0.0,1013.5,8.7,309,14.8,0,0.34074074074074084,-0.8640091300638256,0.07017543859649128,-4.069305372343449,0.12500000000000014,-2.074327618421283,0.18181818181818182,-1.9911532892131671,0.863309352517987,2.395277508455522,0.1673151750972762,-1.609266978363401,0.8583333333333333,1.6116491683561442,0.08800000000000012,-3.6539030198617404
2026-01-11,30.9,20.6,25.7,61,0.0,0.0,1014.4,10.2,231,17.0,0,0.37037037037037035,-0.6789606676142,0.2368421052631581,-2.7001448832596355,0.22727272727272727,-1.413559129131018,0.2727272727272727,-1.6072842215409402,0.9280575539568344,2.855503942355834,0.22568093385214,-1.2550986965595952,0.6416666666666667,0.6698245777433517,0.26400000000000007,-2.663899252973914
2026-01-12,32.3,23.4,27.1,67,0.0,0.0,1013.7,11.7,167,19.9,0,0.474074074074074,-0.03129104904050886,0.4824561403508771,-0.6824346888203352,0.3863636363636366,-0.3856970346794917,0.4090909090909091,-1.0314806200325999,0.8776978417266235,2.497550049322284,0.2840466926070038,-0.9009304147557893,0.4638888888888889,-0.10295457352868331,0.49599999999999994,-1.358894287530871
2026-01-13,30.1,22.6,26.0,74,4.0,8.0,1013.2,11.4,186,20.6,0,0.31111111111111134,-1.0490575925134513,0.41228070175438614,-1.258923315802991,0.2613636363636364,-1.1933029660342622,0.5681818181818182,-0.35970975160620294,0.8417266187050406,2.2418686971554376,0.2723735408560311,-0.9717640711165502,0.5166666666666667,0.12646423700520207,0.5520000000000002,-1.0438930889756521
2026-01-14,31.1,22.2,26.2,72,0.4,3.0,1012.0,12.4,149,20.3,0,0.3851851851851854,-0.5864364363893856,0.37719298245614036,-1.5471676292943215,0.28409090909090906,-1.0464655239697591,0.5227272727272727,-0.5516442854423164,0.7553956834532386,1.628233451954983,0.31128404669260695,-0.7356518832473463,0.41388888888888886,-0.32029870982394315,0.5280000000000001,-1.1788936026421744
2026-01-15,32.4,22.4,26.6,72,0.5,3.0,1011.3,13.5,133,20.4,0,0.48148148148148145,0.014971066571898358,0.3947368421052631,-1.4030454725486576,0.32954545454545475,-0.7527906398407506,0.5227272727272727,-0.5516442854423164,0.7050359712230194,1.270279558921375,0.35408560311284043,-0.4759284765912221,0.36944444444444446,-0.5134934976419518,0.5359999999999999,-1.1338934314200013
2026-01-16,32.4,22.3,26.6,70,0.0,0.0,1010.3,13.9,156,20.1,0,0.48148148148148145,0.014971066571898358,0.38596491228070184,-1.4751065509214882,0.32954545454545475,-0.7527906398407506,0.4772727272727273,-0.7435788192784298,0.6330935251798538,0.7589168545876823,0.3696498054474708,-0.3814836014435405,0.43333333333333335,-0.23577599015356432,0.5120000000000001,-1.2688939450865218
2026-01-17,32.9,22.3,26.5,70,0.0,0.0,1008.8,15.6,133,19.8,0,0.5185185185185185,0.24628164463393118,0.38596491228070184,-1.4751065509214882,0.31818181818181823,-0.8262093608730033,0.4772727272727273,-0.7435788192784298,0.5251798561151055,-0.008127201912856584,0.43579766536964976,0.01990711793410597,0.36944444444444446,-0.5134934976419518,0.4880000000000001,-1.403894458753044
2026-01-18,32.4,22.4,26.5,70,0.2,2.0,1008.2,15.2,143,19.8,0,0.48148148148148145,0.014971066571898358,0.3947368421052631,-1.4030454725486576,0.31818181818181823,-0.8262093608730033,0.4772727272727273,-0.7435788192784298,0.4820143884892127,-0.31494482451302563,0.42023346303501935,-0.07453775721357567,0.3972222222222222,-0.3927467552556964,0.4880000000000001,-1.403894458753044
2026-01-19,30.9,22.7,26.2,71,0.4,3.0,1009.3,12.4,153,20.0,0,0.37037037037037035,-0.6789606676142,0.42105263157894735,-1.1868622374301603,0.28409090909090906,-1.0464655239697591,0.5,-0.647611552360373,0.5611510791366883,0.24755415025398972,0.31128404669260695,-0.7356518832473463,0.425,-0.272000012869441,0.504,-1.3138941163086963
2026-01-20,32.2,22.7,26.6,67,0.1,1.0,1010.3,15.7,136,19.2,0,0.466666666666667,-0.07755316465291279,0.42105263157894735,-1.1868622374301603,0.32954545454545475,-0.7527906398407506,0.4090909090909091,-1.0314806200325999,0.6330935251798538,0.7589168545876823,0.43968871595330733,0.04351833672102628,0.37777777777777777,-0.47726947492607524,0.44,-1.6738954860860882
2026-01-21,33.6,21.9,26.7,61,0.0,0.0,1011.5,14.3,105,16.9,0,0.5703703703703705,0.5701164539207784,0.35087719298245607,-1.7633508644128186,0.3409090909090909,-0.6793719188085003,0.2727272727272727,-1.6072842215409402,0.7194244604316559,1.3725520997881366,0.38521400778210113,-0.28703872629585886,0.2916666666666667,-0.8515843763234672,0.25599999999999995,-2.7088994241960886
2026-01-22,33.6,21.5,27.2,59,0.0,0.0,1012.6,10.8,54,17.3,0,0.5703703703703705,0.5701164539207784,0.31578947368421056,-2.051595177904147,0.3977272727272727,-0.3122783136472415,0.22727272727272727,-1.7992187553770538,0.7985611510791396,1.9350510745552103,0.24902723735408558,-1.1134313838380725,0.15,-1.46739276249337,0.2880000000000001,-2.528898739307392
2026-01-23,34.1,22.9,27.7,55,0.0,0.0,1013.6,14.2,27,16.9,0,0.6074074074074076,0.8014270319828112,0.4385964912280701,-1.0427400806844964,0.45454545454545453,0.05481529151401737,0.13636363636363635,-2.1830878230492807,0.8705035971223052,2.446413778888903,0.3813229571984435,-0.31064994508277954,0.075,-1.7934089669362598,0.25599999999999995,-2.7088994241960886
2026-01-24,32.4,21.7,26.7,65,0.0,0.0,1013.9,13.1,158,18.7,0,0.48148148148148145,0.014971066571898358,0.3333333333333333,-1.9074730211584827,0.3409090909090909,-0.6793719188085003,0.36363636363636365,-1.2234151538687135,0.8920863309352516,2.5998225901889875,0.33852140077821,-0.5703733517389038,0.4388888888888889,-0.21162664167631323,0.4,-1.8988963421969578
2026-01-25,33.1,21.9,26.4,64,0.0,0.0,1013.2,15.6,120,18.2,0,0.5333333333333335,0.3388058758587456,0.35087719298245607,-1.7633508644128186,0.3068181818181817,-0.8996280819052562,0.3409090909090909,-1.3193824207867701,0.8417266187050406,2.2418686971554376,0.43579766536964976,0.01990711793410597,0.3333333333333333,-0.670464262744084,0.36,-2.1238971983078274
2026-01-26,33.3,22.0,26.5,64,0.0,0.0,1013.3,19.0,129,18.3,0,0.548148148148148,0.43133010708355674,0.3596491228070176,-1.6912897860399854,0.31818181818181823,-0.8262093608730033,0.3409090909090909,-1.3193824207867701,0.8489208633093507,2.29300496758876,0.5680933852140077,0.8226885566893993,0.35833333333333334,-0.561792194596454,0.3680000000000001,-2.078897027085653
2026-01-27,33.8,22.2,26.9,62,0.0,0.0,1013.8,15.4,118,17.7,0,0.585185185185185,0.6626406851455896,0.37719298245614036,-1.5471676292943215,0.36363636363636354,-0.5325344767439973,0.29545454545454547,-1.5113169546228835,0.8848920863309334,2.5486863197556064,0.4280155642023346,-0.027315319639734638,0.3277777777777778,-0.6946136112213351,0.32,-2.348898054418697
2026-01-28,34.2,22.0,27.0,63,0.0,0.0,1013.1,14.1,132,18.0,0,0.6148148148148151,0.8476891475952184,0.3596491228070176,-1.6912897860399854,0.37500000000000006,-0.4591157557117445,0.3181818181818182,-1.4153496877048268,0.8345323741007225,2.1907324267220565,0.37743190661478593,-0.3342611638696999,0.36666666666666664,-0.5255681718805775,0.3440000000000001,-2.213897540752175
2026-01-29,32.9,22.3,27.1,63,0.0,0.0,1013.0,13.8,135,18.7,0,0.5185185185185185,0.24628164463393118,0.38596491228070184,-1.4751065509214882,0.3863636363636366,-0.3856970346794917,0.3181818181818182,-1.4153496877048268,0.8273381294964043,2.139596156288676,0.3657587548638132,-0.4050948202304608,0.375,-0.4893441491647008,0.4,-1.8988963421969578
2026-01-30,33.5,22.6,27.0,64,0.0,0.0,1013.6,17.3,139,18.9,0,0.5629629629629631,0.5238543383083711,0.41228070175438614,-1.258923315802991,0.37500000000000006,-0.4591157557117445,0.3409090909090909,-1.3193824207867701,0.8705035971223052,2.446413778888903,0.5019455252918288,0.42129783731175285,0.3861111111111111,-0.4410454522101986,0.4159999999999999,-1.8088959997526102
2026-01-31,34.4,22.8,27.4,63,0.0,0.0,1013.4,17.4,132,18.9,0,0.6296296296296297,0.9402133788200295,0.4298245614035089,-1.114801159057327,0.42045454545454536,-0.16544087158273846,0.3181818181818182,-1.4153496877048268,0.8561151079136688,2.344141238022141,0.5058365758754862,0.4449090560986727,0.36666666666666664,-0.5255681718805775,0.4159999999999999,-1.8088959997526102
2026-02-01,34.1,22.1,27.3,58,0.0,0.0,1013.3,10.6,99,16.7,0,0.6074074074074076,0.8014270319828112,0.36842105263157915,-1.619228707667152,0.4090909090909092,-0.23885959261498868,0.20454545454545456,-1.8951860222951105,0.8489208633093507,2.29300496758876,0.24124513618677038,-1.1606538214119135,0.275,-0.9240324217552205,0.24,-2.798899766640436
2026-02-02,34.1,21.5,27.1,63,0.0,0.0,1013.3,16.9,133,18.2,0,0.6074074074074076,0.8014270319828112,0.31578947368421056,-2.051595177904147,0.3863636363636366,-0.3856970346794917,0.3181818181818182,-1.4153496877048268,0.8489208633093507,2.29300496758876,0.4863813229571983,0.3268529621640708,0.36944444444444446,-0.5134934976419518,0.36,-2.1238971983078274
2026-02-03,33.9,24.4,28.5,60,0.9,6.0,1013.4,10.1,130,19.4,0,0.5925925925925926,0.7089028007579968,0.5701754385964911,0.03817609490798718,0.5454545454545455,0.6421650597720321,0.25,-1.703251488458997,0.8561151079136688,2.344141238022141,0.22178988326848245,-1.2787099153465153,0.3611111111111111,-0.5497175203578285,0.45599999999999996,-1.5838951436417406
2026-02-04,33.4,24.2,27.8,64,3.3,3.0,1013.0,9.8,179,19.9,0,0.5555555555555556,0.47759222269596396,0.5526315789473684,-0.10594606183767678,0.46590909090909105,0.12823401254627018,0.3409090909090909,-1.3193824207867701,0.8273381294964043,2.139596156288676,0.21011673151750973,-1.3495435717072763,0.49722222222222223,0.04194151733482324,0.49599999999999994,-1.358894287530871
2026-02-05,32.8,24.1,27.2,72,0.7,5.0,1012.4,15.4,141,21.4,0,0.511111111111111,0.20001952902152395,0.5438596491228072,-0.17800714021050748,0.3977272727272727,-0.3122783136472415,0.5227272727272727,-0.5516442854423164,0.7841726618705033,1.8327785336884486,0.4280155642023346,-0.027315319639734638,0.39166666666666666,-0.4168961037329475,0.616,-0.6838917191982621
2026-02-06,30.5,23.3,26.3,75,1.2,5.0,1012.0,13.7,157,21.3,0,0.34074074074074084,-0.8640091300638256,0.4736842105263159,-0.7544957671931659,0.2954545454545456,-0.9730468029375063,0.5909090909090909,-0.2637424846881462,0.7553956834532386,1.628233451954983,0.3618677042801556,-0.4287060390173815,0.4361111111111111,-0.22370131591493878,0.6080000000000001,-0.728891890420435
2026-02-07,33.3,23.3,26.9,72,0.0,0.0,1011.4,14.7,132,20.8,0,0.548148148148148,0.43133010708355674,0.4736842105263159,-0.7544957671931659,0.36363636363636354,-0.5325344767439973,0.5227272727272727,-0.5516442854423164,0.7122302158273377,1.3214158293547558,0.4007782101167314,-0.19259385114817762,0.36666666666666664,-0.5255681718805775,0.5680000000000001,-0.9538927465313046
2026-02-08,34.3,23.0,27.6,64,0.1,1.0,1011.6,18.8,119,19.0,0,0.6222222222222221,0.8939512632076224,0.44736842105263164,-0.970679002311663,0.4431818181818184,-0.018603429518232836,0.3409090909090909,-1.3193824207867701,0.726618705035974,1.4236883702215177,0.5603112840466925,0.7754661191155587,0.33055555555555555,-0.6825389369827095,0.42400000000000004,-1.7638958285304356
2026-02-09,35.1,22.2,28.1,55,0.0,0.0,1010.8,9.9,3,17.4,0,0.6814814814814817,1.2640481881068768,0.37719298245614036,-1.5471676292943215,0.5000000000000002,0.34849017564302603,0.13636363636363635,-2.1830878230492807,0.6690647482014367,1.0145982067545287,0.2140077821011673,-1.3259323529203562,0.008333333333333333,-2.083201148663273,0.29599999999999993,-2.4838985680852192
2026-02-10,34.3,22.5,28.0,65,1.2,3.0,1011.4,11.9,201,20.2,0,0.6222222222222221,0.8939512632076224,0.4035087719298246,-1.3309843941758244,0.4886363636363637,0.2750714546107732,0.36363636363636365,-1.2234151538687135,0.7122302158273377,1.3214158293547558,0.29182879377431903,-0.8537079771819482,0.5583333333333333,0.3075843505845853,0.52,-1.223893773864349
2026-02-11,31.0,24.4,26.7,78,2.3,8.0,1013.0,11.1,91,22.3,0,0.3777777777777779,-0.6326985520017928,0.5701754385964911,0.03817609490798718,0.3409090909090909,-0.6793719188085003,0.6590909090909091,0.02415931606602393,0.8273381294964043,2.139596156288676,0.2607003891050583,-1.0425977274773115,0.25277777777777777,-1.0206298156642248,0.6880000000000002,-0.27889017819869577
2026-02-12,31.9,24.0,27.1,82,5.1,6.0,1011.7,8.5,167,23.4,0,0.4444444444444444,-0.21633951149013445,0.5350877192982456,-0.2500682185833407,0.3863636363636366,-0.3856970346794917,0.75,0.4080283837382508,0.7338129496402922,1.4748246406548986,0.15953307392996105,-1.6564894159372416,0.4638888888888889,-0.10295457352868331,0.7759999999999999,0.21611170524521645
2026-02-13,32.5,23.4,27.2,75,1.2,2.0,1010.2,10.5,136,22.1,0,0.488888888888889,0.061233182184305575,0.4824561403508771,-0.6824346888203352,0.3977272727272727,-0.3122783136472415,0.5909090909090909,-0.2637424846881462,0.6258992805755439,0.7077805841543596,0.2373540856031128,-1.1842650401988337,0.37777777777777777,-0.47726947492607524,0.6720000000000002,-0.3688905206430433
2026-02-14,33.2,23.6,27.8,72,0.4,3.0,1009.6,9.1,142,21.9,0,0.5407407407407411,0.38506799147115284,0.5000000000000001,-0.5383125320746687,0.46590909090909105,0.12823401254627018,0.5227272727272727,-0.5516442854423164,0.5827338129496429,0.4009629615541324,0.18287937743190658,-1.5148221032157194,0.39444444444444443,-0.404821429494322,0.6559999999999999,-0.4588908630873924
2026-02-15,33.8,23.5,28.2,69,0.0,0.0,1009.2,11.8,140,21.5,0,0.585185185185185,0.6626406851455896,0.4912280701754386,-0.6103736104475019,0.5113636363636364,0.4219088966752762,0.45454545454545453,-0.8395460861964865,0.5539568345323783,0.19641787982066697,0.28793774319066145,-0.8773191959688685,0.3888888888888889,-0.42897077797157307,0.6240000000000001,-0.6388915479760875
2026-02-16,35.7,25.0,29.5,54,0.1,1.0,1008.5,14.5,111,18.8,0,0.7259259259259262,1.5416208817813168,0.6228070175438597,0.4705425651449816,0.6590909090909092,1.3763522700945499,0.11363636363636363,-2.279055089967337,0.5035971223021591,-0.16153601321294112,0.3929961089494163,-0.23981628872201824,0.30833333333333335,-0.7791363308917139,0.40800000000000014,-1.8538961709747832
2026-02-17,35.7,25.9,29.8,51,0.0,0.0,1009.0,16.6,111,17.9,0,0.7259259259259262,1.5416208817813168,0.7017543859649121,1.1190922705004707,0.6931818181818182,1.5966084331913055,0.045454545454545456,-2.5669568907215075,0.5395683453237419,0.0941453389539052,0.47470817120622566,0.2560193058033103,0.30833333333333335,-0.7791363308917139,0.33599999999999997,-2.2588977119743494
2026-02-18,35.7,24.1,29.4,55,0.1,1.0,1010.2,13.9,103,18.7,0,0.7259259259259262,1.5416208817813168,0.5438596491228072,-0.17800714021050748,0.6477272727272726,1.3029335490622969,0.13636363636363635,-2.1830878230492807,0.6258992805755439,0.7077805841543596,0.3696498054474708,-0.3814836014435405,0.2861111111111111,-0.8757337248007183,0.4,-1.8988963421969578
2026-02-19,34.9,24.7,29.5,57,0.0,0.0,1011.6,12.1,119,19.4,0,0.6666666666666666,1.1715239568820623,0.5964912280701754,0.2543593300264844,0.6590909090909092,1.3763522700945499,0.18181818181818182,-1.9911532892131671,0.726618705035974,1.4236883702215177,0.2996108949416342,-0.8064855396081076,0.33055555555555555,-0.6825389369827095,0.45599999999999996,-1.5838951436417406
2026-02-20,35.2,24.7,29.4,57,0.3,2.0,1011.6,11.1,168,19.6,0,0.6888888888888892,1.310310303719284,0.5964912280701754,0.2543593300264844,0.6477272727272726,1.3029335490622969,0.18181818181818182,-1.9911532892131671,0.726618705035974,1.4236883702215177,0.2607003891050583,-1.0425977274773115,0.4666666666666667,-0.09087989929005777,0.4720000000000002,-1.4938948011973914
2026-02-21,34.6,23.5,28.4,64,0.0,0.0,1009.0,15.5,167,20.2,0,0.6444444444444447,1.032737610044844,0.4912280701754386,-0.6103736104475019,0.534090909090909,0.5687463387397792,0.3409090909090909,-1.3193824207867701,0.5395683453237419,0.0941453389539052,0.4319066147859922,-0.003704100852814333,0.4638888888888889,-0.10295457352868331,0.52,-1.223893773864349
2026-02-22,33.7,23.9,27.8,67,0.1,1.0,1007.7,14.3,147,20.5,0,0.5777777777777781,0.6163785695331856,0.5263157894736841,-0.322129296956174,0.46590909090909105,0.12823401254627018,0.4090909090909091,-1.0314806200325999,0.4460431654676299,-0.5706261766798719,0.38521400778210113,-0.28703872629585886,0.4083333333333333,-0.34444805830119424,0.544,-1.0888932601978267
2026-02-23,34.3,24.5,28.3,64,0.3,1.0,1008.1,14.2,148,20.3,0,0.6222222222222221,0.8939512632076224,0.5789473684210527,0.11023717328082044,0.5227272727272728,0.49532761770752903,0.3409090909090909,-1.3193824207867701,0.4748201438848945,-0.36608109494640656,0.3813229571984435,-0.31064994508277954,0.4111111111111111,-0.33237338406256867,0.5280000000000001,-1.1788936026421744
2026-02-24,34.7,24.4,28.2,64,0.0,0.0,1008.7,15.4,140,20.2,0,0.6518518518518521,1.0789997256572512,0.5701754385964911,0.03817609490798718,0.5113636363636364,0.4219088966752762,0.3409090909090909,-1.3193824207867701,0.5179856115107955,-0.05926347234617934,0.4280155642023346,-0.027315319639734638,0.3888888888888889,-0.42897077797157307,0.52,-1.223893773864349
2026-02-25,34.5,24.4,28.2,66,0.0,0.0,1009.1,13.9,141,20.6,0,0.6370370370370372,0.9864754944324368,0.5701754385964911,0.03817609490798718,0.5113636363636364,0.4219088966752762,0.38636363636363635,-1.1274478869506568,0.54676258992806,0.14528160938728607,0.3696498054474708,-0.3814836014435405,0.39166666666666666,-0.4168961037329475,0.5520000000000002,-1.0438930889756521
2026-02-26,26.4,23.6,24.8,91,31.1,22.0,1008.1,10.6,159,23.2,1,0.037037037037037035,-2.7607558701724955,0.5000000000000001,-0.5383125320746687,0.12500000000000014,-2.074327618421283,0.9545454545454546,1.2717337860007614,0.4748201438848945,-0.36608109494640656,0.24124513618677038,-1.1606538214119135,0.44166666666666665,-0.1995519674376877,0.76,0.12611136280086893
2026-02-27,29.8,24.0,25.7,88,21.5,13.0,1007.2,10.1,120,23.4,1,0.28888888888888903,-1.1878439393506712,0.5350877192982456,-0.2500682185833407,0.22727272727272727,-1.413559129131018,0.8863636363636364,0.9838319852465911,0.4100719424460471,-0.8263075288467183,0.22178988326848245,-1.2787099153465153,0.3333333333333333,-0.670464262744084,0.7759999999999999,0.21611170524521645
2026-02-28,31.3,23.4,26.7,84,1.5,3.0,1007.2,11.5,135,23.5,0,0.40000000000000013,-0.49391220516457285,0.4824561403508771,-0.6824346888203352,0.3409090909090909,-0.6793719188085003,0.7954545454545454,0.5999629175743643,0.4100719424460471,-0.8263075288467183,0.2762645914396887,-0.9481528523296299,0.375,-0.4893441491647008,0.784,0.26111187646739104
2026-03-01,32.2,24.3,27.6,80,0.0,0.0,1007.5,12.4,136,23.5,0,0.466666666666667,-0.07755316465291279,0.5614035087719299,-0.03388498346484352,0.4431818181818184,-0.018603429518232836,0.7045454545454546,0.21609384990213737,0.4316546762589935,-0.6728987175466338,0.31128404669260695,-0.7356518832473463,0.37777777777777777,-0.47726947492607524,0.784,0.26111187646739104
2026-03-02,32.4,24.8,27.8,80,0.1,1.0,1008.6,12.3,144,23.7,0,0.48148148148148145,0.014971066571898358,0.605263157894737,0.3264204083993177,0.46590909090909105,0.12823401254627018,0.7045454545454546,0.21609384990213737,0.5107913669064773,-0.11039974277956023,0.3073929961089494,-0.7592631020342666,0.4,-0.3806720810170709,0.8,0.35111221891173855
2026-03-03,32.5,25.1,28.2,78,0.3,3.0,1009.0,10.3,141,23.7,0,0.488888888888889,0.061233182184305575,0.6315789473684211,0.5426036435178149,0.5113636363636364,0.4219088966752762,0.6590909090909091,0.02415931606602393,0.5395683453237419,0.0941453389539052,0.22957198443579765,-1.2314874777726743,0.39166666666666666,-0.4168961037329475,0.8,0.35111221891173855
2026-03-04,32.2,24.9,27.8,80,0.3,3.0,1009.2,12.2,138,23.8,0,0.466666666666667,-0.07755316465291279,0.6140350877192982,0.39848148677214834,0.46590909090909105,0.12823401254627018,0.7045454545454546,0.21609384990213737,0.5539568345323783,0.19641787982066697,0.30350194552529175,-0.7828743208211874,0.38333333333333336,-0.45312012644882416,0.8080000000000002,0.39611239013391314
2026-03-05,32.5,24.7,27.7,77,2.1,6.0,1009.0,11.0,121,22.9,0,0.488888888888889,0.061233182184305575,0.5964912280701754,0.2543593300264844,0.45454545454545453,0.05481529151401737,0.6363636363636364,-0.07180795085203279,0.5395683453237419,0.0941453389539052,0.25680933852140075,-1.066208946264232,0.33611111111111114,-0.6583895885054585,0.736,-0.008889150865653173
2026-03-06,31.9,23.1,26.2,83,6.0,9.0,1010.0,11.0,333,22.8,0,0.4444444444444444,-0.21633951149013445,0.4561403508771931,-0.8986179239388299,0.28409090909090906,-1.0464655239697591,0.7727272727272727,0.5039956506563075,0.6115107913669074,0.6055080432875978,0.25680933852140075,-1.066208946264232,0.925,1.9014413500831573,0.7280000000000001,-0.05388932208782614
2026-03-07,31.8,23.0,26.3,82,2.0,6.0,1010.6,4.4,56,22.6,0,0.43703703703703717,-0.26260162710254004,0.44736842105263164,-0.970679002311663,0.2954545454545456,-0.9730468029375063,0.75,0.4080283837382508,0.6546762589928085,0.912325665887825,0.0,-2.6245493862009774,0.15555555555555556,-1.443243414016119,0.7120000000000002,-0.14388966453217367
2026-03-08,32.5,23.1,27.2,73,0.1,1.0,1010.5,11.7,82,21.3,0,0.488888888888889,0.061233182184305575,0.4561403508771931,-0.8986179239388299,0.3977272727272727,-0.3122783136472415,0.5454545454545454,-0.4556770185242597,0.6474820143884903,0.8611893954544442,0.2840466926070038,-0.9009304147557893,0.22777777777777777,-1.1293018838118547,0.6080000000000001,-0.728891890420435
2026-03-09,32.8,23.3,27.3,78,6.2,6.0,1011.1,13.6,80,22.5,0,0.511111111111111,0.20001952902152395,0.4736842105263159,-0.7544957671931659,0.4090909090909092,-0.23885959261498868,0.6590909090909091,0.02415931606602393,0.6906474820143913,1.1680070180546713,0.357976653696498,-0.4523172578043018,0.2222222222222222,-1.153451232289106,0.7040000000000001,-0.18888983575434823
2026-03-10,33.4,23.9,27.8,75,0.8,5.0,1011.6,14.5,110,22.3,0,0.5555555555555556,0.47759222269596396,0.5263157894736841,-0.322129296956174,0.46590909090909105,0.12823401254627018,0.5909090909090909,-0.2637424846881462,0.726618705035974,1.4236883702215177,0.3929961089494163,-0.23981628872201824,0.3055555555555556,-0.7912110051303395,0.6880000000000002,-0.27889017819869577
2026-03-11,34.2,23.7,28.2,68,0.0,0.0,1010.7,13.4,88,21.0,0,0.6148148148148151,0.8476891475952184,0.5087719298245613,-0.46625145370183796,0.5113636363636364,0.4219088966752762,0.4318181818181818,-0.9355133531145432,0.6618705035971266,0.9634619363212059,0.35019455252918286,-0.4995396953781424,0.24444444444444444,-1.0568538383801014,0.5840000000000001,-0.8638924040869571
2026-03-12,34.6,25.3,28.7,60,0.3,2.0,1009.9,14.3,127,19.5,0,0.6444444444444447,1.032737610044844,0.6491228070175439,0.6867258002634788,0.5681818181818181,0.7890025018365351,0.25,-1.703251488458997,0.6043165467625893,0.5543717728542169,0.38521400778210113,-0.28703872629585886,0.3527777777777778,-0.5859415430737052,0.4640000000000001,-1.538894972419566
2026-03-13,34.8,24.5,28.6,57,1.5,4.0,1010.5,9.4,113,18.7,0,0.6592592592592591,1.1252618412696551,0.5789473684210527,0.11023717328082044,0.556818181818182,0.7155837808042849,0.18181818181818182,-1.9911532892131671,0.6474820143884903,0.8611893954544442,0.19455252918287935,-1.443988446854958,0.3138888888888889,-0.7549869824144628,0.4,-1.8988963421969578
2026-03-14,32.3,24.6,27.7,69,1.0,7.0,1011.7,10.0,85,21.0,0,0.474074074074074,-0.03129104904050886,0.5877192982456142,0.1822982516536537,0.45454545454545453,0.05481529151401737,0.45454545454545453,-0.8395460861964865,0.7338129496402922,1.4748246406548986,0.21789883268482488,-1.3023211341334358,0.2361111111111111,-1.0930778610959782,0.5840000000000001,-0.8638924040869571
2026-03-15,34.1,23.6,28.1,66,1.2,5.0,1012.1,12.2,126,20.6,0,0.6074074074074076,0.8014270319828112,0.5000000000000001,-0.5383125320746687,0.5000000000000002,0.34849017564302603,0.38636363636363635,-1.1274478869506568,0.7625899280575569,1.679369722388364,0.30350194552529175,-0.7828743208211874,0.35,-0.5980162173123307,0.5520000000000002,-1.0438930889756521
2026-03-16,33.5,24.0,28.2,63,0.2,2.0,1010.8,12.9,123,19.9,0,0.5629629629629631,0.5238543383083711,0.5350877192982456,-0.2500682185833407,0.5113636363636364,0.4219088966752762,0.3181818181818182,-1.4153496877048268,0.6690647482014367,1.0145982067545287,0.33073929961089493,-0.6175957893127444,0.3416666666666667,-0.6342402400282073,0.49599999999999994,-1.358894287530871
2026-03-17,34.6,24.0,27.9,64,0.1,1.0,1010.8,16.5,131,19.8,0,0.6444444444444447,1.032737610044844,0.5350877192982456,-0.2500682185833407,0.4772727272727271,0.2016527335785204,0.3409090909090909,-1.3193824207867701,0.6690647482014367,1.0145982067545287,0.47081712062256803,0.23240808701638957,0.3638888888888889,-0.537642846119203,0.4880000000000001,-1.403894458753044
2026-03-18,34.6,23.8,27.9,63,0.0,0.0,1011.2,16.5,134,19.5,0,0.6444444444444447,1.032737610044844,0.5175438596491229,-0.3941903753290047,0.4772727272727271,0.2016527335785204,0.3181818181818182,-1.4153496877048268,0.6978417266187095,1.2191432884880522,0.47081712062256803,0.23240808701638957,0.37222222222222223,-0.5014188234033263,0.4640000000000001,-1.538894972419566
2026-03-19,33.2,23.9,27.8,66,0.0,0.0,1010.9,15.6,134,20.3,0,0.5407407407407411,0.38506799147115284,0.5263157894736841,-0.322129296956174,0.46590909090909105,0.12823401254627018,0.38636363636363635,-1.1274478869506568,0.6762589928057549,1.0657344771879096,0.43579766536964976,0.01990711793410597,0.37222222222222223,-0.5014188234033263,0.5280000000000001,-1.1788936026421744
2026-03-20,32.4,24.3,27.6,68,0.4,3.0,1011.0,13.4,139,20.9,0,0.48148148148148145,0.014971066571898358,0.5614035087719299,-0.03388498346484352,0.4431818181818184,-0.018603429518232836,0.4318181818181818,-0.9355133531145432,0.683453237410073,1.1168707476212905,0.35019455252918286,-0.4995396953781424,0.3861111111111111,-0.4410454522101986,0.576,-0.9088925753091317
2026-03-21,34.8,23.9,28.2,68,0.0,0.0,1011.1,16.2,129,21.1,0,0.6592592592592591,1.1252618412696551,0.5263157894736841,-0.322129296956174,0.5113636363636364,0.4219088966752762,0.4318181818181818,-0.9355133531145432,0.6906474820143913,1.1680070180546713,0.45914396887159525,0.16157443065562824,0.35833333333333334,-0.561792194596454,0.5920000000000002,-0.8188922328647825
2026-03-22,35.4,24.6,28.7,63,0.0,0.0,1010.4,18.1,129,20.0,0,0.7037037037037037,1.4028345349440952,0.5877192982456142,0.1822982516536537,0.5681818181818181,0.7890025018365351,0.3181818181818182,-1.4153496877048268,0.6402877697841721,0.8100531250210632,0.5330739299610895,0.6101875876071161,0.35833333333333334,-0.561792194596454,0.504,-1.3138941163086963
2026-03-23,35.6,24.5,28.8,62,0.0,0.0,1010.1,15.8,128,19.8,0,0.7185185185185188,1.4953587661689096,0.5789473684210527,0.11023717328082044,0.5795454545454547,0.8624212228687879,0.29545454545454547,-1.5113169546228835,0.6187050359712256,0.6566443137209788,0.44357976653696496,0.067129555507947,0.35555555555555557,-0.5738668688350796,0.4880000000000001,-1.403894458753044
2026-03-24,35.2,24.0,28.3,66,0.0,0.0,1009.2,16.2,138,20.4,0,0.6888888888888892,1.310310303719284,0.5350877192982456,-0.2500682185833407,0.5227272727272728,0.49532761770752903,0.38636363636363635,-1.1274478869506568,0.5539568345323783,0.19641787982066697,0.45914396887159525,0.16157443065562824,0.38333333333333336,-0.45312012644882416,0.5359999999999999,-1.1338934314200013
2026-03-25,36.0,23.9,28.6,66,0.0,0.0,1009.2,17.5,134,20.7,0,0.7481481481481482,1.6804072286185352,0.5263157894736841,-0.322129296956174,0.556818181818182,0.7155837808042849,0.38636363636363635,-1.1274478869506568,0.5539568345323783,0.19641787982066697,0.5097276264591439,0.46852027488559345,0.37222222222222223,-0.5014188234033263,0.56,-0.9988929177534792
2026-03-26,35.5,24.5,28.6,66,0.0,0.0,1009.2,15.8,129,20.8,0,0.7111111111111112,1.4490966505565024,0.5789473684210527,0.11023717328082044,0.556818181818182,0.7155837808042849,0.38636363636363635,-1.1274478869506568,0.5539568345323783,0.19641787982066697,0.44357976653696496,0.067129555507947,0.35833333333333334,-0.561792194596454,0.5680000000000001,-0.9538927465313046
2026-03-27,33.6,23.9,28.2,66,0.0,0.0,1009.1,14.8,137,20.4,0,0.5703703703703705,0.5701164539207784,0.5263157894736841,-0.322129296956174,0.5113636363636364,0.4219088966752762,0.38636363636363635,-1.1274478869506568,0.54676258992806,0.14528160938728607,0.40466926070038906,-0.16898263236125688,0.38055555555555554,-0.4651948006874497,0.5359999999999999,-1.1338934314200013
2026-03-28,34.7,23.6,28.0,70,0.0,0.0,1008.5,17.4,137,21.4,0,0.6518518518518521,1.0789997256572512,0.5000000000000001,-0.5383125320746687,0.4886363636363637,0.2750714546107732,0.4772727272727273,-0.7435788192784298,0.5035971223021591,-0.16153601321294112,0.5058365758754862,0.4449090560986727,0.38055555555555554,-0.4651948006874497,0.616,-0.6838917191982621
2026-03-29,35.3,24.2,29.1,68,0.0,0.0,1008.9,15.3,138,21.7,0,0.6962962962962962,1.356572419331688,0.5526315789473684,-0.10594606183767678,0.6136363636363639,1.0826773859655436,0.4318181818181818,-0.9355133531145432,0.5323741007194237,0.04300906852052431,0.42412451361867703,-0.05092653842665494,0.38333333333333336,-0.45312012644882416,0.64,-0.54889120553174
2026-03-30,34.9,24.6,28.9,70,0.1,1.0,1009.6,14.9,136,22.1,0,0.6666666666666666,1.1715239568820623,0.5877192982456142,0.1822982516536537,0.5909090909090908,0.9358399439010381,0.4772727272727273,-0.7435788192784298,0.5827338129496429,0.4009629615541324,0.40856031128404663,-0.14537141357433658,0.37777777777777777,-0.47726947492607524,0.6720000000000002,-0.3688905206430433
2026-03-31,35.4,24.3,29.0,68,0.0,0.0,1009.8,15.6,138,21.5,0,0.7037037037037037,1.4028345349440952,0.5614035087719299,-0.03388498346484352,0.6022727272727273,1.0092586649332909,0.4318181818181818,-0.9355133531145432,0.5971223021582711,0.503235502420836,0.43579766536964976,0.01990711793410597,0.38333333333333336,-0.45312012644882416,0.6240000000000001,-0.6388915479760875
2026-04-01,35.2,24.6,28.9,68,0.0,0.0,1009.6,17.1,140,21.7,0,0.6888888888888892,1.310310303719284,0.5877192982456142,0.1822982516536537,0.5909090909090908,0.9358399439010381,0.4318181818181818,-0.9355133531145432,0.5827338129496429,0.4009629615541324,0.4941634241245136,0.3740753997379122,0.3888888888888889,-0.42897077797157307,0.64,-0.54889120553174
2026-04-02,35.9,25.4,29.4,65,0.0,0.0,1010.2,18.1,135,21.3,0,0.7407407407407407,1.634145113006128,0.6578947368421051,0.7587868786363096,0.6477272727272726,1.3029335490622969,0.36363636363636365,-1.2234151538687135,0.6258992805755439,0.7077805841543596,0.5330739299610895,0.6101875876071161,0.375,-0.4893441491647008,0.6080000000000001,-0.728891890420435
2026-04-03,35.4,25.0,29.3,60,0.0,0.0,1009.4,16.5,139,19.9,0,0.7037037037037037,1.4028345349440952,0.6228070175438597,0.4705425651449816,0.6363636363636365,1.2295148280300467,0.25,-1.703251488458997,0.5683453237410064,0.2986904206873706,0.47081712062256803,0.23240808701638957,0.3861111111111111,-0.4410454522101986,0.49599999999999994,-1.358894287530871
2026-04-04,35.8,23.5,29.4,65,0.0,0.0,1008.0,13.3,182,21.1,0,0.7333333333333333,1.5878829973937207,0.4912280701754386,-0.6103736104475019,0.6477272727272726,1.3029335490622969,0.36363636363636365,-1.2234151538687135,0.4676258992805763,-0.41721736537978743,0.3463035019455253,-0.5231509141650628,0.5055555555555555,0.07816554005069988,0.5920000000000002,-0.8188922328647825
2026-04-05,36.4,24.9,29.8,68,0.0,0.0,1007.5,13.8,174,22.4,0,0.7777777777777778,1.8654556910681608,0.6140350877192982,0.39848148677214834,0.6931818181818182,1.5966084331913055,0.4318181818181818,-0.9355133531145432,0.4316546762589935,-0.6728987175466338,0.3657587548638132,-0.4050948202304608,0.48333333333333334,-0.018431853858304488,0.696,-0.2338900069765228
2026-04-06,37.0,25.0,30.0,66,0.0,0.0,1008.8,15.9,165,22.2,0,0.8222222222222223,2.143028384742601,0.6228070175438597,0.4705425651449816,0.7159090909090909,1.7434458752558086,0.38636363636363635,-1.1274478869506568,0.5251798561151055,-0.008127201912856584,0.44747081712062253,0.09074077429486731,0.4583333333333333,-0.1271039220059344,0.68,-0.3238903494208703
2026-04-07,37.4,25.3,30.7,63,0.0,0.0,1009.2,13.8,191,21.4,0,0.8518518518518519,2.3280768471922264,0.6491228070175439,0.6867258002634788,0.7954545454545454,2.2573769224815705,0.3181818181818182,-1.4153496877048268,0.5539568345323783,0.19641787982066697,0.3657587548638132,-0.4050948202304608,0.5305555555555556,0.1868376081983298,0.616,-0.6838917191982621
2026-04-08,37.0,26.6,30.7,69,0.3,2.0,1009.3,16.2,162,23.4,0,0.8222222222222223,2.143028384742601,0.7631578947368423,1.6235198191102984,0.7954545454545454,2.2573769224815705,0.45454545454545453,-0.8395460861964865,0.5611510791366883,0.24755415025398972,0.45914396887159525,0.16157443065562824,0.45,-0.16332794472181106,0.7759999999999999,0.21611170524521645
2026-04-09,35.4,26.3,29.9,67,0.0,0.0,1010.1,14.4,148,22.3,0,0.7037037037037037,1.4028345349440952,0.736842105263158,1.4073365839918013,0.7045454545454544,1.6700271542235559,0.4090909090909091,-1.0314806200325999,0.6187050359712256,0.6566443137209788,0.3891050583657587,-0.2634275075089385,0.4111111111111111,-0.33237338406256867,0.6880000000000002,-0.27889017819869577
2026-04-10,36.4,25.3,30.1,66,0.3,3.0,1010.1,15.2,157,22.3,0,0.7777777777777778,1.8654556910681608,0.6491228070175439,0.6867258002634788,0.7272727272727274,1.8168645962880614,0.38636363636363635,-1.1274478869506568,0.6187050359712256,0.6566443137209788,0.42023346303501935,-0.07453775721357567,0.4361111111111111,-0.22370131591493878,0.6880000000000002,-0.27889017819869577
2026-04-11,36.5,26.0,30.3,65,0.0,0.0,1009.1,14.5,176,22.4,0,0.7851851851851853,1.911717806680568,0.7105263157894737,1.191153348873304,0.7500000000000001,1.9637020383525645,0.36363636363636365,-1.2234151538687135,0.54676258992806,0.14528160938728607,0.3929961089494163,-0.23981628872201824,0.4888888888888889,0.005717494618946604,0.696,-0.2338900069765228
2026-04-12,36.6,26.1,30.4,65,0.6,2.0,1008.1,15.6,163,22.5,0,0.7925925925925928,1.9579799222929752,0.7192982456140352,1.2632144272461372,0.7613636363636362,2.037120759384815,0.36363636363636365,-1.2234151538687135,0.4748201438848945,-0.36608109494640656,0.43579766536964976,0.01990711793410597,0.4527777777777778,-0.1512532704831855,0.7040000000000001,-0.18888983575434823
2026-04-13,34.8,26.2,29.9,70,0.2,2.0,1009.2,13.3,158,23.4,0,0.6592592592592591,1.1252618412696551,0.7280701754385964,1.335275505618968,0.7045454545454544,1.6700271542235559,0.4772727272727273,-0.7435788192784298,0.5539568345323783,0.19641787982066697,0.3463035019455253,-0.5231509141650628,0.4388888888888889,-0.21162664167631323,0.7759999999999999,0.21611170524521645
2026-04-14,34.6,26.4,29.7,70,0.6,6.0,1008.9,12.6,148,23.2,0,0.6444444444444447,1.032737610044844,0.7456140350877192,1.4793976623646319,0.6818181818181818,1.5231897121590527,0.4772727272727273,-0.7435788192784298,0.5323741007194237,0.04300906852052431,0.3190661478599221,-0.6884294456735057,0.4111111111111111,-0.33237338406256867,0.76,0.12611136280086893
2026-04-15,34.8,26.0,29.8,67,0.2,2.0,1008.1,13.8,157,22.5,0,0.6592592592592591,1.1252618412696551,0.7105263157894737,1.191153348873304,0.6931818181818182,1.5966084331913055,0.4090909090909091,-1.0314806200325999,0.4748201438848945,-0.36608109494640656,0.3657587548638132,-0.4050948202304608,0.4361111111111111,-0.22370131591493878,0.7040000000000001,-0.18888983575434823
2026-04-16,36.2,26.3,30.6,63,0.0,0.0,1008.1,14.6,147,22.2,0,0.7629629629629633,1.7729314598433497,0.736842105263158,1.4073365839918013,0.7840909090909093,2.1839582014493204,0.3181818181818182,-1.4153496877048268,0.4748201438848945,-0.36608109494640656,0.39688715953307385,-0.21620506993509792,0.4083333333333333,-0.34444805830119424,0.68,-0.3238903494208703
2026-04-17,35.9,27.2,30.7,62,0.1,1.0,1008.6,15.8,146,22.1,0,0.7407407407407407,1.634145113006128,0.8157894736842104,2.0558862893472902,0.7954545454545454,2.2573769224815705,0.29545454545454547,-1.5113169546228835,0.5107913669064773,-0.11039974277956023,0.44357976653696496,0.067129555507947,0.40555555555555556,-0.3565227325398198,0.6720000000000002,-0.3688905206430433
2026-04-18,35.0,26.3,30.3,63,0.5,4.0,1008.4,15.7,134,21.9,0,0.6740740740740742,1.2177860724944696,0.736842105263158,1.4073365839918013,0.7500000000000001,1.9637020383525645,0.3181818181818182,-1.4153496877048268,0.4964028776978409,-0.212672283646322,0.43968871595330733,0.04351833672102628,0.37222222222222223,-0.5014188234033263,0.6559999999999999,-0.4588908630873924
2026-04-19,34.1,26.0,29.7,65,0.9,3.0,1008.5,13.6,137,22.2,0,0.6074074074074076,0.8014270319828112,0.7105263157894737,1.191153348873304,0.6818181818181818,1.5231897121590527,0.36363636363636365,-1.2234151538687135,0.5035971223021591,-0.16153601321294112,0.357976653696498,-0.4523172578043018,0.38055555555555554,-0.4651948006874497,0.68,-0.3238903494208703
2026-04-20,33.7,26.8,29.7,59,0.3,3.0,1008.8,14.7,132,20.7,0,0.5777777777777781,0.6163785695331856,0.780701754385965,1.7676419758559623,0.6818181818181818,1.5231897121590527,0.22727272727272727,-1.7992187553770538,0.5251798561151055,-0.008127201912856584,0.4007782101167314,-0.19259385114817762,0.36666666666666664,-0.5255681718805775,0.56,-0.9988929177534792
2026-04-21,34.2,25.8,29.4,59,0.1,1.0,1008.2,15.5,135,20.2,0,0.6148148148148151,0.8476891475952184,0.6929824561403509,1.04703119212764,0.6477272727272726,1.3029335490622969,0.22727272727272727,-1.7992187553770538,0.4820143884892127,-0.31494482451302563,0.4319066147859922,-0.003704100852814333,0.375,-0.4893441491647008,0.52,-1.223893773864349
2026-04-22,34.2,25.5,29.4,63,0.0,0.0,1007.8,14.1,141,21.3,0,0.6148148148148151,0.8476891475952184,0.6666666666666666,0.8308479570091428,0.6477272727272726,1.3029335490622969,0.3181818181818182,-1.4153496877048268,0.4532374100719399,-0.5194899062465492,0.37743190661478593,-0.3342611638696999,0.39166666666666666,-0.4168961037329475,0.6080000000000001,-0.728891890420435
2026-04-23,35.5,25.7,29.8,63,0.0,0.0,1007.3,14.9,154,21.4,0,0.7111111111111112,1.4490966505565024,0.6842105263157894,0.9749701137548068,0.6931818181818182,1.5966084331913055,0.3181818181818182,-1.4153496877048268,0.4172661870503571,-0.7751712584133955,0.40856031128404663,-0.14537141357433658,0.42777777777777776,-0.2599253386308154,0.616,-0.6838917191982621
2026-04-24,36.2,25.5,30.1,61,0.0,0.0,1008.0,14.2,147,21.0,0,0.7629629629629633,1.7729314598433497,0.6666666666666666,0.8308479570091428,0.7272727272727274,1.8168645962880614,0.2727272727272727,-1.6072842215409402,0.4676258992805763,-0.41721736537978743,0.3813229571984435,-0.31064994508277954,0.4083333333333333,-0.34444805830119424,0.5840000000000001,-0.8638924040869571
2026-04-25,36.1,27.0,30.8,63,1.8,3.0,1009.3,13.4,127,22.4,0,0.7555555555555558,1.7266693442309424,0.7982456140350876,1.9117641326016264,0.8068181818181819,2.3307956435138233,0.3181818181818182,-1.4153496877048268,0.5611510791366883,0.24755415025398972,0.35019455252918286,-0.4995396953781424,0.3527777777777778,-0.5859415430737052,0.696,-0.2338900069765228
2026-04-26,37.3,27.0,31.1,60,0.6,2.0,1008.9,12.5,128,21.3,0,0.8444444444444443,2.281814731579819,0.7982456140350876,1.9117641326016264,0.840909090909091,2.551051806610579,0.25,-1.703251488458997,0.5323741007194237,0.04300906852052431,0.3151750972762645,-0.712040664460426,0.35555555555555557,-0.5738668688350796,0.6080000000000001,-0.728891890420435
2026-04-27,36.9,26.7,31.0,63,0.0,0.0,1008.0,14.3,131,22.2,0,0.8148148148148148,2.096766269130194,0.7719298245614035,1.695580897483129,0.8295454545454546,2.477633085578326,0.3181818181818182,-1.4153496877048268,0.4676258992805763,-0.41721736537978743,0.38521400778210113,-0.28703872629585886,0.3638888888888889,-0.537642846119203,0.68,-0.3238903494208703
2026-04-28,37.2,27.6,31.2,65,0.0,0.0,1008.1,15.3,133,23.0,0,0.8370370370370374,2.2355526159674155,0.8508771929824562,2.3441306028386206,0.8522727272727272,2.6244705276428295,0.36363636363636365,-1.2234151538687135,0.4748201438848945,-0.36608109494640656,0.42412451361867703,-0.05092653842665494,0.36944444444444446,-0.5134934976419518,0.7440000000000001,0.03611102035652139
2026-04-29,36.7,26.8,31.3,62,1.4,5.0,1008.7,9.2,135,22.5,0,0.8000000000000003,2.0042420379053825,0.780701754385965,1.7676419758559623,0.8636363636363638,2.6978892486750823,0.29545454545454547,-1.5113169546228835,0.5179856115107955,-0.05926347234617934,0.18677042801556415,-1.491210884428799,0.375,-0.4893441491647008,0.7040000000000001,-0.18888983575434823
2026-04-30,36.9,27.9,31.7,61,0.6,3.0,1009.0,15.1,126,22.6,0,0.8148148148148148,2.096766269130194,0.8771929824561402,2.5603138379571155,0.9090909090909091,2.991564132804088,0.2727272727272727,-1.6072842215409402,0.5395683453237419,0.0941453389539052,0.4163424124513618,-0.09814897600049598,0.35,-0.5980162173123307,0.7120000000000002,-0.14388966453217367
2026-05-01,39.4,27.8,31.8,56,0.5,3.0,1008.6,18.5,122,21.1,0,1.0,3.2533191594403577,0.868421052631579,2.488252759584285,0.9204545454545455,3.064982853836341,0.1590909090909091,-2.087120556131224,0.5107913669064773,-0.11039974277956023,0.5486381322957198,0.7046324627547973,0.3388888888888889,-0.6463149142668329,0.5920000000000002,-0.8188922328647825
2026-05-02,36.4,27.8,30.6,66,4.0,5.0,1008.3,14.8,113,23.1,0,0.7777777777777778,1.8654556910681608,0.868421052631579,2.488252759584285,0.7840909090909093,2.1839582014493204,0.38636363636363635,-1.1274478869506568,0.4892086330935227,-0.2638085540797029,0.40466926070038906,-0.16898263236125688,0.3138888888888889,-0.7549869824144628,0.7520000000000002,0.08111119157869595
2026-05-03,34.4,27.1,29.9,73,0.1,1.0,1008.2,12.8,130,24.3,0,0.6296296296296297,0.9402133788200295,0.8070175438596492,1.9838252109744596,0.7045454545454544,1.6700271542235559,0.5454545454545454,-0.4556770185242597,0.4820143884892127,-0.31494482451302563,0.32684824902723736,-0.6412070080996647,0.3611111111111111,-0.5497175203578285,0.8480000000000001,0.6211132462447827
2026-05-04,35.2,24.0,29.8,72,6.9,10.0,1009.3,13.0,99,23.8,0,0.6888888888888892,1.310310303719284,0.5350877192982456,-0.2500682185833407,0.6931818181818182,1.5966084331913055,0.5227272727272727,-0.5516442854423164,0.5611510791366883,0.24755415025398972,0.3346303501945525,-0.5939845705258241,0.275,-0.9240324217552205,0.8080000000000002,0.39611239013391314
2026-05-05,35.6,27.1,29.8,72,8.0,9.0,1008.5,11.7,102,23.7,0,0.7185185185185188,1.4953587661689096,0.8070175438596492,1.9838252109744596,0.6931818181818182,1.5966084331913055,0.5227272727272727,-0.5516442854423164,0.5035971223021591,-0.16153601321294112,0.2840466926070038,-0.9009304147557893,0.2833333333333333,-0.8878083990393438,0.8,0.35111221891173855
2026-05-06,35.0,26.3,29.5,74,1.8,4.0,1008.0,13.1,115,23.9,0,0.6740740740740742,1.2177860724944696,0.736842105263158,1.4073365839918013,0.6590909090909092,1.3763522700945499,0.5681818181818182,-0.35970975160620294,0.4676258992805763,-0.41721736537978743,0.33852140077821,-0.5703733517389038,0.3194444444444444,-0.7308376339372117,0.816,0.44111256135608606
2026-05-07,36.3,27.0,30.8,67,0.1,1.0,1007.2,13.4,124,23.5,0,0.7703703703703703,1.8191935754557536,0.7982456140350876,1.9117641326016264,0.8068181818181819,2.3307956435138233,0.4090909090909091,-1.0314806200325999,0.4100719424460471,-0.8263075288467183,0.35019455252918286,-0.4995396953781424,0.34444444444444444,-0.6221655657895818,0.784,0.26111187646739104
2026-05-08,35.9,27.6,31.1,62,1.6,8.0,1007.8,11.0,105,22.4,0,0.7407407407407407,1.634145113006128,0.8508771929824562,2.3441306028386206,0.840909090909091,2.551051806610579,0.29545454545454547,-1.5113169546228835,0.4532374100719399,-0.5194899062465492,0.25680933852140075,-1.066208946264232,0.2916666666666667,-0.8515843763234672,0.696,-0.2338900069765228
2026-05-09,37.7,27.1,31.3,62,0.5,3.0,1008.2,14.0,117,22.4,0,0.8740740740740743,2.466863194029448,0.8070175438596492,1.9838252109744596,0.8636363636363638,2.6978892486750823,0.29545454545454547,-1.5113169546228835,0.4820143884892127,-0.31494482451302563,0.37354085603112835,-0.3578723826566202,0.325,-0.7066882854599607,0.696,-0.2338900069765228
2026-05-10,38.5,28.3,31.9,58,4.1,6.0,1007.5,15.6,111,22.3,0,0.9333333333333335,2.8369601189286993,0.912280701754386,2.848558151448446,0.9318181818181817,3.1384015748685914,0.20454545454545456,-1.8951860222951105,0.4316546762589935,-0.6728987175466338,0.43579766536964976,0.01990711793410597,0.30833333333333335,-0.7791363308917139,0.6880000000000002,-0.27889017819869577
2026-05-11,37.9,26.0,31.6,62,0.4,2.0,1008.2,16.3,115,22.8,0,0.8888888888888888,2.5593874252542594,0.7105263157894737,1.191153348873304,0.8977272727272729,2.918145411771838,0.29545454545454547,-1.5113169546228835,0.4820143884892127,-0.31494482451302563,0.4630350194552529,0.18518564944254895,0.3194444444444444,-0.7308376339372117,0.7280000000000001,-0.05388932208782614
2026-05-12,37.4,28.3,31.5,62,0.0,0.0,1007.2,15.7,135,22.8,0,0.8518518518518519,2.3280768471922264,0.912280701754386,2.848558151448446,0.8863636363636364,2.844726690739585,0.29545454545454547,-1.5113169546228835,0.4100719424460471,-0.8263075288467183,0.43968871595330733,0.04351833672102628,0.375,-0.4893441491647008,0.7280000000000001,-0.05388932208782614
2026-05-13,36.6,27.8,31.7,64,0.5,4.0,1006.5,15.8,149,23.5,0,0.7925925925925928,1.9579799222929752,0.868421052631579,2.488252759584285,0.9090909090909091,2.991564132804088,0.3409090909090909,-1.3193824207867701,0.35971223021582793,-1.1842614218803265,0.44357976653696496,0.067129555507947,0.41388888888888886,-0.32029870982394315,0.784,0.26111187646739104
2026-05-14,37.5,27.6,32.0,62,1.9,3.0,1006.3,15.5,207,23.2,0,0.8592592592592594,2.3743389628046336,0.8508771929824562,2.3441306028386206,0.9431818181818182,3.211820295900844,0.29545454545454547,-1.5113169546228835,0.34532374100719154,-1.2865339627470882,0.4319066147859922,-0.003704100852814333,0.575,0.38003239601633854,0.76,0.12611136280086893
2026-05-15,37.4,28.2,32.0,64,5.8,8.0,1006.0,12.9,219,24.0,0,0.8518518518518519,2.3280768471922264,0.9035087719298245,2.7764970730756127,0.9431818181818182,3.211820295900844,0.3409090909090909,-1.3193824207867701,0.32374100719424515,-1.4399427740471726,0.33073929961089493,-0.6175957893127444,0.6083333333333333,0.5249284868798451,0.8240000000000001,0.48611273257826065
2026-05-16,35.9,27.5,31.0,71,14.9,10.0,1006.2,7.9,315,24.7,1,0.7407407407407407,1.634145113006128,0.8421052631578947,2.2720695244657874,0.8295454545454546,2.477633085578326,0.5,-0.647611552360373,0.33812949640288154,-1.337670233180411,0.13618677042801555,-1.7981567286587639,0.875,1.6840972137878976,0.88,0.8011139311334778
2026-05-17,35.9,26.2,29.7,77,8.8,15.0,1006.2,12.9,213,24.8,0,0.7407407407407407,1.634145113006128,0.7280701754385964,1.335275505618968,0.6818181818181818,1.5231897121590527,0.6363636363636364,-0.07180795085203279,0.33812949640288154,-1.337670233180411,0.33073929961089493,-0.6175957893127444,0.5916666666666667,0.4524804414480918,0.8880000000000001,0.8461141023556523
2026-05-18,34.7,26.5,29.4,77,4.7,11.0,1006.1,15.7,173,24.8,0,0.6518518518518521,1.0789997256572512,0.7543859649122807,1.5514587407374651,0.6477272727272726,1.3029335490622969,0.6363636363636364,-0.07180795085203279,0.3309352517985633,-1.3888065036137918,0.43968871595330733,0.04351833672102628,0.48055555555555557,-0.030506528096930035,0.8880000000000001,0.8461141023556523
2026-05-19,33.1,26.7,29.2,80,7.9,9.0,1005.9,13.0,182,25.1,0,0.5333333333333335,0.3388058758587456,0.7719298245614035,1.695580897483129,0.625,1.156096106997794,0.7045454545454546,0.21609384990213737,0.3165467625899269,-1.4910790444805535,0.3346303501945525,-0.5939845705258241,0.5055555555555555,0.07816554005069988,0.9120000000000001,0.9811146160221744
2026-05-20,34.1,27.4,29.7,77,2.5,11.0,1005.9,13.8,165,24.9,0,0.6074074074074076,0.8014270319828112,0.8333333333333331,2.200008446092954,0.6818181818181818,1.5231897121590527,0.6363636363636364,-0.07180795085203279,0.3165467625899269,-1.4910790444805535,0.3657587548638132,-0.4050948202304608,0.4583333333333333,-0.1271039220059344,0.8959999999999999,0.8911142735778254
2026-05-21,31.7,25.1,28.5,83,23.2,18.0,1008.4,14.6,192,25.3,1,0.4296296296296297,-0.30886374271494726,0.6315789473684211,0.5426036435178149,0.5454545454545455,0.6421650597720321,0.7727272727272727,0.5039956506563075,0.4964028776978409,-0.212672283646322,0.39688715953307385,-0.21620506993509792,0.5333333333333333,0.19891228243695536,0.9280000000000002,1.071114958466522
2026-05-22,34.3,26.5,29.7,77,1.2,4.0,1009.6,9.9,182,25.0,0,0.6222222222222221,0.8939512632076224,0.7543859649122807,1.5514587407374651,0.6818181818181818,1.5231897121590527,0.6363636363636364,-0.07180795085203279,0.5827338129496429,0.4009629615541324,0.2140077821011673,-1.3259323529203562,0.5055555555555555,0.07816554005069988,0.904,0.9361144448
2026-05-23,35.0,26.4,30.1,74,0.6,1.0,1009.8,10.6,204,24.4,0,0.6740740740740742,1.2177860724944696,0.7456140350877192,1.4793976623646319,0.7272727272727274,1.8168645962880614,0.5681818181818182,-0.35970975160620294,0.5971223021582711,0.503235502420836,0.24124513618677038,-1.1606538214119135,0.5666666666666667,0.3438083733004619,0.856,0.6661134174669557
2026-05-24,35.2,27.1,30.2,75,1.2,6.0,1010.0,7.7,193,24.9,0,0.6888888888888892,1.310310303719284,0.8070175438596492,1.9838252109744596,0.7386363636363635,1.8902833173203117,0.5909090909090909,-0.2637424846881462,0.6115107913669074,0.6055080432875978,0.12840466926070038,-1.8453791662326047,0.5361111111111111,0.2109869566755809,0.8959999999999999,0.8911142735778254
2026-05-25,35.7,26.9,30.4,74,0.9,3.0,1009.1,11.1,221,25.0,0,0.7259259259259262,1.5416208817813168,0.7894736842105262,1.839703054228793,0.7613636363636362,2.037120759384815,0.5681818181818182,-0.35970975160620294,0.54676258992806,0.14528160938728607,0.2607003891050583,-1.0425977274773115,0.6138888888888889,0.5490778353570962,0.904,0.9361144448
2026-05-26,35.0,27.0,30.3,72,4.6,3.0,1008.2,12.3,262,24.5,0,0.6740740740740742,1.2177860724944696,0.7982456140350876,1.9117641326016264,0.7500000000000001,1.9637020383525645,0.5227272727272727,-0.5516442854423164,0.4820143884892127,-0.31494482451302563,0.3073929961089494,-0.7592631020342666,0.7277777777777777,1.0441394791407437,0.8640000000000001,0.7111135886891303
2026-05-27,34.4,27.4,30.5,72,0.6,2.0,1008.3,13.2,234,24.6,0,0.6296296296296297,0.9402133788200295,0.8333333333333331,2.200008446092954,0.7727272727272727,2.1105394804170676,0.5227272727272727,-0.5516442854423164,0.4892086330935227,-0.2638085540797029,0.3424124513618676,-0.5467621329519835,0.65,0.7060486004592282,0.8720000000000002,0.7561137599113048
2026-05-28,33.6,24.6,29.1,81,7.6,10.0,1008.6,11.7,212,25.3,0,0.5703703703703705,0.5701164539207784,0.5877192982456142,0.1822982516536537,0.6136363636363639,1.0826773859655436,0.7272727272727273,0.3120611168201941,0.5107913669064773,-0.11039974277956023,0.2840466926070038,-0.9009304147557893,0.5888888888888889,0.4404057672094663,0.9280000000000002,1.071114958466522
2026-05-29,27.2,24.5,26.0,92,21.6,12.0,1008.9,9.2,271,24.5,1,0.09629629629629635,-2.3906589452732425,0.5789473684210527,0.11023717328082044,0.2613636363636364,-1.1933029660342622,0.9772727272727273,1.367701052918818,0.5323741007194237,0.04300906852052431,0.18677042801556415,-1.491210884428799,0.7527777777777778,1.1528115472883735,0.8640000000000001,0.7111135886891303
2026-05-30,30.6,25.3,27.2,82,0.8,3.0,1008.5,11.1,293,23.8,0,0.3481481481481484,-0.8177470144514184,0.6491228070175439,0.6867258002634788,0.3977272727272727,-0.3122783136472415,0.75,0.4080283837382508,0.5035971223021591,-0.16153601321294112,0.2607003891050583,-1.0425977274773115,0.8138888888888889,1.4184543805381356,0.8080000000000002,0.39611239013391314
2026-05-31,28.8,24.1,26.1,86,4.7,12.0,1008.5,9.2,335,23.6,0,0.21481481481481499,-1.6504650954747369,0.5438596491228072,-0.17800714021050748,0.27272727272727293,-1.1198842450020094,0.8409090909090909,0.7918974514104776,0.5035971223021591,-0.16153601321294112,0.18677042801556415,-1.491210884428799,0.9305555555555556,1.9255906985604085,0.7920000000000001,0.30611204768956557
2026-06-01,30.3,24.9,27.3,81,0.6,6.0,1008.5,9.2,309,23.6,0,0.32592592592592606,-0.9565333612886384,0.6140350877192982,0.39848148677214834,0.4090909090909092,-0.23885959261498868,0.7272727272727273,0.3120611168201941,0.5035971223021591,-0.16153601321294112,0.18677042801556415,-1.491210884428799,0.8583333333333333,1.6116491683561442,0.7920000000000001,0.30611204768956557
2026-06-02,31.4,24.6,27.1,86,4.4,17.0,1007.4,12.2,240,24.5,0,0.4074074074074074,-0.44765008955216723,0.5877192982456142,0.1822982516536537,0.3863636363636366,-0.3856970346794917,0.8409090909090909,0.7918974514104776,0.42446043165467534,-0.7240349879800146,0.30350194552529175,-0.7828743208211874,0.6666666666666666,0.7784966458909816,0.8640000000000001,0.7111135886891303
2026-06-03,30.5,24.2,26.8,88,10.2,19.0,1007.0,15.5,228,24.5,0,0.34074074074074084,-0.8640091300638256,0.5526315789473684,-0.10594606183767678,0.3522727272727274,-0.6059531977762476,0.8863636363636364,0.9838319852465911,0.3956834532374107,-0.9285800697134801,0.4319066147859922,-0.003704100852814333,0.6333333333333333,0.633600555027475,0.8640000000000001,0.7111135886891303
2026-06-04,31.4,25.3,27.8,85,10.6,11.0,1007.2,20.7,210,24.8,0,0.4074074074074074,-0.44765008955216723,0.6491228070175439,0.6867258002634788,0.46590909090909105,0.12823401254627018,0.8181818181818182,0.695930184492421,0.4100719424460471,-0.8263075288467183,0.6342412451361866,1.2240792760670458,0.5833333333333334,0.4162564187322152,0.8880000000000001,0.8461141023556523
2026-06-05,32.7,25.9,29.0,79,4.7,8.0,1008.3,12.9,214,24.8,0,0.503703703703704,0.15375741340912003,0.7017543859649121,1.1190922705004707,0.6022727272727273,1.0092586649332909,0.6818181818181818,0.12012658298408065,0.4892086330935227,-0.2638085540797029,0.33073929961089493,-0.6175957893127444,0.5944444444444444,0.46455511568671737,0.8880000000000001,0.8461141023556523
2026-06-06,34.0,26.5,29.2,79,3.5,11.0,1009.4,14.4,200,25.0,0,0.6000000000000001,0.755164916370404,0.7543859649122807,1.5514587407374651,0.625,1.156096106997794,0.6818181818181818,0.12012658298408065,0.5683453237410064,0.2986904206873706,0.3891050583657587,-0.2634275075089385,0.5555555555555556,0.2955096763459597,0.904,0.9361144448
2026-06-07,34.4,26.4,29.7,77,0.7,6.0,1009.7,13.8,227,24.8,0,0.6296296296296297,0.9402133788200295,0.7456140350877192,1.4793976623646319,0.6818181818181818,1.5231897121590527,0.6363636363636364,-0.07180795085203279,0.589928057553961,0.4520992319875133,0.3657587548638132,-0.4050948202304608,0.6305555555555555,0.6215258807888495,0.8880000000000001,0.8461141023556523
2026-06-08,33.6,26.5,28.8,82,6.8,10.0,1008.7,19.1,235,25.3,0,0.5703703703703705,0.5701164539207784,0.7543859649122807,1.5514587407374651,0.5795454545454547,0.8624212228687879,0.75,0.4080283837382508,0.5179856115107955,-0.05926347234617934,0.5719844357976653,0.8462997754763201,0.6527777777777778,0.7181232746978539,0.9280000000000002,1.071114958466522
2026-06-09,33.4,24.9,28.5,84,8.4,17.0,1008.4,13.5,240,25.3,0,0.5555555555555556,0.47759222269596396,0.6140350877192982,0.39848148677214834,0.5454545454545455,0.6421650597720321,0.7954545454545454,0.5999629175743643,0.4964028776978409,-0.212672283646322,0.35408560311284043,-0.4759284765912221,0.6666666666666666,0.7784966458909816,0.9280000000000002,1.071114958466522
2026-06-10,32.0,25.1,28.3,84,6.0,9.0,1009.5,12.0,222,25.2,0,0.45185185185185195,-0.17007739587772722,0.6315789473684211,0.5426036435178149,0.5227272727272728,0.49532761770752903,0.7954545454545454,0.5999629175743643,0.5755395683453247,0.3498266911207515,0.2957198443579766,-0.830096758395028,0.6166666666666667,0.5611525095957217,0.92,1.0261147872443475
2026-06-11,34.4,23.8,28.3,83,28.1,14.0,1011.5,10.2,68,24.7,1,0.6296296296296297,0.9402133788200295,0.5175438596491229,-0.3941903753290047,0.5227272727272728,0.49532761770752903,0.7727272727272727,0.5039956506563075,0.7194244604316559,1.3725520997881366,0.22568093385214,-1.2550986965595952,0.18888888888888888,-1.2983473231526124,0.88,0.8011139311334778
2026-06-12,33.1,25.4,28.1,87,7.7,12.0,1012.3,9.4,65,25.5,0,0.5333333333333335,0.3388058758587456,0.6578947368421051,0.7587868786363096,0.5000000000000002,0.34849017564302603,0.8636363636363636,0.8878647183285344,0.776978417266185,1.7816422632550677,0.19455252918287935,-1.443988446854958,0.18055555555555555,-1.3345713458684891,0.9440000000000001,1.1611153009108695
2026-06-13,34.0,25.2,28.6,85,12.3,12.0,1010.5,11.2,288,25.5,0,0.6000000000000001,0.755164916370404,0.6403508771929824,0.6146647218906456,0.556818181818182,0.7155837808042849,0.8181818181818182,0.695930184492421,0.6474820143884903,0.8611893954544442,0.2645914396887159,-1.0189865086903913,0.8,1.3580810093450078,0.9440000000000001,1.1611153009108695
2026-06-14,31.4,25.4,27.9,86,6.2,10.0,1009.3,12.4,200,25.1,0,0.4074074074074074,-0.44765008955216723,0.6578947368421051,0.7587868786363096,0.4772727272727271,0.2016527335785204,0.8409090909090909,0.7918974514104776,0.5611510791366883,0.24755415025398972,0.31128404669260695,-0.7356518832473463,0.5555555555555556,0.2955096763459597,0.9120000000000001,0.9811146160221744
2026-06-15,33.1,25.0,28.3,82,4.7,8.0,1009.2,8.8,246,24.6,0,0.5333333333333335,0.3388058758587456,0.6228070175438597,0.4705425651449816,0.5227272727272728,0.49532761770752903,0.75,0.4080283837382508,0.5539568345323783,0.19641787982066697,0.17120622568093385,-1.5856557595764802,0.6833333333333333,0.8509446913227349,0.8720000000000002,0.7561137599113048
2026-06-16,33.1,25.7,28.5,82,7.2,9.0,1009.5,10.3,218,25.1,0,0.5333333333333335,0.3388058758587456,0.6842105263157894,0.9749701137548068,0.5454545454545455,0.6421650597720321,0.75,0.4080283837382508,0.5755395683453247,0.3498266911207515,0.22957198443579765,-1.2314874777726743,0.6055555555555555,0.5128538126412195,0.9120000000000001,0.9811146160221744
2026-06-17,33.8,25.3,28.7,81,4.3,12.0,1009.8,11.5,236,24.8,0,0.585185185185185,0.6626406851455896,0.6491228070175439,0.6867258002634788,0.5681818181818181,0.7890025018365351,0.7272727272727273,0.3120611168201941,0.5971223021582711,0.503235502420836,0.2762645914396887,-0.9481528523296299,0.6555555555555556,0.7301979489364794,0.8880000000000001,0.8461141023556523
2026-06-18,33.2,25.2,28.3,82,4.8,9.0,1009.7,8.8,213,24.6,0,0.5407407407407411,0.38506799147115284,0.6403508771929824,0.6146647218906456,0.5227272727272728,0.49532761770752903,0.75,0.4080283837382508,0.589928057553961,0.4520992319875133,0.17120622568093385,-1.5856557595764802,0.5916666666666667,0.4524804414480918,0.8720000000000002,0.7561137599113048
2026-06-19,33.6,25.1,28.7,80,0.6,4.0,1009.2,11.7,174,24.5,0,0.5703703703703705,0.5701164539207784,0.6315789473684211,0.5426036435178149,0.5681818181818181,0.7890025018365351,0.7045454545454546,0.21609384990213737,0.5539568345323783,0.19641787982066697,0.2840466926070038,-0.9009304147557893,0.48333333333333334,-0.018431853858304488,0.8640000000000001,0.7111135886891303
2026-06-20,34.2,25.7,29.0,80,1.3,5.0,1009.5,14.4,192,24.8,0,0.6148148148148151,0.8476891475952184,0.6842105263157894,0.9749701137548068,0.6022727272727273,1.0092586649332909,0.7045454545454546,0.21609384990213737,0.5755395683453247,0.3498266911207515,0.3891050583657587,-0.2634275075089385,0.5333333333333333,0.19891228243695536,0.8880000000000001,0.8461141023556523
2026-06-21,34.0,25.9,29.7,76,1.1,5.0,1009.6,7.4,212,24.5,0,0.6000000000000001,0.755164916370404,0.7017543859649121,1.1190922705004707,0.6818181818181818,1.5231897121590527,0.6136363636363636,-0.1677752177700895,0.5827338129496429,0.4009629615541324,0.11673151750972761,-1.916212822593366,0.5888888888888889,0.4404057672094663,0.8640000000000001,0.7111135886891303
2026-06-22,34.5,26.2,30.0,75,1.3,6.0,1008.2,8.8,275,24.8,0,0.6370370370370372,0.9864754944324368,0.7280701754385964,1.335275505618968,0.7159090909090909,1.7434458752558086,0.5909090909090909,-0.2637424846881462,0.4820143884892127,-0.31494482451302563,0.17120622568093385,-1.5856557595764802,0.7638888888888888,1.2011102442428756,0.8880000000000001,0.8461141023556523
2026-06-23,32.5,25.2,28.6,83,12.8,9.0,1007.5,11.2,247,25.1,0,0.488888888888889,0.061233182184305575,0.6403508771929824,0.6146647218906456,0.556818181818182,0.7155837808042849,0.7727272727272727,0.5039956506563075,0.4316546762589935,-0.6728987175466338,0.2645914396887159,-1.0189865086903913,0.6861111111111111,0.8630193655613604,0.9120000000000001,0.9811146160221744
2026-06-24,35.2,25.8,29.4,79,4.2,8.0,1006.9,15.3,223,25.0,0,0.6888888888888892,1.310310303719284,0.6929824561403509,1.04703119212764,0.6477272727272726,1.3029335490622969,0.6818181818181818,0.12012658298408065,0.3884892086330925,-0.9797163401468609,0.42412451361867703,-0.05092653842665494,0.6194444444444445,0.5732271838343472,0.904,0.9361144448
2026-06-25,34.2,25.5,28.7,79,8.9,7.0,1007.8,19.9,224,24.5,0,0.6148148148148151,0.8476891475952184,0.6666666666666666,0.8308479570091428,0.5681818181818181,0.7890025018365351,0.6818181818181818,0.12012658298408065,0.4532374100719399,-0.5194899062465492,0.6031128404669259,1.0351895257716826,0.6222222222222222,0.5853018580729729,0.8640000000000001,0.7111135886891303
2026-06-26,33.1,25.3,28.7,80,2.2,10.0,1008.1,11.8,235,24.6,0,0.5333333333333335,0.3388058758587456,0.6491228070175439,0.6867258002634788,0.5681818181818181,0.7890025018365351,0.7045454545454546,0.21609384990213737,0.4748201438848945,-0.36608109494640656,0.28793774319066145,-0.8773191959688685,0.6527777777777778,0.7181232746978539,0.8720000000000002,0.7561137599113048
2026-06-27,33.8,25.7,29.2,77,0.8,5.0,1007.6,16.1,243,24.3,0,0.585185185185185,0.6626406851455896,0.6842105263157894,0.9749701137548068,0.625,1.156096106997794,0.6363636363636364,-0.07180795085203279,0.43884892086331173,-0.6217624471132528,0.45525291828793774,0.13796321186870833,0.675,0.8147206686068582,0.8480000000000001,0.6211132462447827
2026-06-28,32.3,26.3,27.6,88,22.0,14.0,1007.3,19.3,241,25.3,1,0.474074074074074,-0.03129104904050886,0.736842105263158,1.4073365839918013,0.4431818181818184,-0.018603429518232836,0.8863636363636364,0.9838319852465911,0.4172661870503571,-0.7751712584133955,0.5797665369649805,0.8935222130501607,0.6694444444444444,0.7905713201296071,0.9280000000000002,1.071114958466522
2026-06-29,32.7,26.1,27.9,87,17.4,13.0,1006.9,14.4,234,25.4,1,0.503703703703704,0.15375741340912003,0.7192982456140352,1.2632144272461372,0.4772727272727271,0.2016527335785204,0.8636363636363636,0.8878647183285344,0.3884892086330925,-0.9797163401468609,0.3891050583657587,-0.2634275075089385,0.65,0.7060486004592282,0.9359999999999999,1.1161151296886949
2026-06-30,32.2,25.0,27.8,86,13.9,17.0,1007.2,13.9,250,25.2,0,0.466666666666667,-0.07755316465291279,0.6228070175438597,0.4705425651449816,0.46590909090909105,0.12823401254627018,0.8409090909090909,0.7918974514104776,0.4100719424460471,-0.8263075288467183,0.3696498054474708,-0.3814836014435405,0.6944444444444444,0.899243388277237,0.92,1.0261147872443475
2026-07-01,32.9,25.8,28.8,79,0.5,5.0,1006.4,14.7,248,24.4,0,0.5185185185185185,0.24628164463393118,0.6929824561403509,1.04703119212764,0.5795454545454547,0.8624212228687879,0.6818181818181818,0.12012658298408065,0.3525179856115097,-1.2353976923137073,0.4007782101167314,-0.19259385114817762,0.6888888888888889,0.8750940397999859,0.856,0.6661134174669557
2026-07-02,30.1,24.4,26.7,89,21.5,19.0,1007.1,13.7,236,24.7,1,0.31111111111111134,-1.0490575925134513,0.5701754385964911,0.03817609490798718,0.3409090909090909,-0.6793719188085003,0.9090909090909091,1.0797992521646478,0.4028776978417289,-0.8774437992800992,0.3618677042801556,-0.4287060390173815,0.6555555555555556,0.7301979489364794,0.88,0.8011139311334778
2026-07-03,29.6,24.9,26.8,88,6.3,15.0,1008.3,12.4,219,24.6,0,0.2740740740740743,-1.2803681705754841,0.6140350877192982,0.39848148677214834,0.3522727272727274,-0.6059531977762476,0.8863636363636364,0.9838319852465911,0.4892086330935227,-0.2638085540797029,0.31128404669260695,-0.7356518832473463,0.6083333333333333,0.5249284868798451,0.8720000000000002,0.7561137599113048
2026-07-04,29.6,24.7,26.2,91,18.8,18.0,1009.9,15.8,226,24.5,0,0.2740740740740743,-1.2803681705754841,0.5964912280701754,0.2543593300264844,0.28409090909090906,-1.0464655239697591,0.9545454545454546,1.2717337860007614,0.6043165467625893,0.5543717728542169,0.44357976653696496,0.067129555507947,0.6277777777777778,0.6094512065502239,0.8640000000000001,0.7111135886891303
2026-07-05,31.1,24.9,27.4,84,1.0,6.0,1010.2,9.3,259,24.2,0,0.3851851851851854,-0.5864364363893856,0.6140350877192982,0.39848148677214834,0.42045454545454536,-0.16544087158273846,0.7954545454545454,0.5999629175743643,0.6258992805755439,0.7077805841543596,0.19066147859922178,-1.4675996656418784,0.7194444444444444,1.007915456424867,0.84,0.5761130750226082
2026-07-06,30.9,25.4,27.9,84,1.0,4.0,1009.6,10.3,217,24.8,0,0.37037037037037035,-0.6789606676142,0.6578947368421051,0.7587868786363096,0.4772727272727271,0.2016527335785204,0.7954545454545454,0.5999629175743643,0.5827338129496429,0.4009629615541324,0.22957198443579765,-1.2314874777726743,0.6027777777777777,0.500779138402594,0.8880000000000001,0.8461141023556523
2026-07-07,31.5,25.3,27.8,85,8.5,13.0,1009.6,11.5,241,24.7,0,0.4148148148148149,-0.40138797393976006,0.6491228070175439,0.6867258002634788,0.46590909090909105,0.12823401254627018,0.8181818181818182,0.695930184492421,0.5827338129496429,0.4009629615541324,0.2762645914396887,-0.9481528523296299,0.6694444444444444,0.7905713201296071,0.88,0.8011139311334778
2026-07-08,31.3,24.0,27.0,87,15.3,9.0,1009.1,18.1,219,24.6,0,0.40000000000000013,-0.49391220516457285,0.5350877192982456,-0.2500682185833407,0.37500000000000006,-0.4591157557117445,0.8636363636363636,0.8878647183285344,0.54676258992806,0.14528160938728607,0.5330739299610895,0.6101875876071161,0.6083333333333333,0.5249284868798451,0.8720000000000002,0.7561137599113048
2026-07-09,33.0,25.4,28.7,78,2.1,9.0,1008.3,17.7,242,24.2,0,0.525925925925926,0.2925437602463384,0.6578947368421051,0.7587868786363096,0.5681818181818181,0.7890025018365351,0.6590909090909091,0.02415931606602393,0.4892086330935227,-0.2638085540797029,0.5175097276264591,0.515742712459434,0.6722222222222223,0.8026459943682327,0.84,0.5761130750226082
2026-07-10,33.6,26.0,29.4,74,0.5,2.0,1007.7,16.6,250,24.1,0,0.5703703703703705,0.5701164539207784,0.7105263157894737,1.191153348873304,0.6477272727272726,1.3029335490622969,0.5681818181818182,-0.35970975160620294,0.4460431654676299,-0.5706261766798719,0.47470817120622566,0.2560193058033103,0.6944444444444444,0.899243388277237,0.8320000000000002,0.5311129038004352
2026-07-11,33.1,26.6,29.3,73,2.8,3.0,1005.8,22.3,249,23.8,0,0.5333333333333335,0.3388058758587456,0.7631578947368423,1.6235198191102984,0.6363636363636365,1.2295148280300467,0.5454545454545454,-0.4556770185242597,0.30935251798560875,-1.5422153149139344,0.696498054474708,1.6018587766577723,0.6916666666666667,0.8871687140386115,0.8080000000000002,0.39611239013391314
2026-07-12,30.6,26.2,27.8,81,6.0,10.0,1006.0,17.3,240,24.2,0,0.3481481481481484,-0.8177470144514184,0.7280701754385964,1.335275505618968,0.46590909090909105,0.12823401254627018,0.7272727272727273,0.3120611168201941,0.32374100719424515,-1.4399427740471726,0.5019455252918288,0.42129783731175285,0.6666666666666666,0.7784966458909816,0.84,0.5761130750226082
2026-07-13,31.5,25.1,27.1,84,12.7,6.0,1007.3,16.3,232,24.2,0,0.4148148148148149,-0.40138797393976006,0.6315789473684211,0.5426036435178149,0.3863636363636366,-0.3856970346794917,0.7954545454545454,0.5999629175743643,0.4172661870503571,-0.7751712584133955,0.4630350194552529,0.18518564944254895,0.6444444444444445,0.6818992519819772,0.84,0.5761130750226082
2026-07-14,32.1,25.0,28.0,80,2.8,8.0,1008.6,20.5,249,24.0,0,0.4592592592592595,-0.12381528026532002,0.6228070175438597,0.4705425651449816,0.4886363636363637,0.2750714546107732,0.7045454545454546,0.21609384990213737,0.5107913669064773,-0.11039974277956023,0.6264591439688716,1.1768568384932052,0.6916666666666667,0.8871687140386115,0.8240000000000001,0.48611273257826065
2026-07-15,31.7,25.0,27.3,87,23.1,14.0,1010.5,14.3,237,24.8,1,0.4296296296296297,-0.30886374271494726,0.6228070175438597,0.4705425651449816,0.4090909090909092,-0.23885959261498868,0.8636363636363636,0.8878647183285344,0.6474820143884903,0.8611893954544442,0.38521400778210113,-0.28703872629585886,0.6583333333333333,0.7422726231751049,0.8880000000000001,0.8461141023556523
2026-07-16,32.6,23.9,27.7,82,6.2,10.0,1010.9,14.5,272,24.0,0,0.4962962962962965,0.1074952977967128,0.5263157894736841,-0.322129296956174,0.45454545454545453,0.05481529151401737,0.75,0.4080283837382508,0.6762589928057549,1.0657344771879096,0.3929961089494163,-0.23981628872201824,0.7555555555555555,1.164886221526999,0.8240000000000001,0.48611273257826065
2026-07-17,32.8,25.0,28.3,80,2.0,9.0,1009.6,14.8,269,24.1,0,0.511111111111111,0.20001952902152395,0.6228070175438597,0.4705425651449816,0.5227272727272728,0.49532761770752903,0.7045454545454546,0.21609384990213737,0.5827338129496429,0.4009629615541324,0.40466926070038906,-0.16898263236125688,0.7472222222222222,1.1286621988111225,0.8320000000000002,0.5311129038004352
2026-07-18,32.8,25.7,28.2,82,5.8,13.0,1008.9,12.5,233,24.6,0,0.511111111111111,0.20001952902152395,0.6842105263157894,0.9749701137548068,0.5113636363636364,0.4219088966752762,0.75,0.4080283837382508,0.5323741007194237,0.04300906852052431,0.3151750972762645,-0.712040664460426,0.6472222222222223,0.6939739262206027,0.8720000000000002,0.7561137599113048
2026-07-19,33.0,25.1,28.6,81,1.0,7.0,1008.8,12.6,238,24.7,0,0.525925925925926,0.2925437602463384,0.6315789473684211,0.5426036435178149,0.556818181818182,0.7155837808042849,0.7272727272727273,0.3120611168201941,0.5251798561151055,-0.008127201912856584,0.3190661478599221,-0.6884294456735057,0.6611111111111111,0.7543472974137305,0.88,0.8011139311334778
2026-07-20,34.1,25.3,29.2,73,0.0,0.0,1008.8,12.2,238,23.4,0,0.6074074074074076,0.8014270319828112,0.6491228070175439,0.6867258002634788,0.625,1.156096106997794,0.5454545454545454,-0.4556770185242597,0.5251798561151055,-0.008127201912856584,0.30350194552529175,-0.7828743208211874,0.6611111111111111,0.7543472974137305,0.7759999999999999,0.21611170524521645
2026-07-21,34.2,24.8,29.1,72,0.0,0.0,1009.2,11.6,239,23.1,0,0.6148148148148151,0.8476891475952184,0.605263157894737,0.3264204083993177,0.6136363636363639,1.0826773859655436,0.5227272727272727,-0.5516442854423164,0.5539568345323783,0.19641787982066697,0.28015564202334625,-0.9245416335427096,0.6638888888888889,0.766421971652356,0.7520000000000002,0.08111119157869595
2026-07-22,33.5,25.0,29.2,72,0.4,4.0,1008.8,12.3,243,23.2,0,0.5629629629629631,0.5238543383083711,0.6228070175438597,0.4705425651449816,0.625,1.156096106997794,0.5227272727272727,-0.5516442854423164,0.5251798561151055,-0.008127201912856584,0.3073929961089494,-0.7592631020342666,0.675,0.8147206686068582,0.76,0.12611136280086893
2026-07-23,33.6,25.8,28.7,78,8.9,13.0,1007.3,16.4,257,24.1,0,0.5703703703703705,0.5701164539207784,0.6929824561403509,1.04703119212764,0.5681818181818181,0.7890025018365351,0.6590909090909091,0.02415931606602393,0.4172661870503571,-0.7751712584133955,0.4669260700389104,0.20879686822946883,0.7138888888888889,0.9837661079476159,0.8320000000000002,0.5311129038004352
2026-07-24,32.6,24.9,27.1,88,11.7,19.0,1006.2,12.0,250,24.8,0,0.4962962962962965,0.1074952977967128,0.6140350877192982,0.39848148677214834,0.3863636363636366,-0.3856970346794917,0.8863636363636364,0.9838319852465911,0.33812949640288154,-1.337670233180411,0.2957198443579766,-0.830096758395028,0.6944444444444444,0.899243388277237,0.8880000000000001,0.8461141023556523
2026-07-25,31.2,24.4,26.5,90,13.4,18.0,1006.1,16.1,244,24.7,0,0.39259259259259266,-0.54017432077698,0.5701754385964911,0.03817609490798718,0.31818181818181823,-0.8262093608730033,0.9318181818181818,1.1757665190827045,0.3309352517985633,-1.3888065036137918,0.45525291828793774,0.13796321186870833,0.6777777777777778,0.8267953428454837,0.88,0.8011139311334778
2026-07-26,29.7,24.7,26.4,90,14.6,19.0,1006.8,15.1,236,24.6,1,0.28148148148148155,-1.2341060549630785,0.5964912280701754,0.2543593300264844,0.3068181818181817,-0.8996280819052562,0.9318181818181818,1.1757665190827045,0.38129496402877433,-1.0308526105802418,0.4163424124513618,-0.09814897600049598,0.6555555555555556,0.7301979489364794,0.8720000000000002,0.7561137599113048
2026-07-27,32.5,24.6,28.0,78,0.7,5.0,1006.8,17.1,244,23.6,0,0.488888888888889,0.061233182184305575,0.5877192982456142,0.1822982516536537,0.4886363636363637,0.2750714546107732,0.6590909090909091,0.02415931606602393,0.38129496402877433,-1.0308526105802418,0.4941634241245136,0.3740753997379122,0.6777777777777778,0.8267953428454837,0.7920000000000001,0.30611204768956557
2026-07-28,29.6,24.5,26.4,89,19.1,20.0,1007.3,14.0,244,24.3,1,0.2740740740740743,-1.2803681705754841,0.5789473684210527,0.11023717328082044,0.3068181818181817,-0.8996280819052562,0.9090909090909091,1.0797992521646478,0.4172661870503571,-0.7751712584133955,0.37354085603112835,-0.3578723826566202,0.6777777777777778,0.8267953428454837,0.8480000000000001,0.6211132462447827
2026-07-29,31.5,24.2,26.9,86,30.6,19.0,1006.5,10.4,258,24.2,1,0.4148148148148149,-0.40138797393976006,0.5526315789473684,-0.10594606183767678,0.36363636363636354,-0.5325344767439973,0.8409090909090909,0.7918974514104776,0.35971223021582793,-1.1842614218803265,0.23346303501945523,-1.2078762589857541,0.7166666666666667,0.9958407821862414,0.84,0.5761130750226082
2026-07-30,31.2,24.1,27.3,83,6.5,12.0,1006.6,11.6,232,24.0,0,0.39259259259259266,-0.54017432077698,0.5438596491228072,-0.17800714021050748,0.4090909090909092,-0.23885959261498868,0.7727272727272727,0.5039956506563075,0.3669064748201461,-1.1331251514469454,0.28015564202334625,-0.9245416335427096,0.6444444444444445,0.6818992519819772,0.8240000000000001,0.48611273257826065
2026-07-31,30.0,24.7,26.7,89,8.6,10.0,1007.7,13.3,218,24.6,0,0.3037037037037038,-1.0953197081258585,0.5964912280701754,0.2543593300264844,0.3409090909090909,-0.6793719188085003,0.9090909090909091,1.0797992521646478,0.4460431654676299,-0.5706261766798719,0.3463035019455253,-0.5231509141650628,0.6055555555555555,0.5128538126412195,0.8720000000000002,0.7561137599113048
2026-08-01,32.0,24.7,27.7,84,4.8,12.0,1007.7,12.0,222,24.4,0,0.45185185185185195,-0.17007739587772722,0.5964912280701754,0.2543593300264844,0.45454545454545453,0.05481529151401737,0.7954545454545454,0.5999629175743643,0.4460431654676299,-0.5706261766798719,0.2957198443579766,-0.830096758395028,0.6166666666666667,0.5611525095957217,0.856,0.6661134174669557
2026-08-02,33.5,25.2,28.6,80,4.7,10.0,1007.9,11.9,229,24.3,0,0.5629629629629631,0.5238543383083711,0.6403508771929824,0.6146647218906456,0.556818181818182,0.7155837808042849,0.7045454545454546,0.21609384990213737,0.46043165467625813,-0.4683536358131683,0.29182879377431903,-0.8537079771819482,0.6361111111111111,0.6456752292661005,0.8480000000000001,0.6211132462447827
2026-08-03,33.8,25.4,29.1,78,2.0,10.0,1007.9,12.2,226,24.4,0,0.585185185185185,0.6626406851455896,0.6578947368421051,0.7587868786363096,0.6136363636363639,1.0826773859655436,0.6590909090909091,0.02415931606602393,0.46043165467625813,-0.4683536358131683,0.30350194552529175,-0.7828743208211874,0.6277777777777778,0.6094512065502239,0.856,0.6661134174669557
2026-08-04,33.2,26.1,28.8,80,2.2,4.0,1008.6,12.8,238,24.8,0,0.5407407407407411,0.38506799147115284,0.7192982456140352,1.2632144272461372,0.5795454545454547,0.8624212228687879,0.7045454545454546,0.21609384990213737,0.5107913669064773,-0.11039974277956023,0.32684824902723736,-0.6412070080996647,0.6611111111111111,0.7543472974137305,0.8880000000000001,0.8461141023556523
2026-08-05,31.3,24.4,27.5,86,7.2,13.0,1007.8,17.1,220,24.8,0,0.40000000000000013,-0.49391220516457285,0.5701754385964911,0.03817609490798718,0.4318181818181819,-0.09202215055048565,0.8409090909090909,0.7918974514104776,0.4532374100719399,-0.5194899062465492,0.4941634241245136,0.3740753997379122,0.6111111111111112,0.5370031611184707,0.8880000000000001,0.8461141023556523
2026-08-06,30.7,25.6,27.4,87,16.6,8.0,1007.4,18.3,232,25.0,1,0.3555555555555556,-0.7714848988390128,0.6754385964912282,0.9029090353819761,0.42045454545454536,-0.16544087158273846,0.8636363636363636,0.8878647183285344,0.42446043165467534,-0.7240349879800146,0.5408560311284046,0.6574100251809567,0.6444444444444445,0.6818992519819772,0.904,0.9361144448
2026-08-07,32.1,25.3,27.8,83,7.6,7.0,1007.7,18.1,228,24.4,0,0.4592592592592595,-0.12381528026532002,0.6491228070175439,0.6867258002634788,0.46590909090909105,0.12823401254627018,0.7727272727272727,0.5039956506563075,0.4460431654676299,-0.5706261766798719,0.5330739299610895,0.6101875876071161,0.6333333333333333,0.633600555027475,0.856,0.6661134174669557
2026-08-08,32.8,25.7,28.4,80,3.2,9.0,1008.2,18.8,241,24.4,0,0.511111111111111,0.20001952902152395,0.6842105263157894,0.9749701137548068,0.534090909090909,0.5687463387397792,0.7045454545454546,0.21609384990213737,0.4820143884892127,-0.31494482451302563,0.5603112840466925,0.7754661191155587,0.6694444444444444,0.7905713201296071,0.856,0.6661134174669557
2026-08-09,31.4,25.1,27.1,85,13.0,13.0,1007.8,17.9,254,24.3,0,0.4074074074074074,-0.44765008955216723,0.6315789473684211,0.5426036435178149,0.3863636363636366,-0.3856970346794917,0.8181818181818182,0.695930184492421,0.4532374100719399,-0.5194899062465492,0.5252918287937742,0.5629651500332746,0.7055555555555556,0.9475420852317392,0.8480000000000001,0.6211132462447827
2026-08-10,30.3,24.6,27.1,86,3.7,11.0,1006.8,13.7,259,24.4,0,0.32592592592592606,-0.9565333612886384,0.5877192982456142,0.1822982516536537,0.3863636363636366,-0.3856970346794917,0.8409090909090909,0.7918974514104776,0.38129496402877433,-1.0308526105802418,0.3618677042801556,-0.4287060390173815,0.7194444444444444,1.007915456424867,0.856,0.6661134174669557
2026-08-11,30.8,24.8,27.0,84,17.1,11.0,1007.0,17.1,259,24.1,1,0.3629629629629631,-0.7252227832266056,0.605263157894737,0.3264204083993177,0.37500000000000006,-0.4591157557117445,0.7954545454545454,0.5999629175743643,0.3956834532374107,-0.9285800697134801,0.4941634241245136,0.3740753997379122,0.7194444444444444,1.007915456424867,0.8320000000000002,0.5311129038004352
2026-08-12,32.7,26.0,29.0,76,5.8,7.0,1007.5,19.0,258,24.2,0,0.503703703703704,0.15375741340912003,0.7105263157894737,1.191153348873304,0.6022727272727273,1.0092586649332909,0.6136363636363636,-0.1677752177700895,0.4316546762589935,-0.6728987175466338,0.5680933852140077,0.8226885566893993,0.7166666666666667,0.9958407821862414,0.84,0.5761130750226082
2026-08-13,33.2,25.4,29.2,72,1.7,7.0,1007.0,19.4,252,23.4,0,0.5407407407407411,0.38506799147115284,0.6578947368421051,0.7587868786363096,0.625,1.156096106997794,0.5227272727272727,-0.5516442854423164,0.3956834532374107,-0.9285800697134801,0.583657587548638,0.9171334318370805,0.7,0.9233927367544881,0.7759999999999999,0.21611170524521645
2026-08-14,32.7,25.7,28.4,80,9.4,13.0,1007.4,20.8,244,24.4,0,0.503703703703704,0.15375741340912003,0.6842105263157894,0.9749701137548068,0.534090909090909,0.5687463387397792,0.7045454545454546,0.21609384990213737,0.42446043165467534,-0.7240349879800146,0.6381322957198442,1.2476904948539664,0.6777777777777778,0.8267953428454837,0.856,0.6661134174669557
2026-08-15,31.4,25.8,27.7,81,4.4,6.0,1009.1,21.0,242,24.0,0,0.4074074074074074,-0.44765008955216723,0.6929824561403509,1.04703119212764,0.45454545454545453,0.05481529151401737,0.7272727272727273,0.3120611168201941,0.54676258992806,0.14528160938728607,0.6459143968871596,1.294912932427807,0.6722222222222223,0.8026459943682327,0.8240000000000001,0.48611273257826065
2026-08-16,31.9,25.5,27.7,82,6.7,8.0,1009.4,18.4,244,24.3,0,0.4444444444444444,-0.21633951149013445,0.6666666666666666,0.8308479570091428,0.45454545454545453,0.05481529151401737,0.75,0.4080283837382508,0.5683453237410064,0.2986904206873706,0.5447470817120621,0.6810212439678767,0.6777777777777778,0.8267953428454837,0.8480000000000001,0.6211132462447827
2026-08-17,32.1,25.8,28.0,83,5.7,12.0,1009.5,15.7,251,24.7,0,0.4592592592592595,-0.12381528026532002,0.6929824561403509,1.04703119212764,0.4886363636363637,0.2750714546107732,0.7727272727272727,0.5039956506563075,0.5755395683453247,0.3498266911207515,0.43968871595330733,0.04351833672102628,0.6972222222222222,0.9113180625158626,0.88,0.8011139311334778
2026-08-18,30.5,25.1,27.2,87,20.9,15.0,1008.4,20.5,244,24.7,1,0.34074074074074084,-0.8640091300638256,0.6315789473684211,0.5426036435178149,0.3977272727272727,-0.3122783136472415,0.8636363636363636,0.8878647183285344,0.4964028776978409,-0.212672283646322,0.6264591439688716,1.1768568384932052,0.6777777777777778,0.8267953428454837,0.88,0.8011139311334778
2026-08-19,29.4,25.0,27.0,85,10.3,8.0,1007.3,21.7,237,24.3,0,0.25925925925925924,-1.3728924018002986,0.6228070175438597,0.4705425651449816,0.37500000000000006,-0.4591157557117445,0.8181818181818182,0.695930184492421,0.4172661870503571,-0.7751712584133955,0.6731517509727625,1.4601914639362497,0.6583333333333333,0.7422726231751049,0.8480000000000001,0.6211132462447827
2026-08-20,32.0,25.9,28.5,74,1.2,6.0,1008.4,22.9,233,23.2,0,0.45185185185185195,-0.17007739587772722,0.7017543859649121,1.1190922705004707,0.5454545454545455,0.6421650597720321,0.5681818181818182,-0.35970975160620294,0.4964028776978409,-0.212672283646322,0.7198443579766536,1.743526089379294,0.6472222222222223,0.6939739262206027,0.76,0.12611136280086893
2026-08-21,32.4,25.2,28.6,75,0.7,2.0,1009.2,17.3,238,23.6,0,0.48148148148148145,0.014971066571898358,0.6403508771929824,0.6146647218906456,0.556818181818182,0.7155837808042849,0.5909090909090909,-0.2637424846881462,0.5539568345323783,0.19641787982066697,0.5019455252918288,0.42129783731175285,0.6611111111111111,0.7543472974137305,0.7920000000000001,0.30611204768956557
2026-08-22,33.1,24.7,28.8,73,0.4,4.0,1009.4,17.1,247,23.2,0,0.5333333333333335,0.3388058758587456,0.5964912280701754,0.2543593300264844,0.5795454545454547,0.8624212228687879,0.5454545454545454,-0.4556770185242597,0.5683453237410064,0.2986904206873706,0.4941634241245136,0.3740753997379122,0.6861111111111111,0.8630193655613604,0.76,0.12611136280086893
2026-08-23,31.1,25.4,27.7,83,8.5,8.0,1009.2,21.4,244,24.6,0,0.3851851851851854,-0.5864364363893856,0.6578947368421051,0.7587868786363096,0.45454545454545453,0.05481529151401737,0.7727272727272727,0.5039956506563075,0.5539568345323783,0.19641787982066697,0.6614785992217899,1.3893578075754882,0.6777777777777778,0.8267953428454837,0.8720000000000002,0.7561137599113048
2026-08-24,33.3,26.1,28.6,78,4.6,7.0,1008.1,22.7,252,24.2,0,0.548148148148148,0.43133010708355674,0.7192982456140352,1.2632144272461372,0.556818181818182,0.7155837808042849,0.6590909090909091,0.02415931606602393,0.4748201438848945,-0.36608109494640656,0.7120622568093383,1.6963036518054535,0.7,0.9233927367544881,0.84,0.5761130750226082
2026-08-25,33.2,25.9,28.9,72,1.1,6.0,1008.1,21.8,248,23.0,0,0.5407407407407411,0.38506799147115284,0.7017543859649121,1.1190922705004707,0.5909090909090908,0.9358399439010381,0.5227272727272727,-0.5516442854423164,0.4748201438848945,-0.36608109494640656,0.67704280155642,1.4838026827231703,0.6888888888888889,0.8750940397999859,0.7440000000000001,0.03611102035652139
2026-08-26,33.2,25.9,28.4,76,7.2,9.0,1008.2,19.8,246,23.7,0,0.5407407407407411,0.38506799147115284,0.7017543859649121,1.1190922705004707,0.534090909090909,0.5687463387397792,0.6136363636363636,-0.1677752177700895,0.4820143884892127,-0.31494482451302563,0.5992217898832685,1.0115783069847626,0.6833333333333333,0.8509446913227349,0.8,0.35111221891173855
2026-08-27,32.5,24.9,28.5,77,5.5,11.0,1008.9,22.4,242,23.8,0,0.488888888888889,0.061233182184305575,0.6140350877192982,0.39848148677214834,0.5454545454545455,0.6421650597720321,0.6363636363636364,-0.07180795085203279,0.5323741007194237,0.04300906852052431,0.7003891050583657,1.6254699954446923,0.6722222222222223,0.8026459943682327,0.8080000000000002,0.39611239013391314
2026-08-28,31.1,25.5,27.3,82,7.5,10.0,1009.5,17.0,235,23.8,0,0.3851851851851854,-0.5864364363893856,0.6666666666666666,0.8308479570091428,0.4090909090909092,-0.23885959261498868,0.75,0.4080283837382508,0.5755395683453247,0.3498266911207515,0.49027237354085595,0.3504641809509915,0.6527777777777778,0.7181232746978539,0.8080000000000002,0.39611239013391314
2026-08-29,31.9,25.3,27.2,85,19.6,11.0,1009.5,18.0,229,24.3,0,0.4444444444444444,-0.21633951149013445,0.6491228070175439,0.6867258002634788,0.3977272727272727,-0.3122783136472415,0.8181818181818182,0.695930184492421,0.5755395683453247,0.3498266911207515,0.5291828793774318,0.5865763688201954,0.6361111111111111,0.6456752292661005,0.8480000000000001,0.6211132462447827
2026-08-30,31.7,24.4,27.1,86,13.6,16.0,1009.3,16.0,236,24.4,0,0.4296296296296297,-0.30886374271494726,0.5701754385964911,0.03817609490798718,0.3863636363636366,-0.3856970346794917,0.8409090909090909,0.7918974514104776,0.5611510791366883,0.24755415025398972,0.4513618677042801,0.11435199308178762,0.6555555555555556,0.7301979489364794,0.856,0.6661134174669557
2026-08-31,31.4,25.7,27.7,82,3.0,4.0,1008.9,15.2,235,24.3,0,0.4074074074074074,-0.44765008955216723,0.6842105263157894,0.9749701137548068,0.45454545454545453,0.05481529151401737,0.75,0.4080283837382508,0.5323741007194237,0.04300906852052431,0.42023346303501935,-0.07453775721357567,0.6527777777777778,0.7181232746978539,0.8480000000000001,0.6211132462447827
